/* Generated by tools/doom/build_lite_ui.py. Do not edit.
 * Freedoom WAD SHA-256: 88403318cb328e42135bbe81607234f5cb781d6d95fb17a3399fd3084ec6943e
 * Attribution: doom_port/data/COPYING.txt and CREDITS.txt.
 * Low nibble first; 0 transparent, 1..15 black through white.
 */
#pragma once
#include <stdint.h>

#define E1M1_UI_PIXEL_BYTES 17062u
#define E1M1_UI_BYTES E1M1_UI_PIXEL_BYTES
#define E1M1_UI_PATCH_COUNT 39u
#define E1M1_UI_PIXEL_BUDGET 24576u
#define E1M1_UI_VIEW_H 101u
typedef struct {
    uint16_t width, height;
    int16_t x, y;
    const uint8_t *pixels;
} E1M1UiPatch;

static const uint8_t e1m1_ui_gray[16] = {
    0, 0, 18, 36, 55, 73, 91, 109, 128, 146, 164, 182, 200, 219, 237, 255,
};

static const uint8_t e1m1_ui_flash_gray[16] = {
    0, 24, 42, 60, 79, 97, 115, 133, 152, 170, 188, 206, 224, 243, 255, 255,
};

static const uint8_t ui_pixels_stbar[3328] = {
    0xaa, 0xaa, 0xaa, 0xaa, 0xaa, 0xaa, 0xaa, 0xaa, 0xaa, 0xaa, 0xaa, 0xaa, 0xaa, 0xaa, 0xaa, 0xaa,
    0xab, 0x99, 0x9a, 0x99, 0xaa, 0xaa, 0xaa, 0xaa, 0xaa, 0xaa, 0xaa, 0xaa, 0xaa, 0xaa, 0xaa, 0xaa,
    0xaa, 0xaa, 0xaa, 0xaa, 0xaa, 0xbb, 0xbb, 0xbb, 0xab, 0x99, 0x9a, 0x99, 0xaa, 0xaa, 0xaa, 0xaa,
    0xaa, 0xaa, 0xaa, 0xaa, 0xbb, 0xbb, 0xbb, 0x9a, 0xda, 0xdd, 0xbb, 0xbb, 0xbb, 0xbb, 0xbb, 0xbb,
    0xbb, 0xbb, 0xbb, 0xcc, 0xbb, 0xbb, 0xdc, 0xbc, 0x98, 0x99, 0x99, 0x9a, 0x9a, 0xaa, 0xaa, 0xaa,
    0xaa, 0xaa, 0xaa, 0xaa, 0xaa, 0xaa, 0xaa, 0xaa, 0xaa, 0xaa, 0xaa, 0xaa, 0xba, 0x9a, 0x99, 0xaa,
    0xab, 0xaa, 0xaa, 0xab, 0x79, 0x98, 0x99, 0x78, 0xac, 0x87, 0x99, 0xaa, 0xaa, 0xaa, 0xbb, 0xbb,
    0xbb, 0xbb, 0xbb, 0xbb, 0xbb, 0xbb, 0xbb, 0xbb, 0xbb, 0xba, 0xaa, 0xaa, 0xa9, 0x9a, 0x99, 0x99,
    0xca, 0xdd, 0xdd, 0xcd, 0xdd, 0xdd, 0xdd, 0xcd, 0xcd, 0xdd, 0xcc, 0xcc, 0xdd, 0xdd, 0xdd, 0xdd,
    0xdd, 0xcd, 0x99, 0xdb, 0xcc, 0xcc, 0xcc, 0xcc, 0xdc, 0xdc, 0xcd, 0xdd, 0xcc, 0xdc, 0xdd, 0xdd,
    0xdd, 0xdd, 0xdd, 0xdd, 0xdd, 0xcc, 0xdd, 0xdd, 0xdd, 0xcd, 0x99, 0xdb, 0xdd, 0xdd, 0xdc, 0xcd,
    0xcc, 0xcc, 0xdc, 0xdd, 0xdd, 0xdd, 0xdd, 0xdd, 0xc9, 0xbd, 0x76, 0x87, 0x98, 0x89, 0x99, 0x99,
    0x99, 0x99, 0x99, 0x99, 0x89, 0x77, 0xc7, 0x9b, 0xdd, 0xdd, 0xdd, 0xdd, 0xdd, 0xdd, 0xcd, 0xcc,
    0xdd, 0xdd, 0xdc, 0xdc, 0xdc, 0xdd, 0xcc, 0xcd, 0xcc, 0xdc, 0xdd, 0xdd, 0xdd, 0xdd, 0x97, 0x99,
    0x88, 0x88, 0x89, 0x99, 0xa9, 0xcc, 0xcc, 0xbc, 0x8b, 0xcb, 0xcc, 0xcc, 0xcc, 0xcc, 0xcc, 0xcc,
    0xcc, 0xcc, 0xcc, 0xcc, 0xcc, 0xcc, 0xcc, 0xcc, 0xcc, 0xcc, 0xcc, 0xcc, 0xbb, 0xbb, 0xbb, 0xbb,
    0xda, 0xcd, 0xcc, 0xcc, 0xcc, 0xcc, 0xcc, 0xcc, 0xcc, 0xcc, 0xcc, 0xcc, 0xcc, 0xcc, 0xcc, 0xcc,
    0xcc, 0xdd, 0xba, 0xcd, 0xcc, 0xcc, 0xcc, 0xcc, 0xcc, 0xcc, 0xcc, 0xcc, 0xcc, 0xcc, 0xcc, 0xcc,
    0xcc, 0xcc, 0xcc, 0xcc, 0xcc, 0xcc, 0xcc, 0xcc, 0xcc, 0xdd, 0xba, 0xdd, 0xcc, 0xcc, 0xcc, 0xcc,
    0xcc, 0xcc, 0xcc, 0xcc, 0xcc, 0xcc, 0xcc, 0xdc, 0xac, 0xac, 0xcb, 0xdd, 0xdd, 0xcd, 0xdd, 0xdd,
    0xdd, 0xdd, 0xcc, 0xdc, 0xdd, 0xdd, 0xc6, 0xc8, 0xcc, 0xcb, 0xcc, 0xcc, 0xbb, 0xbb, 0xcc, 0xbc,
    0xbb, 0xcc, 0xcc, 0xcc, 0xcb, 0xcc, 0xcb, 0xbc, 0xcc, 0xcc, 0xbb, 0xcc, 0xcc, 0xcc, 0xbc, 0xdd,
    0xdd, 0xdd, 0xdd, 0xcd, 0xcc, 0xbc, 0xbb, 0xab, 0xb9, 0xcc, 0xcc, 0xcc, 0xcc, 0xcc, 0xbb, 0xba,
    0xaa, 0xaa, 0xab, 0xaa, 0xaa, 0xaa, 0xaa, 0xaa, 0xaa, 0xaa, 0xbb, 0xbb, 0xbb, 0xbb, 0xcc, 0xcc,
    0xda, 0xcc, 0xcb, 0xbb, 0xbb, 0xcb, 0xbb, 0xbc, 0xbb, 0xcb, 0xbc, 0xbb, 0xbb, 0xbb, 0xcc, 0xcc,
    0xbc, 0xdc, 0xda, 0xcc, 0xbb, 0xbb, 0xbb, 0xbb, 0xcb, 0xcc, 0xbc, 0xbb, 0xbc, 0xbb, 0xcb, 0xcc,
    0xcc, 0xcc, 0xbb, 0xcc, 0xbb, 0xbb, 0xcc, 0xbc, 0xbc, 0xdc, 0xda, 0xcc, 0xcc, 0xbc, 0xbb, 0xbb,
    0xbb, 0xbb, 0xcc, 0xcb, 0xbc, 0xbb, 0xbb, 0xcb, 0xad, 0x9c, 0xdc, 0xcc, 0xcc, 0xcc, 0xcc, 0xcc,
    0xcc, 0xcc, 0xcc, 0xcb, 0xcc, 0xcc, 0xc7, 0xd9, 0xcc, 0xcc, 0xcb, 0xcc, 0xbb, 0xcb, 0xbb, 0xbb,
    0xcc, 0xcc, 0xbc, 0xcc, 0xbb, 0xcc, 0xbc, 0xbb, 0xcb, 0xbc, 0xbb, 0xbb, 0xcc, 0xcc, 0xad, 0xdd,
    0xcc, 0xcc, 0xcc, 0xbd, 0xbc, 0xcb, 0xdd, 0xdd, 0xca, 0xcc, 0xcc, 0xcc, 0xcc, 0xbc, 0xdd, 0xdd,
    0xdd, 0xdc, 0xdd, 0xdd, 0xdd, 0xdd, 0xdd, 0xdd, 0xdd, 0xdd, 0xdd, 0xdd, 0xdd, 0xcd, 0xbc, 0xcc,
    0xca, 0xbc, 0xcc, 0xbb, 0xbb, 0xcb, 0xcc, 0xcc, 0xbc, 0xbb, 0xbc, 0xbb, 0xbb, 0xbb, 0xbb, 0xcb,
    0xcc, 0xcc, 0xca, 0xbc, 0xbc, 0xbb, 0xbb, 0xbb, 0xcb, 0xcc, 0xbb, 0xcc, 0xbc, 0xbb, 0xcb, 0xcc,
    0xcc, 0xcc, 0xcc, 0xcc, 0xbb, 0xcb, 0xcc, 0xcc, 0xcc, 0xcc, 0xda, 0xcc, 0xcc, 0xbb, 0xbb, 0xcc,
    0xcb, 0xbb, 0xbb, 0xbb, 0xbc, 0xbb, 0xbb, 0xbb, 0xad, 0xac, 0xdd, 0xbc, 0xcb, 0xcc, 0xcc, 0xcc,
    0xbb, 0xbb, 0xbb, 0xcb, 0xcc, 0xcb, 0xc8, 0xd9, 0xcc, 0xcc, 0xbb, 0xcc, 0xbb, 0xcb, 0xbc, 0xbb,
    0xcb, 0xcc, 0xcc, 0xcc, 0xbb, 0xbb, 0xbb, 0xbb, 0xcc, 0xbb, 0xbb, 0xbb, 0xcc, 0xcc, 0x9d, 0xcd,
    0xbb, 0xbb, 0xcb, 0xbc, 0xbb, 0xdc, 0xdd, 0xcd, 0xca, 0xbb, 0xbb, 0xbb, 0xbb, 0xac, 0xcc, 0xcc,
    0xcc, 0xcc, 0xcc, 0xcc, 0xcc, 0xcc, 0xcc, 0xcc, 0xcc, 0xcc, 0xcc, 0xcc, 0xcc, 0xcc, 0xad, 0xbc,
    0xc9, 0xbc, 0xbb, 0xbb, 0xbc, 0xbc, 0xbb, 0xbc, 0xbb, 0xbb, 0xbb, 0xbb, 0xbb, 0xcc, 0xbb, 0xbb,
    0xcb, 0xcc, 0xc9, 0xcc, 0xbb, 0xbb, 0xbb, 0xbb, 0xbb, 0xbc, 0xbb, 0xcb, 0xcc, 0xcb, 0xcb, 0xbb,
    0xcc, 0xcc, 0xbb, 0xcc, 0xcc, 0xcc, 0xcc, 0xcb, 0xbb, 0xcb, 0xc9, 0xcc, 0xcc, 0xbb, 0xbb, 0xbb,
    0xcb, 0xbb, 0xbb, 0xcc, 0xcc, 0xbc, 0xbb, 0xbb, 0x9c, 0xac, 0xcd, 0xcc, 0xcb, 0xcc, 0xbb, 0xbb,
    0xcc, 0xbc, 0xbb, 0xbc, 0xbc, 0xcb, 0xc8, 0xd9, 0xbc, 0xbb, 0xbb, 0xcc, 0xbc, 0xcc, 0xbc, 0xbb,
    0xbb, 0xcb, 0xcb, 0xcb, 0xcc, 0xcc, 0xbb, 0xbb, 0xcc, 0xbb, 0xbc, 0xcc, 0xcc, 0xcb, 0x8d, 0xcc,
    0xbb, 0xbc, 0xcb, 0xac, 0xca, 0xcd, 0xbb, 0x9a, 0xb9, 0xbb, 0xa6, 0x77, 0xbb, 0xab, 0xcc, 0xcc,
    0xcc, 0xbb, 0xbc, 0xbb, 0xbb, 0xbb, 0xd6, 0xcb, 0xcb, 0xcc, 0xbb, 0xbb, 0xbb, 0xbb, 0xac, 0xbb,
    0xc9, 0xbc, 0xbc, 0xbb, 0xbb, 0xcc, 0xcb, 0xcc, 0xbc, 0xbb, 0xbb, 0xbb, 0xcb, 0xcc, 0xcc, 0xcc,
    0xbb, 0xcb, 0xc9, 0xcc, 0xbb, 0xbb, 0xbb, 0xbc, 0xcb, 0xbb, 0xcb, 0xbb, 0xcc, 0xbb, 0xbb, 0xcb,
    0xbb, 0xbb, 0xcb, 0xcc, 0xcb, 0xcb, 0xcc, 0xcb, 0xbb, 0xbb, 0xc9, 0xbb, 0xcb, 0xbb, 0xbb, 0xcb,
    0xcb, 0xbb, 0xcb, 0xcc, 0xcb, 0xbb, 0xbb, 0xbb, 0x9c, 0xac, 0xcd, 0xcb, 0xcc, 0xbc, 0xcb, 0xcb,
    0xcc, 0xbc, 0xbb, 0xcb, 0xbb, 0xbb, 0xc8, 0xd9, 0xbc, 0xcc, 0xbb, 0xcb, 0xbb, 0xbb, 0xcc, 0xcc,
    0xcb, 0xcb, 0xcc, 0xbb, 0xcb, 0xcc, 0xcc, 0xcc, 0xcb, 0xcb, 0xbb, 0xcb, 0xcc, 0xcc, 0x7d, 0xbc,
    0xbb, 0xcb, 0xcb, 0xac, 0xca, 0xbc, 0x9c, 0xcb, 0xb9, 0xba, 0xb9, 0xaa, 0xab, 0x9b, 0xcc, 0xcc,
    0xcb, 0xbc, 0xcb, 0xbc, 0xbb, 0xbb, 0xbd, 0xcc, 0xcc, 0xcc, 0xbb, 0xbb, 0xcb, 0xbb, 0x9c, 0xbb,
    0xc8, 0xbc, 0xcc, 0xbb, 0xbb, 0xcb, 0xbc, 0xcb, 0xcc, 0xcc, 0xbb, 0xbb, 0xcc, 0xcc, 0xbc, 0xcc,
    0xcc, 0xcc, 0xd8, 0xcc, 0xbb, 0xbb, 0xbb, 0xbb, 0xbb, 0xbb, 0xbb, 0xbb, 0xcc, 0xbc, 0xbb, 0xbb,
    0xbb, 0xcb, 0xcb, 0xcc, 0xcc, 0xbb, 0xcc, 0xcc, 0xbb, 0xcc, 0xc8, 0xbb, 0xbc, 0xbc, 0xbb, 0xcb,
    0xcb, 0xbb, 0xbb, 0xbb, 0xcb, 0xbb, 0xbb, 0xbb, 0x8c, 0x9c, 0xcd, 0xcc, 0xbc, 0xbb, 0xcc, 0xcb,
    0xcc, 0xcc, 0xbb, 0xbb, 0xcc, 0xcc, 0xc7, 0xd9, 0xbc, 0xcb, 0xbb, 0xbc, 0xbc, 0xcb, 0xcc, 0xcc,
    0xbb, 0xbb, 0xcc, 0xcc, 0xbb, 0xcc, 0xcc, 0xcc, 0xcc, 0xbb, 0xbb, 0xcb, 0xcc, 0xcc, 0x7d, 0xbc,
    0xbb, 0xcb, 0xcb, 0x9c, 0xc9, 0xbc, 0xaa, 0xbb, 0xb9, 0xaa, 0xcb, 0xcc, 0xab, 0x9b, 0xcc, 0xcb,
    0xcc, 0xcb, 0xbb, 0xbc, 0xbb, 0x6b, 0xcc, 0xcc, 0xbb, 0xcb, 0xbb, 0xbb, 0xbc, 0xbb, 0x9c, 0xbb,
    0xc8, 0xbc, 0xcb, 0xbc, 0xcc, 0xbc, 0xcc, 0xbc, 0xbb, 0xcc, 0xcc, 0xcb, 0xcb, 0xcc, 0xbb, 0xbb,
    0xcc, 0xcc, 0xd8, 0xbc, 0xbb, 0xbb, 0xbb, 0xbc, 0xbb, 0xbb, 0xbc, 0xbb, 0xcb, 0xbb, 0xbc, 0xbb,
    0xbb, 0xcb, 0xbc, 0xcc, 0xbc, 0xbb, 0xcc, 0xcc, 0xbb, 0xcb, 0xc8, 0xbb, 0xcc, 0xcc, 0xbb, 0xbc,
    0xcc, 0xbb, 0xcb, 0xcb, 0xbb, 0xbb, 0xcb, 0xbb, 0x8c, 0x9c, 0xcd, 0xcc, 0xcc, 0xcc, 0xcc, 0xcc,
    0xcc, 0xcc, 0xbc, 0xcc, 0xcc, 0xcc, 0xc7, 0xd9, 0xcc, 0xbb, 0xbb, 0xcb, 0xbb, 0xbb, 0xcc, 0xbb,
    0xbb, 0xbb, 0xbc, 0xcc, 0xbb, 0xcc, 0xcc, 0xbc, 0xcc, 0xcc, 0xbb, 0xbb, 0xcb, 0xbb, 0x7d, 0xcc,
    0xcc, 0xcc, 0xcc, 0x8c, 0xc9, 0x8a, 0xca, 0xab, 0xa9, 0xaa, 0xaa, 0xba, 0xaa, 0x9b, 0xbc, 0xcb,
    0xbc, 0xcc, 0xcb, 0xcc, 0xbb, 0xd6, 0xcc, 0xbc, 0xbb, 0xbc, 0xbb, 0xbb, 0xcc, 0xbb, 0x8c, 0xaa,
    0xc7, 0xbb, 0xcc, 0xbc, 0xbb, 0xbc, 0xcc, 0xcb, 0xbb, 0xcb, 0xcb, 0xcc, 0xcc, 0xcc, 0xbb, 0xbb,
    0xcb, 0xbb, 0xc7, 0xbc, 0xbb, 0xbb, 0xcc, 0xbc, 0xcb, 0xcc, 0xbc, 0xcb, 0xcb, 0xbc, 0xbb, 0xbc,
    0xbb, 0xbb, 0xcc, 0xcc, 0xbb, 0xbb, 0xcc, 0xcc, 0xbb, 0xcb, 0xc7, 0xbb, 0xbb, 0xbb, 0xbb, 0xbb,
    0xcc, 0xcc, 0xbc, 0xcb, 0xbb, 0xbb, 0xcc, 0xbb, 0x7c, 0x9b, 0xcd, 0xcc, 0xcc, 0xcc, 0xbb, 0xbb,
    0xcc, 0xcc, 0xcc, 0xcc, 0xbc, 0xcb, 0xb6, 0xd8, 0xcb, 0xbc, 0xcc, 0xcc, 0xbb, 0xbb, 0xcb, 0xbb,
    0xbc, 0xbb, 0xbb, 0xbb, 0xcb, 0xcc, 0xbb, 0xbb, 0xcc, 0xcc, 0xbb, 0xbb, 0xbb, 0xbb, 0x6d, 0x79,
    0x87, 0x88, 0x99, 0x9a, 0xc8, 0xab, 0xaa, 0xba, 0xa8, 0xa9, 0x89, 0x88, 0xab, 0x7a, 0xbc, 0xbb,
    0xcc, 0xbc, 0xcc, 0xcc, 0xbc, 0xbb, 0x6c, 0xbd, 0xbb, 0xcb, 0xbb, 0xbb, 0xbc, 0xbc, 0x7c, 0xaa,
    0xc7, 0xbb, 0xcc, 0xbc, 0xbb, 0xbb, 0xbb, 0xcb, 0xbb, 0xcc, 0xcc, 0xbb, 0xcb, 0xcc, 0xbc, 0xcb,
    0xbb, 0xbb, 0xc6, 0xbc, 0xbb, 0xbb, 0xcc, 0xbc, 0xbb, 0xbb, 0xbb, 0xcb, 0xcb, 0xbc, 0xbb, 0xbb,
    0xcb, 0xcc, 0xcc, 0xbc, 0xbb, 0xcb, 0xcc, 0xcc, 0xbb, 0xcb, 0xc6, 0xbb, 0xbb, 0xbb, 0xbb, 0xbc,
    0xcc, 0xcc, 0xbb, 0xcb, 0xbc, 0xbb, 0xcb, 0xbb, 0x7c, 0x8b, 0xcc, 0xbb, 0xcb, 0xcc, 0xbb, 0xbb,
    0xcc, 0xcc, 0xbc, 0xcb, 0xcc, 0xcc, 0xb6, 0xd7, 0xcb, 0xbb, 0xcc, 0xcc, 0xbb, 0xbb, 0xcb, 0xbb,
    0xcb, 0xbb, 0xbb, 0xcb, 0xcc, 0xcc, 0xcb, 0xbb, 0xcc, 0xcc, 0xbb, 0xbb, 0xbb, 0xbb, 0x6d, 0xdd,
    0xdd, 0xdd, 0xdd, 0x9d, 0xc8, 0xab, 0x6a, 0x75, 0xa8, 0xa9, 0x9b, 0xaa, 0xab, 0x7a, 0xbc, 0xbb,
    0xcc, 0xcc, 0xcc, 0xcc, 0xcc, 0xbb, 0xd6, 0xbb, 0xbb, 0xcb, 0xbb, 0xbb, 0xbc, 0xcb, 0x7c, 0xaa,
    0xc6, 0xbb, 0xcb, 0xbc, 0xcb, 0xbb, 0xbb, 0xbb, 0xcb, 0xcc, 0xcc, 0xbb, 0xcb, 0xcc, 0xbb, 0xbb,
    0xbb, 0xbb, 0xc6, 0xcc, 0xbb, 0xbb, 0xbc, 0xbc, 0xbb, 0xbb, 0xbc, 0xbb, 0xbb, 0xbc, 0xbb, 0xbb,
    0xbb, 0xcb, 0xcc, 0xbb, 0xcb, 0xcc, 0xcc, 0xbb, 0xbb, 0xcb, 0xc6, 0xbb, 0xbb, 0xbb, 0xcb, 0xcb,
    0xbb, 0xbb, 0xbc, 0xbb, 0xcc, 0xbb, 0xcb, 0xcb, 0x6c, 0x8b, 0xcd, 0xbc, 0xcc, 0xbc, 0xbc, 0xcb,
    0xcc, 0xcc, 0xcc, 0xcb, 0xcc, 0xcb, 0xb6, 0xd7, 0xcc, 0xbb, 0xcb, 0xbc, 0xbb, 0xbb, 0xcb, 0xbc,
    0xbb, 0xbc, 0xbb, 0xbb, 0xcc, 0xcc, 0xbb, 0xbb, 0xcc, 0xcc, 0xbb, 0xcb, 0xbb, 0xbb, 0x5d, 0xcd,
    0xcc, 0xcc, 0xcc, 0x7d, 0xb7, 0x79, 0x68, 0x89, 0x97, 0xa9, 0xbb, 0xbb, 0x9a, 0x6a, 0xbb, 0xbb,
    0xbb, 0xcc, 0xbc, 0xbb, 0xcc, 0xbc, 0xbd, 0xbb, 0xbb, 0xbb, 0xbb, 0xbb, 0xbb, 0xbb, 0x7c, 0xaa,
    0xc6, 0xbc, 0xbb, 0xbc, 0xbb, 0xbc, 0xbb, 0xcc, 0xcc, 0xcc, 0xbc, 0xbb, 0xcc, 0xcc, 0xbb, 0xbb,
    0xbc, 0xbb, 0xc6, 0xbb, 0xbb, 0xbb, 0xcb, 0xbc, 0xbb, 0xbb, 0xbb, 0xbb, 0xbb, 0xbc, 0xbb, 0xbb,
    0xcc, 0xcb, 0xcc, 0xcc, 0xcc, 0xbb, 0xbb, 0xbc, 0xbb, 0xbb, 0xc6, 0xbb, 0xbc, 0xbb, 0xcc, 0xbc,
    0xbb, 0xbb, 0xcb, 0xbb, 0xbb, 0xbb, 0xcb, 0xbc, 0x6c, 0x7b, 0xcd, 0xbc, 0xbb, 0xbb, 0xbb, 0xcb,
    0xcc, 0xcc, 0xcb, 0xbc, 0xbc, 0xcc, 0xa6, 0xd6, 0xbb, 0xbb, 0xcb, 0xcc, 0xbb, 0xcb, 0xbb, 0xbc,
    0xbb, 0xbb, 0xbb, 0xcc, 0xcc, 0xbc, 0xbb, 0xcb, 0xcc, 0xbc, 0xbb, 0xbb, 0xbb, 0xbb, 0x5d, 0xcd,
    0xcb, 0xbc, 0xcc, 0x7d, 0xc7, 0xbb, 0x8b, 0x88, 0x97, 0x99, 0xaa, 0xaa, 0x99, 0x6a, 0xbb, 0xbb,
    0xcb, 0xcc, 0xcc, 0xbb, 0xbb, 0x6c, 0xcc, 0xbc, 0xbb, 0xbb, 0xbb, 0xbb, 0xbb, 0xbb, 0x7c, 0x9a,
    0xc6, 0xbc, 0xbb, 0xcc, 0xbb, 0xbb, 0xbb, 0xcc, 0xbc, 0xcc, 0xbb, 0xbb, 0xcc, 0xcc, 0xbb, 0xbb,
    0xbb, 0xbb, 0xc6, 0xbb, 0xbb, 0xbb, 0xcc, 0xcc, 0xcc, 0xbb, 0xbb, 0xbb, 0xbb, 0xbc, 0xcb, 0xbb,
    0xbc, 0xcb, 0xcc, 0xbb, 0xcb, 0xcc, 0xcc, 0xcc, 0xbb, 0xcb, 0xc6, 0xbb, 0xcb, 0xbc, 0xbb, 0xbc,
    0xbb, 0xbb, 0xbc, 0xbb, 0xbb, 0xbb, 0xcb, 0xbc, 0x6c, 0x7b, 0xcc, 0xbb, 0xbb, 0xcb, 0xbb, 0xbb,
    0xcc, 0xcc, 0xbb, 0xcb, 0xcc, 0xcc, 0xa6, 0xc6, 0xcb, 0xbb, 0xcb, 0xbb, 0xbb, 0xbb, 0xbb, 0xbc,
    0xbb, 0xbb, 0xcc, 0xcc, 0xcc, 0xcc, 0xcc, 0xbb, 0xbb, 0xbc, 0xbb, 0xbb, 0xbb, 0xbb, 0x4d, 0xcc,
    0xcc, 0xbc, 0xbb, 0x6c, 0xb6, 0x48, 0x9a, 0x99, 0x97, 0x99, 0xbb, 0xbd, 0x9a, 0x6a, 0xbc, 0xbb,
    0xbc, 0xcb, 0xcc, 0xcc, 0xbb, 0xbb, 0xcc, 0xbc, 0xbb, 0xcb, 0xbb, 0xbb, 0xbb, 0xbb, 0x7c, 0x99,
    0xd6, 0xbb, 0xbb, 0xcb, 0xbb, 0xbb, 0xbb, 0xbb, 0xcc, 0xbc, 0xbb, 0xbb, 0xcb, 0xbc, 0xbb, 0xbb,
    0xbb, 0xbb, 0xc6, 0xbb, 0xbb, 0xcc, 0xbc, 0xbb, 0xcc, 0xbb, 0xcb, 0xbb, 0xbb, 0xcc, 0xcb, 0xbb,
    0xcc, 0xcc, 0xbc, 0xcc, 0xbb, 0xbb, 0xcc, 0xcc, 0xbb, 0xcb, 0xc6, 0xbb, 0xcb, 0xbb, 0xbb, 0xbb,
    0xbb, 0xcc, 0xcc, 0xcb, 0xbb, 0xbb, 0xcb, 0xcc, 0x6d, 0x8c, 0xbc, 0xcb, 0xbc, 0xbb, 0xbb, 0xcb,
    0xcc, 0xcc, 0xbb, 0xbb, 0xcc, 0xcc, 0xa6, 0xc6, 0xcc, 0xbb, 0xcc, 0xbb, 0xbb, 0xbb, 0xbb, 0xbc,
    0xbb, 0xbb, 0xcc, 0xcc, 0xcb, 0xcc, 0xcc, 0xbb, 0xbb, 0xcb, 0xbb, 0xbb, 0xbb, 0xbb, 0x5d, 0xcc,
    0xcc, 0xbb, 0xbb, 0x6c, 0xc6, 0xbc, 0xa7, 0x9a, 0x97, 0xc9, 0xb9, 0xba, 0xab, 0x7a, 0xbb, 0xbb,
    0xbb, 0xbc, 0xcc, 0xcc, 0xbb, 0xbb, 0x6c, 0xcd, 0xbb, 0xbb, 0xbb, 0xbb, 0xcb, 0xbc, 0x7c, 0x8a,
    0xd6, 0xbc, 0xbb, 0xcb, 0xbb, 0xbb, 0xbb, 0xcc, 0xcc, 0xcc, 0xcc, 0xcb, 0xbb, 0xcc, 0xbb, 0xbb,
    0xbb, 0xcb, 0xd6, 0xcc, 0xcc, 0xbc, 0xbb, 0xbb, 0xbb, 0xbb, 0xbb, 0xbc, 0xbb, 0xcc, 0xbb, 0xcc,
    0xcc, 0xcc, 0xbb, 0xbc, 0xbb, 0xbb, 0xcb, 0xcc, 0xbc, 0xcc, 0xd6, 0xcc, 0xbc, 0xbb, 0xbb, 0xbc,
    0xbb, 0xcb, 0xbc, 0xcb, 0xbb, 0xcb, 0xcb, 0xcc, 0x6d, 0x8c, 0xbc, 0xbb, 0xbb, 0xbb, 0xbb, 0xbb,
    0xcc, 0xcc, 0xbb, 0xbb, 0xcc, 0xcc, 0xa6, 0xc6, 0xbb, 0xbb, 0xcc, 0xbb, 0xbc, 0xbb, 0xbb, 0xbc,
    0xcb, 0xbb, 0xcc, 0xbb, 0xcb, 0xbc, 0xcc, 0xcc, 0xcc, 0xcc, 0xbb, 0xcb, 0xbb, 0xbb, 0x5d, 0xbc,
    0xcb, 0xbc, 0xbb, 0x7c, 0xc7, 0xbb, 0x6a, 0xaa, 0x98, 0xca, 0xdb, 0xdb, 0xbd, 0x7a, 0xbc, 0xbb,
    0xcb, 0xbb, 0xcc, 0xcc, 0xbc, 0xbb, 0xd6, 0xcc, 0xcb, 0xbc, 0xbb, 0xbb, 0xcb, 0xbb, 0x7c, 0x9a,
    0xa5, 0xcd, 0xbb, 0xcb, 0xbb, 0xbb, 0xbc, 0xcc, 0xbc, 0xcc, 0xcc, 0xbc, 0xbb, 0xcb, 0xbb, 0xbb,
    0xcb, 0xdc, 0xa5, 0xcd, 0xcb, 0xbb, 0xbb, 0xbb, 0xcc, 0xbb, 0xbb, 0xbb, 0xbc, 0xcb, 0xcb, 0xbb,
    0xbc, 0xcb, 0xbb, 0xcc, 0xbc, 0xbb, 0xbb, 0xcb, 0xcc, 0xdc, 0xa5, 0xcd, 0xbb, 0xbc, 0xbb, 0xbb,
    0xbb, 0xcb, 0xbb, 0xbb, 0xbb, 0xbc, 0xbb, 0xcb, 0x57, 0x8c, 0xcd, 0xbb, 0xbb, 0xbb, 0xbb, 0xbb,
    0xcc, 0xbb, 0xcb, 0xcc, 0xcb, 0xcc, 0xb7, 0xc6, 0xbb, 0xbb, 0xcc, 0xbb, 0xbb, 0xbb, 0xbb, 0xcc,
    0xcb, 0xbb, 0xcb, 0xcc, 0xbc, 0xbc, 0xbb, 0xbb, 0xcb, 0xcc, 0xbb, 0xbb, 0xbb, 0xcb, 0x69, 0xcd,
    0xcc, 0xcc, 0xcb, 0x7c, 0xc7, 0x9a, 0x9c, 0x76, 0x98, 0xba, 0xdd, 0xdd, 0xbc, 0x7a, 0xcc, 0xbb,
    0xcb, 0xcb, 0xcc, 0xbc, 0xbc, 0xcb, 0xcd, 0xbc, 0xbb, 0xcb, 0xbc, 0xbb, 0xbc, 0xbb, 0x7c, 0x9a,
    0x57, 0xda, 0xcc, 0xcc, 0xcc, 0xcc, 0xcc, 0xcc, 0xcc, 0xcc, 0xcc, 0xcc, 0xcc, 0xcc, 0xcc, 0xcc,
    0xcc, 0x8d, 0x57, 0xda, 0xcc, 0xcc, 0xcc, 0xcc, 0xcc, 0xcc, 0xcc, 0xcc, 0xcc, 0xcc, 0xcc, 0xcc,
    0xcc, 0xcc, 0xcc, 0xcc, 0xcc, 0xcc, 0xcc, 0xcc, 0xcc, 0x8d, 0x57, 0xda, 0xcc, 0xcc, 0xcc, 0xcc,
    0xcc, 0xcc, 0xcc, 0xcc, 0xcc, 0xcc, 0xcc, 0xdc, 0x85, 0x9c, 0xcd, 0xcc, 0xbb, 0xcb, 0xbc, 0xbb,
    0xcc, 0xbb, 0xcb, 0xcc, 0xcc, 0xcc, 0xa7, 0xc7, 0xbb, 0xbb, 0xbc, 0xbb, 0xcc, 0xcc, 0xcc, 0xcc,
    0xcc, 0xcc, 0xcc, 0xcc, 0xcc, 0xcc, 0xcc, 0xcc, 0xcc, 0xcc, 0xcc, 0xcc, 0xcc, 0xdd, 0x85, 0x67,
    0x66, 0x66, 0x66, 0x77, 0xc8, 0x7b, 0xb8, 0xbb, 0xa8, 0xaa, 0xbb, 0xbb, 0xab, 0x8a, 0xcc, 0xcb,
    0xbc, 0xcb, 0xbb, 0xbc, 0xcc, 0x6c, 0xcc, 0xcb, 0xbb, 0xbc, 0xcc, 0xbc, 0xbc, 0xbb, 0x8c, 0xaa,
    0x9a, 0x88, 0x98, 0x99, 0x89, 0x98, 0x89, 0x99, 0x99, 0x99, 0x99, 0x98, 0x99, 0x98, 0x99, 0x99,
    0x98, 0x99, 0x77, 0x88, 0x98, 0x99, 0x89, 0x99, 0x99, 0x98, 0x89, 0x88, 0x99, 0x99, 0x88, 0x89,
    0x98, 0x99, 0x99, 0x99, 0x89, 0x99, 0x6a, 0x99, 0x99, 0x99, 0xaa, 0x9a, 0x99, 0x99, 0x99, 0x99,
    0x98, 0x99, 0x89, 0x99, 0x88, 0x88, 0x99, 0x99, 0x99, 0xad, 0xcd, 0xbb, 0xbb, 0xcb, 0xbb, 0xbb,
    0xcc, 0xcc, 0xcc, 0xbc, 0xcc, 0xcc, 0xb8, 0x99, 0xcc, 0xbb, 0xcc, 0x9d, 0x99, 0x99, 0x88, 0x88,
    0x88, 0x78, 0x88, 0x88, 0x88, 0x88, 0x87, 0x88, 0x87, 0x88, 0x88, 0x98, 0x99, 0x99, 0x99, 0xdd,
    0xdd, 0xdd, 0xdd, 0xad, 0xc9, 0x9c, 0xba, 0xcb, 0xa9, 0xaa, 0xac, 0xca, 0xab, 0x9b, 0xbb, 0xcc,
    0xcc, 0xcc, 0xcc, 0xbc, 0xbb, 0xcb, 0xcc, 0xbc, 0xcb, 0xcc, 0xcc, 0xcb, 0xcc, 0xbb, 0x9c, 0xab,
    0xee, 0xee, 0x22, 0xe2, 0xee, 0x2e, 0xee, 0x2e, 0xe2, 0x2e, 0xee, 0x2e, 0xe2, 0xee, 0x22, 0xe2,
    0xee, 0xee, 0xee, 0xee, 0xee, 0x22, 0x2e, 0xe2, 0x2e, 0x22, 0xe2, 0xee, 0x22, 0xe2, 0xee, 0x22,
    0xee, 0xee, 0x22, 0x22, 0x22, 0x2e, 0xe2, 0x22, 0xee, 0xee, 0xee, 0x22, 0x2e, 0xe2, 0x22, 0xe2,
    0x22, 0xee, 0xee, 0x22, 0xee, 0xee, 0x2e, 0x22, 0xee, 0xee, 0xee, 0xee, 0xee, 0xee, 0xee, 0xee,
    0xee, 0xee, 0xee, 0xee, 0xee, 0xee, 0xee, 0xee, 0xee, 0xee, 0x22, 0xe2, 0xee, 0x22, 0x22, 0xee,
    0x2e, 0xee, 0x2e, 0xe2, 0xee, 0x22, 0xe2, 0xee, 0x22, 0x22, 0xee, 0xee, 0xee, 0xee, 0xee, 0xee,
    0xee, 0xee, 0xee, 0xee, 0xee, 0xee, 0xee, 0xee, 0xee, 0xee, 0xee, 0xee, 0xee, 0xee, 0xee, 0xee,
    0xee, 0xee, 0xee, 0xee, 0xee, 0xee, 0xee, 0xee, 0xee, 0xee, 0xee, 0xee, 0xee, 0xee, 0xee, 0xee,
    0xee, 0xee, 0x22, 0xe2, 0xee, 0x2e, 0xee, 0x2e, 0xe2, 0x2e, 0xee, 0x2e, 0xe2, 0xee, 0x22, 0xe2,
    0xee, 0xee, 0xee, 0xee, 0xee, 0x22, 0x2e, 0xe2, 0x2e, 0x22, 0xe2, 0xee, 0x22, 0xe2, 0xee, 0x22,
    0xee, 0xee, 0x22, 0x22, 0x22, 0x2e, 0xe2, 0x22, 0xee, 0xee, 0xee, 0x22, 0x2e, 0xe2, 0x22, 0xe2,
    0x22, 0xee, 0xee, 0x22, 0xee, 0xee, 0x2e, 0x22, 0xee, 0xee, 0xee, 0xee, 0xee, 0xee, 0xee, 0xee,
    0xee, 0xee, 0xee, 0xee, 0xee, 0xee, 0xee, 0xee, 0xee, 0xee, 0x22, 0xe2, 0xee, 0x22, 0x22, 0xee,
    0x2e, 0xee, 0x2e, 0xe2, 0xee, 0x22, 0xe2, 0xee, 0x22, 0x22, 0xee, 0xee, 0xee, 0xee, 0xee, 0xee,
    0xee, 0xee, 0xee, 0xee, 0xee, 0xee, 0xee, 0xee, 0xee, 0xee, 0xee, 0xee, 0xee, 0xee, 0xee, 0xee,
    0xee, 0xee, 0xee, 0xee, 0xee, 0xee, 0xee, 0xee, 0xee, 0xee, 0xee, 0xee, 0xee, 0xee, 0xee, 0xee,
    0xee, 0x2e, 0x22, 0x22, 0xee, 0x22, 0xe2, 0x22, 0xe2, 0x22, 0xe2, 0x22, 0xe2, 0x2e, 0x22, 0x22,
    0xee, 0xee, 0xee, 0xee, 0xee, 0x22, 0x2e, 0xe2, 0x22, 0xee, 0xee, 0x2e, 0x22, 0x22, 0xee, 0x22,
    0xee, 0xee, 0xee, 0x22, 0xee, 0x2e, 0xe2, 0x22, 0xee, 0xee, 0xee, 0x22, 0x22, 0xee, 0x2e, 0xe2,
    0x22, 0xee, 0xee, 0x22, 0xee, 0xee, 0x22, 0xee, 0xee, 0xee, 0xee, 0xee, 0xee, 0xee, 0xee, 0xee,
    0xee, 0xee, 0xee, 0xee, 0xee, 0xee, 0xee, 0xee, 0xee, 0x2e, 0x22, 0x22, 0xee, 0x22, 0x22, 0xe2,
    0x22, 0xe2, 0x22, 0xe2, 0x2e, 0x22, 0x22, 0xee, 0x22, 0x22, 0xe2, 0xee, 0xee, 0xee, 0xee, 0xee,
    0xee, 0xee, 0xee, 0xee, 0xee, 0xee, 0xee, 0xee, 0xee, 0xee, 0xee, 0xee, 0xee, 0xee, 0xee, 0xee,
    0xee, 0xee, 0xee, 0xee, 0xee, 0xee, 0xee, 0xee, 0xee, 0xee, 0xee, 0xee, 0xee, 0xee, 0xee, 0xee,
    0xee, 0x2e, 0xe2, 0x22, 0xee, 0x22, 0x22, 0x22, 0xe2, 0x22, 0x22, 0x22, 0xe2, 0x22, 0xe2, 0x22,
    0xe2, 0xee, 0xee, 0xee, 0xee, 0x22, 0x2e, 0xe2, 0x22, 0x22, 0xe2, 0x2e, 0xe2, 0x22, 0xee, 0x22,
    0xee, 0xee, 0xee, 0x22, 0xee, 0x2e, 0xe2, 0x22, 0xee, 0xee, 0xee, 0x22, 0xe2, 0xee, 0x2e, 0xe2,
    0x22, 0xee, 0xee, 0x22, 0xee, 0x2e, 0x22, 0x22, 0xee, 0xee, 0xee, 0xee, 0xee, 0xee, 0xee, 0xee,
    0xee, 0xee, 0xee, 0xee, 0xee, 0xee, 0xee, 0xee, 0xee, 0x2e, 0xe2, 0x22, 0xee, 0x22, 0x2e, 0xe2,
    0x22, 0x22, 0x22, 0xe2, 0x22, 0xe2, 0x22, 0xe2, 0x22, 0x2e, 0xe2, 0xee, 0xee, 0xee, 0xee, 0xee,
    0xee, 0xee, 0xee, 0xee, 0xee, 0xee, 0xee, 0xee, 0xee, 0xee, 0xee, 0xee, 0xee, 0xee, 0xee, 0xee,
    0xee, 0xee, 0xee, 0xee, 0xee, 0xee, 0xee, 0xee, 0xee, 0xee, 0xee, 0xee, 0xee, 0xee, 0xee, 0xee,
    0xee, 0x2e, 0xe2, 0x22, 0xee, 0x22, 0x22, 0x22, 0xe2, 0x22, 0x22, 0x22, 0xe2, 0x22, 0xe2, 0x22,
    0xe2, 0xee, 0xee, 0xee, 0xee, 0x22, 0x2e, 0xe2, 0x22, 0x22, 0xe2, 0x2e, 0xe2, 0x22, 0xee, 0x22,
    0xee, 0xee, 0xee, 0x22, 0xee, 0x2e, 0xe2, 0x22, 0xee, 0xee, 0xee, 0x22, 0xe2, 0xee, 0x2e, 0xe2,
    0x22, 0xee, 0xee, 0x22, 0xee, 0x2e, 0x22, 0x22, 0xee, 0xee, 0xee, 0xee, 0xee, 0xee, 0xee, 0xee,
    0xee, 0xee, 0xee, 0xee, 0xee, 0xee, 0xee, 0xee, 0xee, 0x2e, 0xe2, 0x22, 0xee, 0x22, 0x2e, 0xe2,
    0x22, 0x22, 0x22, 0xe2, 0x22, 0xe2, 0x22, 0xe2, 0x22, 0x2e, 0xe2, 0xee, 0xee, 0xee, 0xee, 0xee,
    0xee, 0xee, 0xee, 0xee, 0xee, 0xee, 0xee, 0xee, 0xee, 0xee, 0xee, 0xee, 0xee, 0xee, 0xee, 0xee,
    0xee, 0xee, 0xee, 0xee, 0xee, 0xee, 0xee, 0xee, 0xee, 0xee, 0xee, 0xee, 0xee, 0xee, 0xee, 0xee,
    0xee, 0x22, 0x22, 0x22, 0xe2, 0x22, 0x2e, 0x2e, 0xe2, 0x22, 0x2e, 0x2e, 0xe2, 0x2e, 0x22, 0x22,
    0xee, 0xee, 0xee, 0xee, 0xee, 0x22, 0x22, 0xe2, 0x22, 0xee, 0xee, 0x22, 0x22, 0x22, 0xe2, 0x22,
    0xee, 0xee, 0xee, 0x22, 0xee, 0x2e, 0x22, 0x22, 0xee, 0xee, 0xee, 0x22, 0x22, 0xee, 0x2e, 0xe2,
    0x22, 0xee, 0xee, 0x22, 0xee, 0xee, 0xee, 0x22, 0xee, 0xee, 0xee, 0xee, 0xee, 0xee, 0xee, 0xee,
    0xee, 0xee, 0xee, 0xee, 0xee, 0xee, 0xee, 0xee, 0xee, 0x22, 0x22, 0x22, 0xe2, 0x22, 0x22, 0xee,
    0x22, 0x2e, 0x2e, 0xe2, 0x2e, 0x22, 0x22, 0xee, 0x22, 0x22, 0xee, 0xee, 0xee, 0xee, 0xee, 0xee,
    0xee, 0xee, 0xee, 0xee, 0xee, 0xee, 0xee, 0xee, 0xee, 0xee, 0xee, 0xee, 0xee, 0xee, 0xee, 0xee,
    0xee, 0xee, 0xee, 0xee, 0xee, 0xee, 0xee, 0xee, 0xee, 0xee, 0xee, 0xee, 0xee, 0xee, 0xee, 0xee,
    0xee, 0x22, 0x22, 0x22, 0xe2, 0x22, 0xee, 0x2e, 0xe2, 0x22, 0xee, 0x2e, 0xe2, 0xee, 0x22, 0xe2,
    0xee, 0xee, 0xee, 0xee, 0xee, 0x22, 0x2e, 0xe2, 0x2e, 0x22, 0xe2, 0x22, 0x22, 0x22, 0xe2, 0x2e,
    0x22, 0xe2, 0xee, 0x22, 0xee, 0x2e, 0xe2, 0x22, 0xee, 0xee, 0xee, 0x22, 0x2e, 0xe2, 0x22, 0xe2,
    0x2e, 0x22, 0xe2, 0x2e, 0x22, 0x2e, 0x22, 0xe2, 0xee, 0xee, 0xee, 0xee, 0xee, 0xee, 0xee, 0xee,
    0xee, 0xee, 0xee, 0xee, 0xee, 0xee, 0xee, 0xee, 0xee, 0x22, 0x22, 0x22, 0xe2, 0x22, 0x2e, 0xe2,
    0x22, 0xee, 0x2e, 0xe2, 0xee, 0x22, 0xe2, 0xee, 0x22, 0x2e, 0xe2, 0xee, 0xee, 0xee, 0xee, 0xee,
    0xee, 0xee, 0xee, 0xee, 0xee, 0xee, 0xee, 0xee, 0xee, 0xee, 0xee, 0xee, 0xee, 0xee, 0xee, 0xee,
    0xee, 0xee, 0xee, 0xee, 0xee, 0xee, 0xee, 0xee, 0xee, 0xee, 0xee, 0xee, 0xee, 0xee, 0xee, 0xee,
};

static const uint8_t ui_pixels_sttnum0[65] = {
    0x00, 0x00, 0xaa, 0x0a, 0x00, 0x00, 0xa0, 0x33, 0x05, 0x00, 0x00, 0x6a, 0x55, 0xa5, 0x00, 0xa0,
    0x55, 0x55, 0x55, 0x0a, 0x80, 0x54, 0x76, 0x46, 0x68, 0x5e, 0x56, 0xee, 0x66, 0xe6, 0x6e, 0x56,
    0xee, 0x66, 0xe6, 0x7e, 0x55, 0xee, 0x66, 0xe7, 0x8e, 0x65, 0x88, 0x65, 0xe8, 0xe0, 0x68, 0x54,
    0x85, 0x6e, 0x00, 0x8e, 0x56, 0xe6, 0x66, 0x00, 0xe0, 0x88, 0x6a, 0x06, 0x00, 0x00, 0xee, 0x6e,
    0x00,
};

static const uint8_t ui_pixels_sttnum1[65] = {
    0x00, 0x00, 0xaa, 0xaa, 0x00, 0x00, 0x00, 0x46, 0xa3, 0x06, 0x00, 0x90, 0x54, 0xe5, 0x06, 0x00,
    0x5a, 0x55, 0xe5, 0x06, 0x00, 0xe0, 0x55, 0xe5, 0x06, 0x00, 0x00, 0x56, 0xe5, 0x06, 0x00, 0x00,
    0x56, 0xe5, 0x06, 0x00, 0x00, 0x56, 0xe5, 0x06, 0x00, 0x00, 0x56, 0xe6, 0x06, 0x00, 0x00, 0x56,
    0xe5, 0x06, 0x00, 0x00, 0x66, 0xe5, 0x06, 0x00, 0x00, 0x88, 0xa8, 0x06, 0x00, 0x00, 0xee, 0xee,
    0x06,
};

static const uint8_t ui_pixels_sttnum2[65] = {
    0x9a, 0xaa, 0xaa, 0x00, 0x00, 0x5a, 0x34, 0x53, 0x08, 0x00, 0x6e, 0x55, 0x45, 0x93, 0x00, 0x7a,
    0x88, 0x56, 0x35, 0x09, 0xee, 0xee, 0x78, 0x45, 0xa5, 0x00, 0x00, 0xe0, 0x56, 0xe5, 0x00, 0x00,
    0x80, 0x56, 0xe7, 0x00, 0x00, 0x6a, 0x65, 0xe8, 0x00, 0x00, 0x56, 0x85, 0x6e, 0x00, 0x6a, 0x55,
    0x34, 0xa3, 0xa0, 0x57, 0x55, 0x54, 0xe5, 0x7a, 0x76, 0x88, 0x88, 0xa7, 0xee, 0xee, 0xee, 0xee,
    0xee,
};

static const uint8_t ui_pixels_sttnum3[65] = {
    0x9a, 0xaa, 0xaa, 0x0a, 0x00, 0x5a, 0x33, 0x33, 0xa5, 0x00, 0x6e, 0x55, 0x55, 0x54, 0x09, 0x8a,
    0x88, 0x55, 0x55, 0xa5, 0xee, 0xee, 0x79, 0x55, 0xe5, 0xa0, 0x46, 0x33, 0x65, 0xe8, 0xe0, 0x56,
    0x55, 0x55, 0x68, 0xe0, 0x87, 0x78, 0x55, 0xa6, 0xe0, 0xee, 0x8e, 0x56, 0xe5, 0x5a, 0x33, 0x53,
    0x66, 0xe8, 0x6e, 0x65, 0x55, 0x96, 0x6e, 0x7a, 0x88, 0x98, 0xea, 0x66, 0xee, 0xee, 0xee, 0x6e,
    0x06,
};

static const uint8_t ui_pixels_sttnum4[65] = {
    0x9a, 0xaa, 0xa0, 0x9a, 0x0a, 0x5a, 0x33, 0x5a, 0x33, 0x6a, 0x6e, 0x65, 0x5a, 0x45, 0x6e, 0x6e,
    0x66, 0x6a, 0x55, 0x6e, 0x7e, 0x66, 0x7a, 0x65, 0x6e, 0x6e, 0x65, 0x68, 0x66, 0xa7, 0x9e, 0x66,
    0x64, 0x36, 0xa3, 0xe0, 0x79, 0x66, 0x65, 0xe6, 0x00, 0xae, 0x67, 0x65, 0xa7, 0x00, 0x00, 0x7a,
    0x75, 0x6a, 0x00, 0x00, 0x6e, 0x86, 0x6e, 0x00, 0x00, 0x8a, 0x89, 0x6a, 0x00, 0x00, 0xee, 0xee,
    0x6e,
};

static const uint8_t ui_pixels_sttnum5[65] = {
    0x9a, 0xaa, 0xaa, 0xaa, 0xa9, 0x5a, 0x33, 0x33, 0x33, 0xa3, 0x5e, 0x56, 0x55, 0x56, 0xe4, 0x5e,
    0x55, 0x86, 0x78, 0xa5, 0x6e, 0x55, 0xea, 0xee, 0xee, 0x6e, 0x55, 0x55, 0xa5, 0x00, 0x7a, 0x88,
    0x66, 0x55, 0x0a, 0xee, 0xee, 0xee, 0x56, 0xa6, 0x60, 0x66, 0x86, 0x56, 0xe8, 0x6a, 0x34, 0x53,
    0xa5, 0x6e, 0x7e, 0x56, 0x66, 0xe8, 0x66, 0x9a, 0x98, 0xa8, 0x6e, 0x06, 0xee, 0xee, 0xee, 0x66,
    0x00,
};

static const uint8_t ui_pixels_sttnum6[65] = {
    0x00, 0x00, 0xaa, 0x9a, 0x0a, 0x00, 0xa0, 0x45, 0x33, 0x6a, 0x00, 0x69, 0x54, 0x35, 0x6e, 0xa0,
    0x55, 0x76, 0x68, 0x6e, 0x80, 0x63, 0xa8, 0xee, 0x6e, 0x5e, 0x55, 0x55, 0x93, 0x00, 0x6e, 0x55,
    0x65, 0x55, 0x08, 0x6e, 0x55, 0x77, 0x56, 0xa4, 0x7e, 0x65, 0xa9, 0x66, 0xe6, 0xe0, 0x67, 0x54,
    0x65, 0xe8, 0xe0, 0x79, 0x65, 0x96, 0x6e, 0x00, 0x9e, 0xa8, 0xe9, 0x66, 0x00, 0xe0, 0xee, 0x6e,
    0x06,
};

static const uint8_t ui_pixels_sttnum7[65] = {
    0x9a, 0xaa, 0xaa, 0xaa, 0xa9, 0x5a, 0x33, 0x33, 0x33, 0xa3, 0x5e, 0x55, 0x65, 0x56, 0xe5, 0x7a,
    0x78, 0x78, 0x56, 0xe5, 0xee, 0xee, 0x9e, 0x57, 0xe6, 0x00, 0x00, 0x59, 0x56, 0xe8, 0x00, 0x00,
    0x55, 0x66, 0xe9, 0x00, 0x90, 0x55, 0x85, 0x6e, 0x00, 0x59, 0x55, 0xe6, 0x66, 0xe0, 0x55, 0x96,
    0x6e, 0x00, 0xe0, 0x56, 0xe7, 0x06, 0x00, 0xa0, 0x87, 0xa8, 0x06, 0x00, 0xe0, 0xee, 0xee, 0x06,
    0x00,
};

static const uint8_t ui_pixels_sttnum8[65] = {
    0x00, 0xa0, 0xaa, 0x0a, 0x00, 0x00, 0x59, 0x33, 0x93, 0x00, 0x90, 0x56, 0x66, 0x36, 0x09, 0x5a,
    0x55, 0x86, 0x47, 0xa5, 0x7e, 0x55, 0xa9, 0x56, 0xe4, 0xe0, 0x58, 0x33, 0x85, 0x6e, 0x00, 0x58,
    0x55, 0x85, 0x66, 0x90, 0x65, 0x67, 0x55, 0x09, 0x5a, 0x55, 0x99, 0x56, 0xa5, 0xae, 0x67, 0x43,
    0x66, 0xe7, 0xe0, 0x69, 0x65, 0x85, 0x6e, 0x00, 0x9e, 0x88, 0xe8, 0x66, 0x00, 0xe0, 0xee, 0x6e,
    0x06,
};

static const uint8_t ui_pixels_sttnum9[65] = {
    0x00, 0xa0, 0xaa, 0x0a, 0x00, 0x00, 0x59, 0x33, 0x93, 0x00, 0x90, 0x54, 0x55, 0x55, 0x0a, 0x6a,
    0x54, 0x66, 0x46, 0x68, 0x6e, 0x55, 0x98, 0x66, 0xa4, 0x8e, 0x55, 0x33, 0x55, 0xe5, 0xe0, 0x68,
    0x55, 0x65, 0xe7, 0x00, 0xee, 0x66, 0x65, 0xe8, 0x00, 0xe0, 0x69, 0x65, 0x6a, 0x00, 0x90, 0x56,
    0xe8, 0x66, 0x00, 0x69, 0x65, 0x6a, 0x06, 0xa0, 0x66, 0x98, 0x6e, 0x00, 0xe0, 0xee, 0xee, 0x06,
    0x00,
};

static const uint8_t ui_pixels_sttprcnt[65] = {
    0x00, 0xaa, 0xa0, 0xea, 0x00, 0xa0, 0x36, 0x69, 0xa3, 0x06, 0x6a, 0x55, 0x53, 0xe5, 0x06, 0x8a,
    0x96, 0x65, 0xe6, 0x06, 0xae, 0x36, 0x65, 0xe6, 0x06, 0x00, 0xee, 0x55, 0x66, 0x06, 0x00, 0xa0,
    0x55, 0x68, 0x00, 0x00, 0x80, 0x55, 0xe7, 0x00, 0x00, 0x5a, 0x55, 0x54, 0x09, 0x00, 0x6e, 0x55,
    0x25, 0xe3, 0x00, 0x6e, 0x55, 0x56, 0xe6, 0x00, 0x7a, 0xea, 0x99, 0x6e, 0x00, 0xee, 0x6e, 0xee,
    0x66,
};

static const uint8_t ui_pixels_stysnum0[12] = {
    0x20, 0x02, 0x02, 0x62, 0x62, 0x62, 0x62, 0x62, 0x22, 0x60, 0x60, 0x06,
};

static const uint8_t ui_pixels_stysnum1[12] = {
    0x20, 0x00, 0x22, 0x06, 0x20, 0x06, 0x20, 0x06, 0x22, 0x02, 0x60, 0x66,
};

static const uint8_t ui_pixels_stysnum2[12] = {
    0x22, 0x00, 0x60, 0x02, 0x20, 0x60, 0x02, 0x06, 0x22, 0x02, 0x60, 0x66,
};

static const uint8_t ui_pixels_stysnum3[12] = {
    0x22, 0x02, 0x60, 0x62, 0x20, 0x60, 0x00, 0x02, 0x22, 0x62, 0x60, 0x66,
};

static const uint8_t ui_pixels_stysnum4[12] = {
    0x00, 0x02, 0x02, 0x62, 0x22, 0x62, 0x60, 0x62, 0x00, 0x62, 0x00, 0x60,
};

static const uint8_t ui_pixels_stysnum5[12] = {
    0x22, 0x02, 0x62, 0x66, 0x22, 0x02, 0x60, 0x62, 0x22, 0x62, 0x60, 0x66,
};

static const uint8_t ui_pixels_stysnum6[12] = {
    0x20, 0x00, 0x02, 0x06, 0x22, 0x02, 0x62, 0x62, 0x22, 0x62, 0x60, 0x66,
};

static const uint8_t ui_pixels_stysnum7[12] = {
    0x22, 0x02, 0x60, 0x62, 0x20, 0x62, 0x20, 0x66, 0x20, 0x06, 0x00, 0x06,
};

static const uint8_t ui_pixels_stysnum8[12] = {
    0x22, 0x02, 0x62, 0x62, 0x22, 0x62, 0x62, 0x62, 0x22, 0x62, 0x60, 0x66,
};

static const uint8_t ui_pixels_stysnum9[12] = {
    0x20, 0x00, 0x62, 0x02, 0x26, 0x62, 0x60, 0x62, 0x20, 0x62, 0x00, 0x66,
};

static const uint8_t ui_pixels_stfst00[228] = {
    0x00, 0x00, 0x11, 0x42, 0x34, 0x22, 0x11, 0x11, 0x00, 0x00, 0x00, 0x51, 0x65, 0x17, 0x13, 0x11,
    0x11, 0x11, 0x00, 0x00, 0x31, 0x86, 0x57, 0x55, 0x54, 0x11, 0x11, 0x11, 0x00, 0x11, 0x56, 0x45,
    0x55, 0x24, 0x45, 0x33, 0x11, 0x11, 0x00, 0x51, 0x55, 0x13, 0x11, 0x11, 0x12, 0x11, 0x11, 0x11,
    0x12, 0x31, 0x51, 0x87, 0x59, 0x11, 0x11, 0x11, 0x11, 0x10, 0x11, 0x61, 0x87, 0xcc, 0x69, 0x16,
    0x15, 0x11, 0x01, 0x11, 0x63, 0x96, 0xca, 0xcc, 0x1a, 0x16, 0x15, 0x11, 0x10, 0x31, 0x65, 0xa7,
    0xcc, 0xac, 0x67, 0x66, 0x11, 0x01, 0x11, 0x63, 0x65, 0xa6, 0xaa, 0xaa, 0xac, 0x19, 0x11, 0x15,
    0x31, 0x43, 0xa7, 0xcc, 0x9c, 0x44, 0x63, 0x13, 0xa1, 0x22, 0x55, 0x26, 0xa1, 0xcc, 0x16, 0x61,
    0x66, 0x12, 0x3a, 0x63, 0x78, 0x7b, 0xc9, 0x6a, 0x7b, 0x61, 0x36, 0x91, 0x44, 0x66, 0xb7, 0x7a,
    0x9a, 0xb6, 0x67, 0x66, 0x63, 0x36, 0x64, 0xca, 0xac, 0xa9, 0x77, 0xcc, 0x8a, 0x56, 0x0a, 0x53,
    0xc6, 0xac, 0xa7, 0x69, 0xa5, 0xcc, 0x6a, 0x05, 0x30, 0x65, 0xcc, 0x8a, 0x66, 0x55, 0xca, 0xac,
    0x56, 0x00, 0x50, 0xa6, 0x8c, 0x86, 0x87, 0x67, 0xc9, 0x66, 0x03, 0x00, 0x63, 0x89, 0x86, 0xbc,
    0xac, 0x66, 0x86, 0x35, 0x00, 0x30, 0x65, 0x75, 0x67, 0x55, 0x85, 0x86, 0x36, 0x00, 0x00, 0x30,
    0x55, 0x76, 0x67, 0x97, 0x57, 0x56, 0x00, 0x00, 0x00, 0x30, 0x55, 0xc6, 0xcc, 0x6a, 0x35, 0x03,
    0x00, 0x00, 0x00, 0x33, 0x55, 0x67, 0xa7, 0x35, 0x03, 0x00, 0x00, 0x00, 0x00, 0x33, 0x63, 0x66,
    0x35, 0x03, 0x00, 0x00,
};

static const uint8_t ui_pixels_stfst10[228] = {
    0x00, 0x00, 0x11, 0x42, 0x34, 0x22, 0x11, 0x11, 0x00, 0x00, 0x00, 0x51, 0x65, 0x17, 0x13, 0x11,
    0x11, 0x11, 0x00, 0x00, 0x31, 0x86, 0x57, 0x55, 0x54, 0x11, 0x11, 0x11, 0x00, 0x11, 0x56, 0x45,
    0x55, 0x24, 0x45, 0x33, 0x11, 0x11, 0x00, 0x51, 0x55, 0x13, 0x11, 0x11, 0x12, 0x11, 0x11, 0x11,
    0x12, 0x31, 0x51, 0x87, 0x59, 0x11, 0x11, 0x11, 0x11, 0x10, 0x11, 0x61, 0x87, 0xcc, 0x69, 0x16,
    0x15, 0x11, 0x01, 0x11, 0x63, 0x96, 0xca, 0xcc, 0x1a, 0x16, 0x15, 0x11, 0x10, 0x31, 0x65, 0xa7,
    0xcc, 0xac, 0x67, 0x66, 0x11, 0x01, 0x11, 0x63, 0x65, 0xa6, 0xaa, 0xaa, 0xac, 0x19, 0x11, 0x15,
    0x31, 0x43, 0xa7, 0xcc, 0x9c, 0x44, 0x63, 0x13, 0xa1, 0x22, 0x55, 0x26, 0xa1, 0xcc, 0x16, 0x61,
    0x66, 0x12, 0x3a, 0x63, 0x78, 0x7b, 0xc9, 0x6a, 0x7b, 0x61, 0x36, 0x91, 0x44, 0x66, 0xb7, 0x7a,
    0x9a, 0xb6, 0x67, 0x66, 0x63, 0x36, 0x64, 0xca, 0xac, 0xa9, 0x77, 0xcc, 0x8a, 0x56, 0x0a, 0x53,
    0xc6, 0xac, 0xa7, 0x69, 0xa5, 0xcc, 0x6a, 0x05, 0x30, 0x65, 0xcc, 0x8a, 0x66, 0x45, 0xca, 0xac,
    0x56, 0x00, 0x50, 0xa6, 0x8c, 0x86, 0x87, 0x66, 0xc9, 0x66, 0x03, 0x00, 0x63, 0x89, 0x86, 0xbc,
    0x7c, 0x66, 0x86, 0x35, 0x00, 0x30, 0x65, 0x75, 0x67, 0x55, 0x83, 0x86, 0x36, 0x00, 0x00, 0x30,
    0x55, 0x76, 0x67, 0x97, 0x57, 0x56, 0x00, 0x00, 0x00, 0x30, 0x55, 0xc6, 0xcc, 0x6a, 0x35, 0x03,
    0x00, 0x00, 0x00, 0x33, 0x55, 0x67, 0xa7, 0x35, 0x03, 0x00, 0x00, 0x00, 0x00, 0x33, 0x63, 0x66,
    0x35, 0x03, 0x00, 0x00,
};

static const uint8_t ui_pixels_stfst20[228] = {
    0x00, 0x00, 0x11, 0x42, 0x34, 0x22, 0x11, 0x11, 0x00, 0x00, 0x00, 0x51, 0x65, 0x17, 0x13, 0x11,
    0x11, 0x11, 0x00, 0x00, 0x31, 0x86, 0x57, 0x55, 0x54, 0x11, 0x11, 0x11, 0x00, 0x11, 0x56, 0x45,
    0x55, 0x24, 0x45, 0x33, 0x11, 0x11, 0x10, 0x13, 0x11, 0x11, 0x11, 0x12, 0x11, 0x11, 0x11, 0x11,
    0x12, 0x31, 0x51, 0x87, 0x59, 0x11, 0x11, 0x11, 0x11, 0x10, 0x11, 0x61, 0x87, 0xcc, 0x69, 0x16,
    0x15, 0x11, 0x01, 0x11, 0x63, 0x96, 0xca, 0xcc, 0x1a, 0x16, 0x15, 0x11, 0x10, 0x31, 0x56, 0x66,
    0xaa, 0xaa, 0xca, 0x9a, 0x11, 0x01, 0x11, 0x83, 0xaa, 0xa8, 0xaa, 0xca, 0x69, 0x36, 0x13, 0x15,
    0x31, 0x43, 0xa7, 0xcc, 0x9c, 0x44, 0x63, 0x13, 0xa1, 0x22, 0x55, 0x26, 0xa1, 0xcc, 0x16, 0x61,
    0x66, 0x12, 0x49, 0x64, 0x76, 0xab, 0xa7, 0x69, 0x7b, 0x66, 0x36, 0x66, 0x43, 0xa6, 0xcc, 0x9a,
    0x7a, 0xc7, 0xac, 0x68, 0xa5, 0x35, 0x63, 0xca, 0x7a, 0xca, 0x98, 0xca, 0x9c, 0x56, 0x08, 0x53,
    0xc6, 0xac, 0xa7, 0x69, 0xa5, 0xcc, 0x6a, 0x05, 0x00, 0x65, 0xc9, 0x68, 0x78, 0x67, 0x96, 0x6c,
    0x36, 0x00, 0x30, 0x66, 0x69, 0xc8, 0x8b, 0x67, 0x66, 0x58, 0x03, 0x00, 0x53, 0x66, 0x77, 0x56,
    0x34, 0x68, 0x68, 0x03, 0x00, 0x00, 0x65, 0x65, 0xb9, 0xbb, 0x38, 0x65, 0x36, 0x00, 0x00, 0x00,
    0x53, 0x65, 0xcc, 0x8c, 0x53, 0x33, 0x00, 0x00, 0x00, 0x30, 0x53, 0x75, 0x76, 0x37, 0x33, 0x00,
    0x00, 0x00, 0x00, 0x30, 0x33, 0x66, 0x46, 0x33, 0x00, 0x00, 0x00, 0x00, 0x00, 0x00, 0x33, 0x33,
    0x33, 0x00, 0x00, 0x00,
};

static const uint8_t ui_pixels_stfst30[238] = {
    0x00, 0x00, 0x00, 0x00, 0x00, 0x00, 0x00, 0x00, 0x00, 0x00, 0x00, 0x10, 0x11, 0x11, 0x11, 0x11,
    0x11, 0x01, 0x00, 0x00, 0x10, 0x21, 0x42, 0x34, 0x22, 0x11, 0x11, 0x01, 0x00, 0x11, 0x51, 0x66,
    0x17, 0x13, 0x11, 0x11, 0x11, 0x01, 0x11, 0x43, 0x78, 0x57, 0x55, 0x54, 0x11, 0x13, 0x11, 0x01,
    0x51, 0x53, 0x33, 0x11, 0x11, 0x21, 0x11, 0x11, 0x01, 0x32, 0x21, 0x11, 0x11, 0x11, 0x11, 0x11,
    0x11, 0x11, 0x10, 0x11, 0x11, 0x11, 0x11, 0x11, 0x11, 0x11, 0x11, 0x11, 0x10, 0x11, 0x11, 0x11,
    0x13, 0x11, 0x11, 0x13, 0x11, 0x11, 0x11, 0x11, 0x33, 0x91, 0x59, 0x73, 0x61, 0x15, 0x11, 0x11,
    0x11, 0x53, 0x65, 0xaa, 0x59, 0x78, 0x68, 0x33, 0x51, 0x31, 0x51, 0x65, 0xc8, 0xcc, 0xa9, 0xaa,
    0x36, 0x11, 0x2a, 0x15, 0x68, 0x76, 0xcc, 0xac, 0x67, 0x55, 0x25, 0x91, 0x64, 0x16, 0x11, 0xa5,
    0x9c, 0x26, 0x56, 0x64, 0x63, 0x36, 0x76, 0x93, 0x26, 0xa9, 0x67, 0x26, 0x68, 0x56, 0x5a, 0x64,
    0x66, 0xa7, 0x99, 0x7a, 0xb6, 0x67, 0x66, 0x85, 0x30, 0x35, 0xca, 0x7a, 0xa9, 0x77, 0xca, 0x8a,
    0x55, 0x00, 0x50, 0x64, 0xa9, 0xa8, 0x69, 0xc5, 0x8c, 0x56, 0x03, 0x00, 0x43, 0x66, 0x68, 0x66,
    0x43, 0x99, 0x76, 0x35, 0x00, 0x30, 0x54, 0x66, 0x87, 0x8c, 0x76, 0x76, 0x36, 0x00, 0x00, 0x30,
    0x56, 0x76, 0x56, 0x34, 0x63, 0x66, 0x03, 0x00, 0x00, 0x30, 0x55, 0x67, 0x76, 0x36, 0x56, 0x03,
    0x00, 0x00, 0x00, 0x33, 0x65, 0xa8, 0x8a, 0x33, 0x03, 0x00, 0x00, 0x00, 0x00, 0x33, 0x66, 0x56,
    0x34, 0x03, 0x00, 0x00, 0x00, 0x00, 0x00, 0x30, 0x34, 0x33, 0x00, 0x00, 0x00, 0x00,
};

static const uint8_t ui_pixels_stfst40[238] = {
    0x00, 0x00, 0x00, 0x00, 0x00, 0x00, 0x00, 0x00, 0x00, 0x00, 0x00, 0x10, 0x11, 0x11, 0x11, 0x11,
    0x11, 0x01, 0x00, 0x00, 0x10, 0x21, 0x42, 0x34, 0x22, 0x11, 0x11, 0x01, 0x00, 0x11, 0x51, 0x66,
    0x17, 0x13, 0x11, 0x11, 0x11, 0x01, 0x11, 0x43, 0x78, 0x57, 0x55, 0x54, 0x11, 0x13, 0x11, 0x01,
    0x51, 0x53, 0x33, 0x11, 0x11, 0x21, 0x11, 0x11, 0x01, 0x32, 0x21, 0x11, 0x11, 0x11, 0x11, 0x11,
    0x11, 0x11, 0x10, 0x11, 0x11, 0x11, 0x31, 0x11, 0x11, 0x11, 0x11, 0x11, 0x10, 0x11, 0x11, 0x11,
    0x14, 0x11, 0x11, 0x13, 0x11, 0x11, 0x11, 0x11, 0x33, 0x91, 0x49, 0x73, 0x31, 0x14, 0x11, 0x11,
    0x11, 0x33, 0x47, 0xaa, 0x49, 0x48, 0x64, 0x33, 0x51, 0x31, 0x51, 0x64, 0xc7, 0xcc, 0xa7, 0x66,
    0x46, 0x11, 0x2a, 0x15, 0x38, 0x76, 0xcc, 0xac, 0x47, 0x54, 0x24, 0x91, 0x64, 0x16, 0x11, 0xa3,
    0x9c, 0x26, 0x46, 0x64, 0x63, 0x36, 0x76, 0x93, 0x26, 0xa9, 0x67, 0x26, 0x64, 0x54, 0x5a, 0x64,
    0x96, 0xa7, 0x99, 0x7a, 0xb6, 0x67, 0x46, 0x85, 0x30, 0x35, 0x99, 0x7a, 0xa9, 0x77, 0xba, 0x87,
    0x54, 0x00, 0x50, 0x44, 0xa8, 0xa8, 0x69, 0xc5, 0x7b, 0x46, 0x03, 0x00, 0x43, 0x35, 0x68, 0x66,
    0x43, 0x99, 0x77, 0x34, 0x00, 0x30, 0x64, 0x64, 0x77, 0x88, 0x76, 0x77, 0x36, 0x00, 0x00, 0x30,
    0x56, 0x56, 0x46, 0x34, 0x73, 0x66, 0x03, 0x00, 0x00, 0x50, 0x54, 0x56, 0x55, 0x36, 0x47, 0x03,
    0x00, 0x00, 0x00, 0x33, 0x55, 0xb8, 0x8b, 0x43, 0x03, 0x00, 0x00, 0x00, 0x00, 0x33, 0x65, 0x55,
    0x34, 0x03, 0x00, 0x00, 0x00, 0x00, 0x00, 0x20, 0x44, 0x34, 0x00, 0x00, 0x00, 0x00,
};

static const uint8_t ui_pixels_stfdead0[238] = {
    0x00, 0x00, 0x00, 0x00, 0x00, 0x00, 0x00, 0x00, 0x00, 0x00, 0x00, 0x11, 0x11, 0x11, 0x11, 0x11,
    0x11, 0x01, 0x00, 0x00, 0x11, 0x11, 0x11, 0x11, 0x11, 0x11, 0x11, 0x01, 0x00, 0x11, 0x11, 0x21,
    0x44, 0x23, 0x12, 0x11, 0x11, 0x01, 0x11, 0x11, 0x55, 0x76, 0x31, 0x11, 0x11, 0x11, 0x11, 0x11,
    0x61, 0x57, 0x45, 0x55, 0x24, 0x45, 0x13, 0x11, 0x11, 0x32, 0x35, 0x55, 0x43, 0x11, 0x11, 0x12,
    0x11, 0x11, 0x11, 0x43, 0x42, 0x14, 0x14, 0x11, 0x11, 0x11, 0x11, 0x11, 0x41, 0x22, 0x34, 0x31,
    0x13, 0x11, 0x11, 0x11, 0x11, 0x11, 0x11, 0x24, 0x11, 0x71, 0x33, 0x11, 0x11, 0x13, 0x11, 0x11,
    0x31, 0x11, 0x13, 0x99, 0x34, 0x16, 0x43, 0x11, 0x51, 0x11, 0x11, 0x73, 0xa4, 0x9a, 0x84, 0x44,
    0x36, 0x11, 0x1a, 0x13, 0x41, 0x76, 0xcc, 0x7c, 0x6a, 0x66, 0x34, 0x91, 0x63, 0x31, 0x33, 0x93,
    0x9c, 0x34, 0x43, 0x65, 0x63, 0x46, 0x36, 0x31, 0x44, 0xc8, 0x69, 0x34, 0x43, 0x36, 0x5a, 0x63,
    0x34, 0x77, 0x84, 0x7a, 0x74, 0x47, 0x46, 0x85, 0x40, 0x46, 0x79, 0x46, 0xa9, 0x47, 0x76, 0x66,
    0x54, 0x00, 0x50, 0x93, 0xaa, 0xa7, 0x8c, 0xa7, 0x7b, 0x49, 0x05, 0x00, 0x45, 0x96, 0x8a, 0x9a,
    0x46, 0xac, 0x86, 0x34, 0x00, 0x30, 0x34, 0x76, 0x66, 0x36, 0x94, 0x76, 0x46, 0x00, 0x00, 0x40,
    0x36, 0x76, 0x87, 0x68, 0x76, 0x66, 0x03, 0x00, 0x00, 0x50, 0x64, 0x88, 0xbb, 0x6b, 0x44, 0x03,
    0x00, 0x00, 0x00, 0x43, 0x75, 0x55, 0x55, 0x37, 0x03, 0x00, 0x00, 0x00, 0x00, 0x53, 0x85, 0xbb,
    0x6b, 0x03, 0x00, 0x00, 0x00, 0x00, 0x00, 0x30, 0x44, 0x44, 0x00, 0x00, 0x00, 0x00,
};

static const uint8_t ui_pixels_stkeys0[40] = {
    0x22, 0x72, 0xb7, 0x77, 0x22, 0x22, 0x72, 0xb7, 0x77, 0x22, 0x22, 0x29, 0x92, 0x22, 0x2c, 0x22,
    0x29, 0x92, 0x22, 0x2c, 0x22, 0x92, 0x29, 0x22, 0x22, 0x22, 0x29, 0x92, 0x22, 0x12, 0x22, 0x29,
    0x92, 0x22, 0x12, 0x22, 0x22, 0x22, 0x22, 0x11,
};

static const uint8_t ui_pixels_pisga0[759] = {
    0x00, 0x00, 0x00, 0x00, 0x00, 0x00, 0x00, 0x00, 0x00, 0x00, 0x00, 0x00, 0x00, 0x00, 0x06, 0x00,
    0x00, 0x00, 0x00, 0x00, 0x00, 0x00, 0x00, 0x00, 0x00, 0x00, 0x00, 0x00, 0x00, 0x00, 0x00, 0x00,
    0x00, 0x00, 0x00, 0x00, 0x00, 0x00, 0x00, 0x00, 0x00, 0x00, 0x00, 0x00, 0x00, 0x00, 0x00, 0x02,
    0x00, 0x00, 0x00, 0x00, 0x00, 0x00, 0x00, 0x00, 0x00, 0x00, 0x00, 0x00, 0x00, 0x00, 0x00, 0x00,
    0x00, 0x00, 0x00, 0x00, 0x00, 0x00, 0x00, 0x00, 0x00, 0x00, 0x00, 0x00, 0x00, 0x00, 0x00, 0x55,
    0x31, 0x02, 0x00, 0x00, 0x00, 0x00, 0x00, 0x00, 0x00, 0x00, 0x00, 0x00, 0x00, 0x00, 0x00, 0x00,
    0x00, 0x00, 0x00, 0x00, 0x00, 0x00, 0x00, 0x00, 0x00, 0x00, 0x00, 0x00, 0x00, 0x00, 0x00, 0x60,
    0x56, 0x54, 0x33, 0x03, 0x00, 0x00, 0x00, 0x00, 0x00, 0x00, 0x00, 0x00, 0x00, 0x00, 0x00, 0x00,
    0x00, 0x00, 0x00, 0x00, 0x00, 0x00, 0x00, 0x00, 0x00, 0x00, 0x00, 0x00, 0x00, 0x00, 0x00, 0x00,
    0x75, 0x56, 0x45, 0x55, 0x05, 0x00, 0x00, 0x00, 0x00, 0x00, 0x00, 0x00, 0x00, 0x00, 0x00, 0x00,
    0x00, 0x00, 0x00, 0x00, 0x00, 0x00, 0x00, 0x00, 0x00, 0x00, 0x00, 0x00, 0x00, 0x00, 0x00, 0x00,
    0x85, 0x68, 0x56, 0x55, 0x66, 0x45, 0x01, 0x00, 0x00, 0x00, 0x00, 0x00, 0x00, 0x00, 0x00, 0x00,
    0x00, 0x00, 0x00, 0x00, 0x00, 0x00, 0x00, 0x00, 0x00, 0x00, 0x00, 0x00, 0x00, 0x00, 0x00, 0x00,
    0x50, 0x88, 0x79, 0x56, 0x65, 0x44, 0x46, 0x23, 0x01, 0x00, 0x00, 0x00, 0x00, 0x00, 0x00, 0x00,
    0x00, 0x00, 0x00, 0x00, 0x00, 0x00, 0x00, 0x00, 0x00, 0x00, 0x00, 0x00, 0x00, 0x00, 0x00, 0x00,
    0x00, 0x80, 0x74, 0x38, 0x32, 0x45, 0x32, 0x14, 0x43, 0x02, 0x00, 0x00, 0x00, 0x00, 0x00, 0x00,
    0x00, 0x00, 0x00, 0x00, 0x00, 0x00, 0x00, 0x00, 0x00, 0x00, 0x00, 0x00, 0x00, 0x00, 0x00, 0x00,
    0x00, 0x00, 0x63, 0x99, 0x35, 0x33, 0x33, 0x33, 0x33, 0x23, 0x24, 0x00, 0x00, 0x00, 0x00, 0x00,
    0x00, 0x00, 0x00, 0x00, 0x00, 0x00, 0x00, 0x00, 0x00, 0x00, 0x00, 0x00, 0x00, 0x00, 0x00, 0x00,
    0x00, 0x00, 0x00, 0x56, 0x33, 0x12, 0x11, 0x11, 0x11, 0x11, 0x21, 0x33, 0x01, 0x00, 0x00, 0x00,
    0x00, 0x00, 0x00, 0x00, 0x00, 0x00, 0x00, 0x00, 0x00, 0x00, 0x00, 0x00, 0x00, 0x00, 0x00, 0x00,
    0x00, 0x00, 0x00, 0x50, 0x28, 0x62, 0x13, 0x11, 0x11, 0x11, 0x31, 0x11, 0x31, 0x01, 0x00, 0x00,
    0x00, 0x00, 0x00, 0x00, 0x00, 0x00, 0x00, 0x00, 0x00, 0x00, 0x00, 0x00, 0x00, 0x00, 0x00, 0x00,
    0x00, 0x00, 0x00, 0x00, 0x60, 0x15, 0x54, 0x12, 0x11, 0x11, 0x11, 0x41, 0x12, 0x11, 0x01, 0x00,
    0x00, 0x00, 0x00, 0x00, 0x00, 0x00, 0x00, 0x00, 0x00, 0x00, 0x00, 0x00, 0x00, 0x00, 0x00, 0x00,
    0x00, 0x00, 0x00, 0x00, 0x00, 0x30, 0x31, 0x33, 0x33, 0x33, 0x13, 0x13, 0x11, 0x21, 0x12, 0x01,
    0x00, 0x00, 0x00, 0x00, 0x00, 0x00, 0x00, 0x00, 0x00, 0x00, 0x00, 0x00, 0x00, 0x00, 0x00, 0x00,
    0x00, 0x00, 0x00, 0x00, 0x00, 0x00, 0x10, 0x51, 0x34, 0x33, 0x33, 0x13, 0x13, 0x11, 0x31, 0x33,
    0x01, 0x00, 0x00, 0x00, 0x00, 0x00, 0x00, 0x00, 0x00, 0x00, 0x00, 0x00, 0x00, 0x00, 0x00, 0x00,
    0x00, 0x00, 0x00, 0x00, 0x00, 0x00, 0x00, 0x10, 0x63, 0x55, 0x34, 0x44, 0x44, 0x43, 0x45, 0x34,
    0x44, 0x01, 0x00, 0x00, 0x00, 0x00, 0x00, 0x00, 0x00, 0x00, 0x00, 0x00, 0x00, 0x00, 0x00, 0x00,
    0x00, 0x00, 0x00, 0x00, 0x00, 0x00, 0x00, 0x00, 0x10, 0x63, 0x78, 0x66, 0x66, 0x66, 0x56, 0x65,
    0x56, 0x23, 0x01, 0x00, 0x00, 0x00, 0x00, 0x00, 0x00, 0x00, 0x00, 0x00, 0x00, 0x00, 0x00, 0x00,
    0x00, 0x00, 0x00, 0x00, 0x00, 0x00, 0x00, 0x00, 0x00, 0x10, 0x32, 0x75, 0x87, 0x88, 0x88, 0x78,
    0x56, 0x33, 0x12, 0x31, 0x33, 0x00, 0x00, 0x00, 0x00, 0x00, 0x00, 0x00, 0x00, 0x00, 0x00, 0x00,
    0x00, 0x00, 0x00, 0x00, 0x00, 0x00, 0x00, 0x00, 0x00, 0x00, 0x10, 0x21, 0x33, 0x33, 0x33, 0x33,
    0x22, 0x33, 0x11, 0x11, 0x31, 0x44, 0x33, 0x00, 0x00, 0x00, 0x00, 0x00, 0x00, 0x00, 0x00, 0x00,
    0x00, 0x00, 0x00, 0x00, 0x00, 0x00, 0x00, 0x00, 0x00, 0x00, 0x00, 0x10, 0x21, 0x11, 0x12, 0x11,
    0x11, 0x11, 0x12, 0x11, 0x11, 0x43, 0x55, 0x45, 0x03, 0x00, 0x00, 0x00, 0x00, 0x00, 0x00, 0x00,
    0x00, 0x00, 0x00, 0x00, 0x00, 0x00, 0x00, 0x00, 0x00, 0x00, 0x00, 0x00, 0x10, 0x21, 0x21, 0x22,
    0x22, 0x22, 0x22, 0x12, 0x11, 0x11, 0x54, 0x55, 0x55, 0x45, 0x00, 0x00, 0x00, 0x00, 0x00, 0x00,
    0x00, 0x00, 0x00, 0x00, 0x00, 0x00, 0x00, 0x00, 0x00, 0x00, 0x30, 0x44, 0x45, 0x23, 0x21, 0x22,
    0x33, 0x33, 0x33, 0x33, 0x13, 0x11, 0x11, 0x65, 0x76, 0x77, 0x66, 0x04, 0x00, 0x00, 0x00, 0x00,
    0x00, 0x00, 0x00, 0x00, 0x00, 0x00, 0x00, 0x00, 0x00, 0x00, 0x00, 0x43, 0x55, 0x55, 0x35, 0x11,
    0x22, 0x33, 0x33, 0x33, 0x33, 0x13, 0x11, 0x31, 0x76, 0x77, 0x77, 0x66, 0x34, 0x00, 0x00, 0x00,
    0x00, 0x00, 0x00, 0x00, 0x00, 0x00, 0x00, 0x00, 0x00, 0x00, 0x00, 0x20, 0x53, 0x55, 0x55, 0x35,
    0x13, 0x12, 0x33, 0x33, 0x33, 0x33, 0x13, 0x11, 0x52, 0x76, 0x77, 0x77, 0x66, 0x45, 0x03, 0x00,
    0x00, 0x00, 0x00, 0x00, 0x00, 0x00, 0x00,
};

static const uint8_t ui_pixels_pisgb0[1056] = {
    0x00, 0x00, 0x00, 0x00, 0x00, 0x00, 0x00, 0x00, 0x00, 0x00, 0x00, 0x00, 0x00, 0x00, 0x06, 0x00,
    0x00, 0x00, 0x00, 0x00, 0x00, 0x00, 0x00, 0x00, 0x00, 0x00, 0x00, 0x00, 0x00, 0x00, 0x00, 0x00,
    0x00, 0x00, 0x00, 0x00, 0x00, 0x00, 0x00, 0x00, 0x00, 0x00, 0x00, 0x00, 0x00, 0x00, 0x00, 0x02,
    0x00, 0x00, 0x00, 0x00, 0x00, 0x00, 0x00, 0x00, 0x00, 0x00, 0x00, 0x00, 0x00, 0x00, 0x00, 0x00,
    0x00, 0x00, 0x00, 0x00, 0x00, 0x00, 0x00, 0x00, 0x00, 0x00, 0x00, 0x00, 0x00, 0x00, 0x00, 0x45,
    0x31, 0x02, 0x00, 0x00, 0x00, 0x00, 0x00, 0x00, 0x00, 0x00, 0x00, 0x00, 0x00, 0x00, 0x00, 0x00,
    0x00, 0x00, 0x00, 0x00, 0x00, 0x00, 0x00, 0x00, 0x00, 0x00, 0x00, 0x00, 0x00, 0x00, 0x00, 0x50,
    0x56, 0x53, 0x14, 0x00, 0x00, 0x00, 0x00, 0x00, 0x00, 0x00, 0x00, 0x00, 0x00, 0x00, 0x00, 0x00,
    0x00, 0x00, 0x00, 0x00, 0x00, 0x00, 0x00, 0x00, 0x00, 0x00, 0x00, 0x00, 0x00, 0x00, 0x00, 0x00,
    0x65, 0x55, 0x45, 0x35, 0x02, 0x00, 0x00, 0x00, 0x00, 0x00, 0x00, 0x00, 0x00, 0x00, 0x00, 0x00,
    0x00, 0x00, 0x00, 0x00, 0x00, 0x00, 0x00, 0x00, 0x00, 0x00, 0x00, 0x00, 0x00, 0x00, 0x00, 0x00,
    0x50, 0x86, 0x55, 0x55, 0x55, 0x23, 0x00, 0x00, 0x00, 0x00, 0x00, 0x00, 0x00, 0x00, 0x00, 0x00,
    0x00, 0x00, 0x00, 0x00, 0x00, 0x00, 0x00, 0x00, 0x00, 0x00, 0x00, 0x00, 0x00, 0x00, 0x00, 0x00,
    0x00, 0x75, 0x74, 0x55, 0x55, 0x55, 0x43, 0x02, 0x00, 0x00, 0x00, 0x00, 0x00, 0x00, 0x00, 0x00,
    0x00, 0x00, 0x00, 0x00, 0x00, 0x00, 0x00, 0x00, 0x00, 0x00, 0x00, 0x00, 0x00, 0x00, 0x00, 0x00,
    0x00, 0x50, 0x88, 0x63, 0x56, 0x55, 0x55, 0x44, 0x14, 0x00, 0x00, 0x00, 0x00, 0x00, 0x00, 0x00,
    0x00, 0x00, 0x00, 0x00, 0x00, 0x00, 0x00, 0x00, 0x00, 0x00, 0x00, 0x00, 0x00, 0x00, 0x00, 0x00,
    0x00, 0x00, 0x70, 0x88, 0xa4, 0x9a, 0x75, 0x89, 0x47, 0x23, 0x00, 0x00, 0x00, 0x00, 0x00, 0x00,
    0x00, 0x00, 0x00, 0x00, 0x00, 0x00, 0x00, 0x00, 0x00, 0x00, 0x00, 0x00, 0x00, 0x00, 0x00, 0x00,
    0x00, 0x00, 0x00, 0x80, 0x15, 0x79, 0x56, 0x65, 0x44, 0x16, 0x43, 0x02, 0x00, 0x00, 0x00, 0x00,
    0x00, 0x00, 0x00, 0x00, 0x00, 0x00, 0x00, 0x00, 0x00, 0x00, 0x00, 0x00, 0x00, 0x00, 0x00, 0x00,
    0x00, 0x00, 0x00, 0x00, 0x70, 0x86, 0x37, 0x33, 0x34, 0x33, 0x33, 0x32, 0x04, 0x00, 0x00, 0x00,
    0x00, 0x00, 0x00, 0x00, 0x00, 0x00, 0x00, 0x00, 0x00, 0x00, 0x00, 0x00, 0x00, 0x00, 0x00, 0x00,
    0x00, 0x00, 0x00, 0x00, 0x00, 0x9a, 0x38, 0x33, 0x33, 0x33, 0x22, 0x22, 0x43, 0x32, 0x00, 0x00,
    0x00, 0x00, 0x00, 0x00, 0x00, 0x00, 0x00, 0x00, 0x00, 0x00, 0x00, 0x00, 0x00, 0x00, 0x00, 0x00,
    0x00, 0x00, 0x00, 0x00, 0x00, 0x00, 0x5a, 0x33, 0x12, 0x11, 0x11, 0x11, 0x11, 0x21, 0x33, 0x00,
    0x00, 0x00, 0x00, 0x00, 0x00, 0x00, 0x00, 0x00, 0x00, 0x00, 0x00, 0x00, 0x00, 0x00, 0x00, 0x00,
    0x00, 0x00, 0x00, 0x00, 0x00, 0x00, 0x50, 0x17, 0x63, 0x13, 0x11, 0x11, 0x11, 0x41, 0x11, 0x11,
    0x00, 0x00, 0x00, 0x00, 0x00, 0x00, 0x00, 0x00, 0x00, 0x00, 0x00, 0x00, 0x00, 0x00, 0x00, 0x00,
    0x00, 0x00, 0x00, 0x00, 0x00, 0x00, 0x00, 0x40, 0x12, 0x33, 0x22, 0x22, 0x32, 0x33, 0x33, 0x12,
    0x11, 0x00, 0x00, 0x00, 0x00, 0x00, 0x00, 0x00, 0x00, 0x00, 0x00, 0x00, 0x00, 0x00, 0x00, 0x00,
    0x00, 0x00, 0x00, 0x00, 0x00, 0x00, 0x00, 0x00, 0x30, 0x31, 0x33, 0x33, 0x33, 0x13, 0x13, 0x11,
    0x21, 0x12, 0x00, 0x00, 0x00, 0x00, 0x00, 0x00, 0x00, 0x00, 0x00, 0x00, 0x00, 0x00, 0x00, 0x00,
    0x00, 0x00, 0x00, 0x00, 0x00, 0x00, 0x00, 0x00, 0x00, 0x10, 0x53, 0x44, 0x33, 0x33, 0x13, 0x23,
    0x21, 0x31, 0x33, 0x00, 0x00, 0x00, 0x00, 0x00, 0x00, 0x00, 0x00, 0x00, 0x00, 0x00, 0x00, 0x00,
    0x00, 0x00, 0x00, 0x00, 0x00, 0x00, 0x00, 0x00, 0x00, 0x00, 0x10, 0x73, 0x56, 0x55, 0x55, 0x55,
    0x44, 0x44, 0x54, 0x34, 0x00, 0x00, 0x00, 0x00, 0x00, 0x00, 0x00, 0x00, 0x00, 0x00, 0x00, 0x00,
    0x00, 0x00, 0x00, 0x00, 0x00, 0x00, 0x00, 0x00, 0x00, 0x00, 0x00, 0x10, 0x63, 0x78, 0x66, 0x66,
    0x66, 0x56, 0x65, 0x56, 0x23, 0x00, 0x00, 0x00, 0x00, 0x00, 0x00, 0x00, 0x00, 0x00, 0x00, 0x00,
    0x00, 0x00, 0x00, 0x00, 0x00, 0x00, 0x00, 0x00, 0x00, 0x00, 0x00, 0x00, 0x10, 0x31, 0x43, 0x33,
    0x33, 0x33, 0x33, 0x33, 0x21, 0x11, 0x31, 0x43, 0x03, 0x00, 0x00, 0x00, 0x00, 0x00, 0x00, 0x00,
    0x00, 0x00, 0x00, 0x00, 0x00, 0x00, 0x00, 0x00, 0x00, 0x00, 0x00, 0x00, 0x00, 0x10, 0x11, 0x11,
    0x11, 0x11, 0x11, 0x11, 0x11, 0x11, 0x11, 0x43, 0x55, 0x34, 0x00, 0x00, 0x00, 0x00, 0x00, 0x00,
    0x00, 0x00, 0x00, 0x00, 0x00, 0x00, 0x00, 0x00, 0x00, 0x00, 0x00, 0x00, 0x00, 0x00, 0x10, 0x21,
    0x11, 0x12, 0x11, 0x11, 0x11, 0x12, 0x11, 0x11, 0x43, 0x55, 0x45, 0x03, 0x00, 0x00, 0x00, 0x00,
    0x00, 0x00, 0x00, 0x00, 0x00, 0x00, 0x00, 0x00, 0x00, 0x00, 0x00, 0x00, 0x00, 0x33, 0x34, 0x12,
    0x21, 0x12, 0x33, 0x33, 0x33, 0x23, 0x12, 0x11, 0x11, 0x54, 0x66, 0x66, 0x55, 0x00, 0x00, 0x00,
    0x00, 0x00, 0x00, 0x00, 0x00, 0x00, 0x00, 0x00, 0x00, 0x00, 0x00, 0x00, 0x00, 0x43, 0x55, 0x45,
    0x34, 0x11, 0x12, 0x33, 0x33, 0x33, 0x33, 0x13, 0x11, 0x11, 0x65, 0x77, 0x77, 0x66, 0x44, 0x00,
    0x00, 0x00, 0x00, 0x00, 0x00, 0x00, 0x00, 0x00, 0x00, 0x00, 0x00, 0x00, 0x00, 0x00, 0x43, 0x55,
    0x55, 0x35, 0x11, 0x22, 0x33, 0x33, 0x33, 0x33, 0x13, 0x11, 0x31, 0x76, 0x77, 0x77, 0x66, 0x34,
    0x00, 0x00, 0x00, 0x00, 0x00, 0x00, 0x00, 0x00, 0x00, 0x00, 0x00, 0x00, 0x00, 0x00, 0x20, 0x53,
    0x55, 0x55, 0x45, 0x14, 0x11, 0x42, 0x44, 0x44, 0x33, 0x13, 0x11, 0x54, 0x77, 0x77, 0x77, 0x66,
    0x45, 0x03, 0x00, 0x00, 0x00, 0x00, 0x00, 0x00, 0x00, 0x00, 0x00, 0x00, 0x00, 0x00, 0x00, 0x20,
    0x53, 0x66, 0x77, 0x77, 0x36, 0x22, 0x31, 0x33, 0x33, 0x33, 0x12, 0x52, 0x66, 0x77, 0x77, 0x67,
    0x56, 0x34, 0x03, 0x00, 0x00, 0x00, 0x00, 0x00, 0x00, 0x00, 0x00, 0x00, 0x00, 0x00, 0x00, 0x00,
    0x20, 0x64, 0x76, 0x77, 0x77, 0x56, 0x33, 0x22, 0x22, 0x22, 0x22, 0x33, 0x65, 0x76, 0x77, 0x77,
    0x66, 0x55, 0x33, 0x23, 0x00, 0x00, 0x00, 0x00, 0x00, 0x00, 0x00, 0x00, 0x00, 0x00, 0x00, 0x00,
    0x00, 0x32, 0x64, 0x77, 0x77, 0x77, 0x67, 0x66, 0x55, 0x54, 0x65, 0x66, 0x76, 0x77, 0x77, 0x77,
    0x77, 0x56, 0x45, 0x33, 0x43, 0x00, 0x00, 0x00, 0x00, 0x00, 0x00, 0x00, 0x00, 0x00, 0x00, 0x00,
    0x00, 0x00, 0x32, 0x64, 0x66, 0x76, 0x77, 0x77, 0x77, 0x67, 0x66, 0x76, 0x77, 0x77, 0x77, 0x77,
    0x77, 0x77, 0x55, 0x34, 0x33, 0x54, 0x03, 0x00, 0x00, 0x00, 0x00, 0x00, 0x00, 0x00, 0x00, 0x00,
    0x00, 0x00, 0x00, 0x32, 0x54, 0x66, 0x66, 0x76, 0x77, 0x77, 0x67, 0x77, 0x77, 0x77, 0x77, 0x77,
    0x77, 0x77, 0x77, 0x45, 0x34, 0x33, 0x54, 0x35, 0x00, 0x00, 0x00, 0x00, 0x00, 0x00, 0x00, 0x00,
    0x00, 0x00, 0x00, 0x20, 0x22, 0x53, 0x65, 0x66, 0x66, 0x76, 0x77, 0x77, 0x77, 0x77, 0x77, 0x77,
    0x77, 0x77, 0x77, 0x67, 0x45, 0x33, 0x33, 0x44, 0x23, 0x00, 0x00, 0x00, 0x00, 0x00, 0x00, 0x00,
};

static const uint8_t ui_pixels_pisgc0[972] = {
    0x00, 0x00, 0x00, 0x00, 0x00, 0x00, 0x00, 0x00, 0x00, 0x00, 0x00, 0x00, 0x00, 0x00, 0x66, 0x00,
    0x00, 0x00, 0x00, 0x00, 0x00, 0x00, 0x00, 0x00, 0x00, 0x00, 0x00, 0x00, 0x00, 0x00, 0x00, 0x00,
    0x00, 0x00, 0x00, 0x00, 0x00, 0x00, 0x00, 0x00, 0x00, 0x00, 0x00, 0x00, 0x00, 0x00, 0x00, 0x20,
    0x02, 0x00, 0x00, 0x00, 0x00, 0x00, 0x00, 0x00, 0x00, 0x00, 0x00, 0x00, 0x00, 0x00, 0x00, 0x00,
    0x00, 0x00, 0x00, 0x00, 0x00, 0x00, 0x00, 0x00, 0x00, 0x00, 0x00, 0x00, 0x00, 0x00, 0x00, 0x00,
    0x50, 0x33, 0x22, 0x00, 0x00, 0x00, 0x00, 0x00, 0x00, 0x00, 0x00, 0x00, 0x00, 0x00, 0x00, 0x00,
    0x00, 0x00, 0x00, 0x00, 0x00, 0x00, 0x00, 0x00, 0x00, 0x00, 0x00, 0x00, 0x00, 0x00, 0x00, 0x00,
    0x40, 0x86, 0x45, 0x43, 0x24, 0x02, 0x00, 0x00, 0x00, 0x00, 0x00, 0x00, 0x00, 0x00, 0x00, 0x00,
    0x00, 0x00, 0x00, 0x00, 0x00, 0x00, 0x00, 0x00, 0x00, 0x00, 0x00, 0x00, 0x00, 0x00, 0x00, 0x00,
    0x00, 0x00, 0x76, 0x57, 0x44, 0x44, 0x13, 0x02, 0x00, 0x00, 0x00, 0x00, 0x00, 0x00, 0x00, 0x00,
    0x00, 0x00, 0x00, 0x00, 0x00, 0x00, 0x00, 0x00, 0x00, 0x00, 0x00, 0x00, 0x00, 0x00, 0x00, 0x00,
    0x00, 0x00, 0x00, 0x65, 0x58, 0x55, 0x45, 0x44, 0x12, 0x02, 0x00, 0x00, 0x00, 0x00, 0x00, 0x00,
    0x00, 0x00, 0x00, 0x00, 0x00, 0x00, 0x00, 0x00, 0x00, 0x00, 0x00, 0x00, 0x00, 0x00, 0x00, 0x00,
    0x00, 0x00, 0x00, 0x00, 0x85, 0x87, 0x55, 0x55, 0x45, 0x34, 0x33, 0x00, 0x00, 0x00, 0x00, 0x00,
    0x00, 0x00, 0x00, 0x00, 0x00, 0x00, 0x00, 0x00, 0x00, 0x00, 0x00, 0x00, 0x00, 0x00, 0x00, 0x00,
    0x00, 0x00, 0x00, 0x00, 0x00, 0x73, 0x75, 0x57, 0x55, 0x55, 0x44, 0x13, 0x22, 0x00, 0x00, 0x00,
    0x00, 0x00, 0x00, 0x00, 0x00, 0x00, 0x00, 0x00, 0x00, 0x00, 0x00, 0x00, 0x00, 0x00, 0x00, 0x00,
    0x00, 0x00, 0x00, 0x00, 0x00, 0x00, 0x50, 0x86, 0x68, 0x55, 0x55, 0x55, 0x35, 0x33, 0x02, 0x00,
    0x00, 0x00, 0x00, 0x00, 0x00, 0x00, 0x00, 0x00, 0x00, 0x00, 0x00, 0x00, 0x00, 0x00, 0x00, 0x00,
    0x00, 0x00, 0x00, 0x00, 0x00, 0x00, 0x00, 0x60, 0x57, 0x92, 0x55, 0x55, 0x55, 0x55, 0x24, 0x21,
    0x02, 0x00, 0x00, 0x00, 0x00, 0x00, 0x00, 0x00, 0x00, 0x00, 0x00, 0x00, 0x00, 0x00, 0x00, 0x00,
    0x00, 0x00, 0x00, 0x00, 0x00, 0x00, 0x00, 0x00, 0x00, 0x55, 0x76, 0x59, 0x55, 0x55, 0x55, 0x45,
    0x33, 0x11, 0x00, 0x00, 0x00, 0x00, 0x00, 0x00, 0x00, 0x00, 0x00, 0x00, 0x00, 0x00, 0x00, 0x00,
    0x00, 0x00, 0x00, 0x00, 0x00, 0x00, 0x00, 0x00, 0x00, 0x00, 0x80, 0x58, 0x91, 0x77, 0x56, 0x65,
    0x46, 0x23, 0x31, 0x12, 0x00, 0x00, 0x00, 0x00, 0x00, 0x00, 0x00, 0x00, 0x00, 0x00, 0x00, 0x00,
    0x00, 0x00, 0x00, 0x00, 0x00, 0x00, 0x00, 0x00, 0x00, 0x00, 0x00, 0x00, 0x38, 0x51, 0x79, 0x55,
    0x43, 0x45, 0x45, 0x12, 0x32, 0x01, 0x00, 0x00, 0x00, 0x00, 0x00, 0x00, 0x00, 0x00, 0x00, 0x00,
    0x00, 0x00, 0x00, 0x00, 0x00, 0x00, 0x00, 0x00, 0x00, 0x00, 0x00, 0x00, 0x00, 0x50, 0x65, 0x77,
    0x15, 0x32, 0x53, 0x52, 0x33, 0x12, 0x22, 0x00, 0x00, 0x00, 0x00, 0x00, 0x00, 0x00, 0x00, 0x00,
    0x00, 0x00, 0x00, 0x00, 0x00, 0x00, 0x00, 0x00, 0x00, 0x00, 0x00, 0x00, 0x00, 0x00, 0x50, 0x78,
    0xa8, 0x33, 0x33, 0x55, 0x33, 0x33, 0x35, 0x33, 0x23, 0x00, 0x00, 0x00, 0x00, 0x00, 0x00, 0x00,
    0x00, 0x00, 0x00, 0x00, 0x00, 0x00, 0x00, 0x00, 0x00, 0x00, 0x00, 0x00, 0x00, 0x00, 0x00, 0x00,
    0x88, 0x99, 0x35, 0x33, 0x33, 0x33, 0x23, 0x32, 0x32, 0x33, 0x02, 0x00, 0x00, 0x00, 0x00, 0x00,
    0x00, 0x00, 0x00, 0x00, 0x00, 0x00, 0x00, 0x00, 0x00, 0x00, 0x00, 0x00, 0x00, 0x00, 0x00, 0x00,
    0x00, 0x80, 0x89, 0x35, 0x11, 0x11, 0x11, 0x11, 0x11, 0x12, 0x33, 0x23, 0x00, 0x00, 0x00, 0x00,
    0x00, 0x00, 0x00, 0x00, 0x00, 0x00, 0x00, 0x00, 0x00, 0x00, 0x00, 0x00, 0x00, 0x00, 0x00, 0x00,
    0x00, 0x00, 0x00, 0x48, 0x33, 0x33, 0x33, 0x23, 0x11, 0x12, 0x12, 0x11, 0x21, 0x03, 0x00, 0x00,
    0x00, 0x00, 0x00, 0x00, 0x00, 0x00, 0x00, 0x00, 0x00, 0x00, 0x00, 0x00, 0x00, 0x00, 0x00, 0x00,
    0x00, 0x00, 0x00, 0x00, 0x65, 0x31, 0x45, 0x33, 0x33, 0x43, 0x32, 0x32, 0x24, 0x11, 0x21, 0x00,
    0x00, 0x00, 0x00, 0x00, 0x00, 0x00, 0x00, 0x00, 0x00, 0x00, 0x00, 0x00, 0x00, 0x00, 0x00, 0x00,
    0x00, 0x00, 0x00, 0x00, 0x00, 0x40, 0x25, 0x66, 0x45, 0x34, 0x44, 0x44, 0x53, 0x43, 0x34, 0x11,
    0x02, 0x00, 0x00, 0x00, 0x00, 0x00, 0x00, 0x00, 0x00, 0x00, 0x00, 0x00, 0x00, 0x00, 0x00, 0x00,
    0x00, 0x00, 0x00, 0x00, 0x00, 0x00, 0x00, 0x44, 0x42, 0x86, 0x66, 0x66, 0x66, 0x66, 0x55, 0x66,
    0x23, 0x21, 0x43, 0x33, 0x00, 0x00, 0x00, 0x00, 0x00, 0x00, 0x00, 0x00, 0x00, 0x00, 0x00, 0x00,
    0x00, 0x00, 0x00, 0x00, 0x00, 0x00, 0x00, 0x00, 0x30, 0x14, 0x32, 0x33, 0x33, 0x33, 0x33, 0x33,
    0x33, 0x11, 0x11, 0x42, 0x55, 0x34, 0x03, 0x00, 0x00, 0x00, 0x00, 0x00, 0x00, 0x00, 0x00, 0x00,
    0x00, 0x00, 0x00, 0x00, 0x00, 0x00, 0x00, 0x00, 0x00, 0x00, 0x42, 0x11, 0x32, 0x23, 0x33, 0x33,
    0x23, 0x33, 0x13, 0x11, 0x21, 0x54, 0x55, 0x34, 0x04, 0x00, 0x00, 0x00, 0x00, 0x00, 0x00, 0x00,
    0x00, 0x00, 0x00, 0x00, 0x00, 0x00, 0x00, 0x00, 0x00, 0x00, 0x40, 0x44, 0x12, 0x21, 0x21, 0x22,
    0x22, 0x22, 0x22, 0x13, 0x11, 0x11, 0x52, 0x76, 0x66, 0x55, 0x04, 0x00, 0x00, 0x00, 0x00, 0x00,
    0x00, 0x00, 0x00, 0x00, 0x00, 0x00, 0x00, 0x00, 0x00, 0x00, 0x30, 0x54, 0x55, 0x44, 0x11, 0x22,
    0x33, 0x33, 0x33, 0x33, 0x22, 0x11, 0x11, 0x53, 0x77, 0x77, 0x67, 0x56, 0x04, 0x00, 0x00, 0x00,
    0x00, 0x00, 0x00, 0x00, 0x00, 0x00, 0x00, 0x00, 0x00, 0x00, 0x00, 0x30, 0x44, 0x55, 0x55, 0x15,
    0x11, 0x32, 0x33, 0x33, 0x33, 0x33, 0x12, 0x11, 0x41, 0x76, 0x77, 0x77, 0x67, 0x35, 0x00, 0x00,
    0x00, 0x00, 0x00, 0x00, 0x00, 0x00, 0x00, 0x00, 0x00, 0x00, 0x00, 0x00, 0x00, 0x43, 0x55, 0x55,
    0x55, 0x12, 0x21, 0x33, 0x33, 0x33, 0x33, 0x23, 0x11, 0x31, 0x65, 0x77, 0x77, 0x67, 0x55, 0x33,
    0x00, 0x00, 0x00, 0x00, 0x00, 0x00, 0x00, 0x00, 0x00, 0x00, 0x00, 0x00, 0x00, 0x00, 0x32, 0x54,
    0x66, 0x66, 0x46, 0x13, 0x21, 0x43, 0x44, 0x44, 0x34, 0x12, 0x31, 0x65, 0x77, 0x77, 0x67, 0x56,
    0x34, 0x02, 0x00, 0x00, 0x00, 0x00, 0x00, 0x00, 0x00, 0x00, 0x00, 0x00, 0x00, 0x00, 0x00, 0x20,
    0x53, 0x65, 0x77, 0x77, 0x35, 0x13, 0x31, 0x54, 0x55, 0x55, 0x23, 0x11, 0x64, 0x76, 0x77, 0x77,
    0x56, 0x45, 0x33, 0x02, 0x00, 0x00, 0x00, 0x00, 0x00, 0x00, 0x00, 0x00,
};

static const uint8_t ui_pixels_pisfa0[234] = {
    0x00, 0x00, 0x00, 0x00, 0x00, 0x00, 0x20, 0x00, 0x00, 0x00, 0x00, 0x00, 0x00, 0x00, 0x00, 0x00,
    0x00, 0x00, 0x20, 0x43, 0x23, 0x00, 0x00, 0x00, 0x00, 0x00, 0x00, 0x00, 0x00, 0x00, 0x42, 0x76,
    0x98, 0x78, 0x46, 0x02, 0x00, 0x00, 0x00, 0x00, 0x00, 0x00, 0x42, 0x85, 0xbb, 0xeb, 0xbb, 0x8b,
    0x45, 0x02, 0x00, 0x00, 0x00, 0x00, 0x20, 0x64, 0xb8, 0xdc, 0xfe, 0xde, 0xbc, 0x68, 0x24, 0x00,
    0x00, 0x00, 0x20, 0x74, 0x98, 0xeb, 0xff, 0xff, 0xff, 0xef, 0x9b, 0x78, 0x24, 0x00, 0x00, 0x42,
    0x97, 0xee, 0xff, 0xff, 0xff, 0xff, 0xff, 0xef, 0x9e, 0x47, 0x02, 0x00, 0x42, 0xe8, 0xff, 0xff,
    0xff, 0xff, 0xff, 0xff, 0xff, 0xef, 0x48, 0x02, 0x20, 0xa4, 0xfe, 0xff, 0xff, 0xff, 0xff, 0xff,
    0xff, 0xff, 0xff, 0xae, 0x24, 0x42, 0xe8, 0xff, 0xff, 0xff, 0xff, 0xbf, 0xff, 0xff, 0xff, 0xff,
    0xef, 0x48, 0x52, 0xec, 0xff, 0xff, 0xff, 0xef, 0x9b, 0xeb, 0xff, 0xff, 0xff, 0xef, 0x5c, 0x52,
    0xec, 0xff, 0xff, 0xef, 0x6b, 0x00, 0x60, 0xeb, 0xff, 0xff, 0xef, 0x5c, 0x20, 0xb7, 0xfe, 0xff,
    0x4f, 0x00, 0x00, 0x00, 0x40, 0xff, 0xff, 0xbe, 0x27, 0x20, 0x94, 0xfc, 0xff, 0x6e, 0x00, 0x00,
    0x00, 0x60, 0xfe, 0xff, 0x9c, 0x24, 0x00, 0x52, 0xe9, 0xbf, 0x53, 0x00, 0x00, 0x00, 0x50, 0xb3,
    0xef, 0x59, 0x02, 0x00, 0x42, 0x95, 0x08, 0x93, 0x00, 0x00, 0x00, 0x90, 0x03, 0x98, 0x45, 0x02,
    0x00, 0x20, 0x84, 0x34, 0x06, 0x00, 0x00, 0x00, 0x00, 0x36, 0x84, 0x24, 0x00, 0x00, 0x00, 0x40,
    0x50, 0x06, 0x00, 0x00, 0x00, 0x00, 0x56, 0x40, 0x00, 0x00,
};

static const uint8_t ui_pixels_shtga0[459] = {
    0x00, 0x00, 0x00, 0x00, 0x00, 0x00, 0x00, 0x00, 0x00, 0x00, 0x00, 0x00, 0x00, 0x00, 0x00, 0x53,
    0x00, 0x00, 0x00, 0x00, 0x00, 0x00, 0x00, 0x00, 0x00, 0x00, 0x00, 0x00, 0x00, 0x00, 0x00, 0x00,
    0x00, 0x00, 0x00, 0x00, 0x00, 0x00, 0x00, 0x00, 0x00, 0x00, 0x63, 0x05, 0x00, 0x00, 0x00, 0x00,
    0x00, 0x00, 0x00, 0x00, 0x00, 0x00, 0x00, 0x00, 0x00, 0x00, 0x00, 0x00, 0x00, 0x00, 0x00, 0x00,
    0x00, 0x00, 0x00, 0x20, 0x33, 0x21, 0x53, 0x03, 0x00, 0x00, 0x00, 0x00, 0x00, 0x00, 0x00, 0x00,
    0x00, 0x00, 0x00, 0x00, 0x00, 0x00, 0x00, 0x00, 0x00, 0x00, 0x00, 0x00, 0x00, 0x20, 0x33, 0x13,
    0x11, 0x32, 0x35, 0x03, 0x00, 0x00, 0x00, 0x00, 0x00, 0x00, 0x00, 0x00, 0x00, 0x00, 0x00, 0x00,
    0x00, 0x00, 0x00, 0x00, 0x00, 0x00, 0x00, 0x00, 0x20, 0x33, 0x12, 0x11, 0x21, 0x45, 0x03, 0x00,
    0x00, 0x00, 0x00, 0x00, 0x00, 0x00, 0x00, 0x00, 0x00, 0x00, 0x00, 0x00, 0x00, 0x00, 0x00, 0x00,
    0x00, 0x00, 0x00, 0x20, 0x11, 0x31, 0x55, 0x35, 0x11, 0x32, 0x00, 0x00, 0x00, 0x00, 0x00, 0x00,
    0x00, 0x00, 0x00, 0x00, 0x00, 0x00, 0x00, 0x00, 0x00, 0x00, 0x00, 0x00, 0x00, 0x00, 0x21, 0x33,
    0x33, 0x43, 0x44, 0x67, 0x14, 0x00, 0x00, 0x00, 0x00, 0x00, 0x00, 0x00, 0x00, 0x00, 0x00, 0x00,
    0x00, 0x00, 0x00, 0x00, 0x00, 0x00, 0x00, 0x00, 0x00, 0x31, 0x12, 0x11, 0x22, 0x23, 0x42, 0x35,
    0x00, 0x00, 0x00, 0x00, 0x00, 0x00, 0x00, 0x00, 0x00, 0x00, 0x00, 0x00, 0x00, 0x00, 0x00, 0x00,
    0x00, 0x00, 0x00, 0x20, 0x22, 0x22, 0x32, 0x33, 0x44, 0x34, 0x23, 0x03, 0x00, 0x00, 0x00, 0x00,
    0x00, 0x00, 0x00, 0x00, 0x00, 0x00, 0x00, 0x00, 0x00, 0x00, 0x00, 0x00, 0x00, 0x00, 0x10, 0x11,
    0x22, 0x33, 0x43, 0x65, 0x35, 0x11, 0x01, 0x00, 0x00, 0x00, 0x00, 0x00, 0x00, 0x00, 0x00, 0x00,
    0x00, 0x00, 0x00, 0x00, 0x00, 0x00, 0x00, 0x00, 0x00, 0x11, 0x21, 0x22, 0x33, 0x54, 0x65, 0x55,
    0x45, 0x11, 0x00, 0x00, 0x00, 0x00, 0x00, 0x00, 0x00, 0x00, 0x00, 0x00, 0x00, 0x00, 0x00, 0x00,
    0x00, 0x00, 0x00, 0x30, 0x11, 0x11, 0x22, 0x33, 0x54, 0x66, 0x67, 0x13, 0x31, 0x03, 0x00, 0x00,
    0x00, 0x00, 0x00, 0x00, 0x00, 0x00, 0x00, 0x00, 0x00, 0x00, 0x00, 0x00, 0x00, 0x00, 0x30, 0x21,
    0x22, 0x32, 0x33, 0x55, 0x76, 0x78, 0x56, 0x13, 0x13, 0x00, 0x00, 0x00, 0x00, 0x00, 0x00, 0x00,
    0x00, 0x00, 0x00, 0x00, 0x00, 0x00, 0x00, 0x00, 0x00, 0x20, 0x21, 0x12, 0x32, 0x33, 0x65, 0x87,
    0x88, 0x23, 0x13, 0x23, 0x00, 0x00, 0x00, 0x00, 0x00, 0x00, 0x00, 0x00, 0x00, 0x00, 0x00, 0x00,
    0x00, 0x00, 0x00, 0x00, 0x11, 0x11, 0x22, 0x33, 0x33, 0x65, 0x88, 0x89, 0x77, 0x11, 0x31, 0x00,
    0x00, 0x00, 0x00, 0x00, 0x00, 0x00, 0x00, 0x00, 0x00, 0x00, 0x00, 0x00, 0x00, 0x00, 0x00, 0x12,
    0x22, 0x22, 0x33, 0x33, 0x76, 0x88, 0x89, 0x37, 0x36, 0x32, 0x00, 0x00, 0x00, 0x00, 0x00, 0x00,
    0x00, 0x00, 0x00, 0x00, 0x00, 0x00, 0x00, 0x00, 0x00, 0x10, 0x23, 0x12, 0x21, 0x33, 0x33, 0x76,
    0x98, 0x89, 0x28, 0x33, 0x22, 0x01, 0x00, 0x00, 0x00, 0x00, 0x00,
};

static const uint8_t ui_pixels_shtgb0[2030] = {
    0x00, 0x00, 0x00, 0x00, 0x00, 0x00, 0x00, 0x00, 0x00, 0x00, 0x00, 0x00, 0x00, 0x00, 0x00, 0x00,
    0x00, 0x00, 0x00, 0x00, 0x34, 0x02, 0x00, 0x00, 0x00, 0x00, 0x00, 0x00, 0x00, 0x00, 0x00, 0x00,
    0x00, 0x00, 0x00, 0x00, 0x00, 0x00, 0x00, 0x00, 0x00, 0x00, 0x00, 0x00, 0x00, 0x00, 0x00, 0x00,
    0x00, 0x00, 0x00, 0x00, 0x00, 0x00, 0x30, 0x44, 0x24, 0x02, 0x00, 0x00, 0x00, 0x00, 0x00, 0x00,
    0x00, 0x00, 0x00, 0x00, 0x00, 0x00, 0x00, 0x00, 0x00, 0x00, 0x00, 0x00, 0x00, 0x00, 0x00, 0x00,
    0x00, 0x00, 0x00, 0x00, 0x00, 0x00, 0x00, 0x00, 0x00, 0x50, 0x45, 0x44, 0x34, 0x33, 0x12, 0x00,
    0x00, 0x00, 0x00, 0x00, 0x00, 0x00, 0x00, 0x00, 0x00, 0x00, 0x00, 0x00, 0x00, 0x00, 0x00, 0x00,
    0x00, 0x00, 0x00, 0x00, 0x00, 0x00, 0x00, 0x00, 0x00, 0x00, 0x00, 0x00, 0x40, 0x34, 0x44, 0x34,
    0x33, 0x33, 0x12, 0x00, 0x00, 0x00, 0x00, 0x00, 0x00, 0x00, 0x00, 0x00, 0x00, 0x00, 0x00, 0x00,
    0x00, 0x00, 0x00, 0x00, 0x00, 0x00, 0x00, 0x00, 0x00, 0x00, 0x00, 0x00, 0x00, 0x00, 0x00, 0x43,
    0x44, 0x54, 0x33, 0x54, 0x45, 0x34, 0x12, 0x00, 0x00, 0x00, 0x00, 0x00, 0x00, 0x00, 0x00, 0x00,
    0x00, 0x00, 0x00, 0x00, 0x00, 0x00, 0x00, 0x00, 0x00, 0x00, 0x00, 0x00, 0x00, 0x00, 0x00, 0x00,
    0x00, 0x30, 0x55, 0x55, 0x55, 0x43, 0x65, 0x56, 0x35, 0x22, 0x01, 0x00, 0x00, 0x00, 0x00, 0x00,
    0x00, 0x00, 0x00, 0x00, 0x00, 0x00, 0x00, 0x00, 0x00, 0x00, 0x00, 0x00, 0x00, 0x00, 0x00, 0x00,
    0x00, 0x00, 0x00, 0x00, 0x40, 0x56, 0x66, 0x46, 0x54, 0x75, 0x56, 0x33, 0x22, 0x02, 0x00, 0x00,
    0x00, 0x00, 0x00, 0x00, 0x00, 0x00, 0x00, 0x00, 0x00, 0x00, 0x00, 0x00, 0x00, 0x00, 0x00, 0x00,
    0x00, 0x00, 0x00, 0x00, 0x00, 0x00, 0x00, 0x32, 0x83, 0x88, 0x48, 0x55, 0x86, 0x57, 0x34, 0x22,
    0x02, 0x00, 0x00, 0x00, 0x00, 0x00, 0x00, 0x00, 0x00, 0x00, 0x00, 0x00, 0x00, 0x00, 0x00, 0x00,
    0x00, 0x00, 0x00, 0x00, 0x00, 0x00, 0x00, 0x00, 0x00, 0x00, 0x11, 0x21, 0x64, 0x65, 0x76, 0x88,
    0x67, 0x25, 0x23, 0x12, 0x00, 0x00, 0x00, 0x00, 0x00, 0x00, 0x00, 0x00, 0x00, 0x00, 0x00, 0x00,
    0x00, 0x00, 0x00, 0x00, 0x00, 0x00, 0x00, 0x00, 0x00, 0x00, 0x00, 0x00, 0x10, 0x11, 0x11, 0x32,
    0x74, 0x86, 0x78, 0x67, 0x35, 0x32, 0x12, 0x00, 0x00, 0x00, 0x00, 0x00, 0x00, 0x00, 0x00, 0x00,
    0x00, 0x00, 0x00, 0x00, 0x00, 0x00, 0x00, 0x00, 0x00, 0x00, 0x00, 0x00, 0x00, 0x00, 0x00, 0x10,
    0x11, 0x21, 0x12, 0x32, 0x43, 0x65, 0x56, 0x24, 0x32, 0x13, 0x00, 0x00, 0x00, 0x00, 0x00, 0x00,
    0x00, 0x00, 0x00, 0x00, 0x00, 0x00, 0x00, 0x00, 0x00, 0x00, 0x00, 0x00, 0x00, 0x00, 0x00, 0x00,
    0x00, 0x00, 0x20, 0x43, 0x75, 0x66, 0x88, 0x57, 0x23, 0x32, 0x33, 0x33, 0x03, 0x00, 0x00, 0x00,
    0x00, 0x00, 0x00, 0x00, 0x00, 0x00, 0x00, 0x00, 0x00, 0x00, 0x00, 0x00, 0x00, 0x00, 0x00, 0x00,
    0x00, 0x00, 0x00, 0x00, 0x00, 0x31, 0x34, 0x33, 0x33, 0x84, 0xa9, 0x48, 0x23, 0x32, 0x33, 0x02,
    0x00, 0x00, 0x00, 0x00, 0x00, 0x00, 0x00, 0x00, 0x00, 0x00, 0x00, 0x00, 0x00, 0x00, 0x00, 0x00,
    0x00, 0x00, 0x00, 0x00, 0x00, 0x00, 0x00, 0x10, 0x33, 0x33, 0x43, 0x54, 0x65, 0x46, 0xa3, 0x37,
    0x22, 0x33, 0x01, 0x00, 0x00, 0x00, 0x00, 0x00, 0x00, 0x00, 0x00, 0x00, 0x00, 0x00, 0x00, 0x00,
    0x00, 0x00, 0x00, 0x00, 0x00, 0x00, 0x00, 0x00, 0x00, 0x00, 0x11, 0x31, 0x33, 0x33, 0x54, 0x47,
    0x86, 0x39, 0x74, 0x15, 0x32, 0x01, 0x00, 0x00, 0x00, 0x00, 0x00, 0x00, 0x00, 0x00, 0x00, 0x00,
    0x00, 0x00, 0x00, 0x00, 0x00, 0x00, 0x00, 0x00, 0x00, 0x00, 0x00, 0x00, 0x00, 0x11, 0x12, 0x33,
    0x43, 0x64, 0x16, 0x31, 0x68, 0x53, 0x27, 0x11, 0x01, 0x00, 0x00, 0x00, 0x00, 0x00, 0x00, 0x00,
    0x00, 0x00, 0x00, 0x00, 0x00, 0x00, 0x00, 0x00, 0x00, 0x00, 0x00, 0x00, 0x00, 0x00, 0x00, 0x00,
    0x11, 0x31, 0x33, 0x43, 0x66, 0xa7, 0x7a, 0x53, 0x23, 0x33, 0x11, 0x01, 0x00, 0x00, 0x00, 0x00,
    0x00, 0x00, 0x00, 0x00, 0x00, 0x00, 0x00, 0x00, 0x00, 0x00, 0x00, 0x00, 0x00, 0x00, 0x00, 0x00,
    0x00, 0x00, 0x00, 0x20, 0x32, 0x33, 0x53, 0x76, 0xb8, 0xab, 0x5a, 0x14, 0x32, 0x12, 0x21, 0x23,
    0x00, 0x00, 0x00, 0x00, 0x00, 0x00, 0x00, 0x00, 0x00, 0x00, 0x00, 0x00, 0x00, 0x00, 0x00, 0x00,
    0x00, 0x00, 0x00, 0x00, 0x00, 0x00, 0x20, 0x33, 0x33, 0x63, 0x87, 0xca, 0xbb, 0x5a, 0x24, 0x42,
    0x12, 0x31, 0x23, 0x01, 0x00, 0x00, 0x00, 0x00, 0x00, 0x00, 0x00, 0x00, 0x00, 0x00, 0x00, 0x00,
    0x00, 0x00, 0x00, 0x00, 0x00, 0x00, 0x00, 0x00, 0x00, 0x13, 0x31, 0x33, 0x64, 0x78, 0x12, 0xa3,
    0x48, 0x23, 0x51, 0x13, 0x31, 0x12, 0x02, 0x00, 0x00, 0x00, 0x00, 0x00, 0x00, 0x00, 0x00, 0x00,
    0x00, 0x00, 0x00, 0x00, 0x00, 0x00, 0x00, 0x00, 0x00, 0x00, 0x00, 0x00, 0x21, 0x33, 0x33, 0x74,
    0xa8, 0xaa, 0x53, 0x38, 0x23, 0x41, 0x13, 0x31, 0x12, 0x01, 0x00, 0x00, 0x00, 0x00, 0x00, 0x00,
    0x00, 0x00, 0x00, 0x00, 0x00, 0x00, 0x00, 0x00, 0x00, 0x00, 0x00, 0x00, 0x00, 0x00, 0x00, 0x32,
    0x33, 0x33, 0x85, 0xa8, 0xcc, 0xaa, 0x37, 0x13, 0x41, 0x13, 0x31, 0x11, 0x11, 0x00, 0x00, 0x00,
    0x00, 0x00, 0x00, 0x00, 0x00, 0x00, 0x00, 0x00, 0x00, 0x00, 0x00, 0x00, 0x00, 0x00, 0x00, 0x00,
    0x00, 0x00, 0x32, 0x33, 0x43, 0x75, 0xb9, 0xbc, 0x8a, 0x35, 0x12, 0x22, 0x13, 0x32, 0x11, 0x11,
    0x00, 0x00, 0x00, 0x00, 0x00, 0x00, 0x00, 0x00, 0x00, 0x00, 0x00, 0x00, 0x00, 0x00, 0x00, 0x00,
    0x00, 0x00, 0x00, 0x00, 0x20, 0x33, 0x33, 0x53, 0x86, 0x27, 0xa3, 0x69, 0x33, 0x22, 0x13, 0x13,
    0x33, 0x11, 0x11, 0x00, 0x00, 0x00, 0x00, 0x00, 0x00, 0x00, 0x00, 0x00, 0x00, 0x00, 0x00, 0x00,
    0x00, 0x00, 0x00, 0x00, 0x00, 0x00, 0x00, 0x30, 0x31, 0x33, 0x54, 0x76, 0x15, 0x51, 0x68, 0x33,
    0x31, 0x13, 0x13, 0x33, 0x11, 0x11, 0x01, 0x00, 0x00, 0x00, 0x00, 0x00, 0x00, 0x00, 0x00, 0x00,
    0x00, 0x00, 0x00, 0x00, 0x00, 0x00, 0x00, 0x00, 0x00, 0x00, 0x10, 0x32, 0x33, 0x64, 0x97, 0xaa,
    0x48, 0x55, 0x23, 0x31, 0x13, 0x12, 0x23, 0x11, 0x11, 0x01, 0x00, 0x00, 0x00, 0x00, 0x00, 0x00,
    0x00, 0x00, 0x00, 0x00, 0x00, 0x00, 0x00, 0x00, 0x00, 0x00, 0x00, 0x00, 0x00, 0x21, 0x32, 0x43,
    0x65, 0xa8, 0xbb, 0x78, 0x35, 0x13, 0x33, 0x12, 0x11, 0x33, 0x11, 0x11, 0x01, 0x00, 0x00, 0x00,
    0x00, 0x00, 0x00, 0x00, 0x00, 0x00, 0x00, 0x00, 0x00, 0x00, 0x00, 0x00, 0x00, 0x00, 0x00, 0x00,
    0x32, 0x32, 0x33, 0x64, 0xa8, 0xab, 0x68, 0x35, 0x12, 0x33, 0x12, 0x11, 0x32, 0x12, 0x11, 0x01,
    0x00, 0x00, 0x00, 0x00, 0x00, 0x00, 0x00, 0x00, 0x00, 0x00, 0x00, 0x00, 0x00, 0x00, 0x00, 0x00,
    0x00, 0x00, 0x20, 0x11, 0x33, 0x43, 0x65, 0x38, 0x32, 0x66, 0x34, 0x22, 0x23, 0x12, 0x11, 0x31,
    0x12, 0x11, 0x01, 0x00, 0x00, 0x00, 0x00, 0x00, 0x00, 0x00, 0x00, 0x00, 0x00, 0x00, 0x00, 0x00,
    0x00, 0x00, 0x00, 0x00, 0x00, 0x10, 0x22, 0x32, 0x53, 0x75, 0xa8, 0x59, 0x51, 0x34, 0x32, 0x23,
    0x12, 0x11, 0x41, 0x12, 0x11, 0x32, 0x55, 0x45, 0x35, 0x00, 0x00, 0x00, 0x00, 0x00, 0x00, 0x00,
    0x00, 0x00, 0x00, 0x00, 0x00, 0x00, 0x00, 0x00, 0x21, 0x23, 0x33, 0x53, 0x87, 0xc8, 0x8b, 0x56,
    0x34, 0x32, 0x23, 0x11, 0x11, 0x41, 0x12, 0x12, 0x32, 0x65, 0x55, 0x44, 0x23, 0x00, 0x00, 0x00,
    0x00, 0x00, 0x00, 0x00, 0x00, 0x00, 0x00, 0x00, 0x00, 0x00, 0x00, 0x32, 0x22, 0x33, 0x63, 0x87,
    0xda, 0x8b, 0x46, 0x23, 0x31, 0x22, 0x11, 0x21, 0x41, 0x11, 0x12, 0x53, 0x66, 0x56, 0x35, 0x33,
    0x00, 0x00, 0x00, 0x00, 0x00, 0x00, 0x00, 0x00, 0x00, 0x00, 0x00, 0x00, 0x00, 0x00, 0x23, 0x33,
    0x33, 0x64, 0xa8, 0x98, 0x8b, 0x37, 0x23, 0x32, 0x11, 0x11, 0x21, 0x31, 0x22, 0x11, 0x64, 0x66,
    0x56, 0x24, 0x22, 0x00, 0x00, 0x00, 0x00, 0x00, 0x00, 0x00, 0x00, 0x00, 0x00, 0x00, 0x00, 0x00,
    0x00, 0x11, 0x32, 0x33, 0x65, 0x88, 0x12, 0x87, 0x46, 0x12, 0x22, 0x11, 0x11, 0x12, 0x31, 0x22,
    0x12, 0x65, 0x66, 0x56, 0x23, 0x22, 0x00, 0x00, 0x00, 0x00, 0x00, 0x00, 0x00, 0x00, 0x00, 0x00,
    0x00, 0x00, 0x00, 0x00, 0x22, 0x33, 0x43, 0x85, 0xaa, 0x4a, 0x21, 0x36, 0x12, 0x13, 0x12, 0x11,
    0x12, 0x23, 0x22, 0x22, 0x66, 0x66, 0x45, 0x03, 0x00, 0x00, 0x00, 0x00, 0x00, 0x00, 0x00, 0x00,
    0x00, 0x00, 0x00, 0x00, 0x00, 0x00, 0x10, 0x22, 0x33, 0x43, 0x96, 0xca, 0xae, 0x68, 0x25, 0x21,
    0x13, 0x12, 0x21, 0x11, 0x23, 0x22, 0x31, 0x66, 0x66, 0x35, 0x03, 0x00, 0x00, 0x00, 0x00, 0x00,
    0x00, 0x00, 0x00, 0x00, 0x00, 0x00, 0x00, 0x00, 0x00, 0x20, 0x32, 0x33, 0x43, 0x96, 0xda, 0xad,
    0x78, 0x25, 0x21, 0x23, 0x12, 0x21, 0x11, 0x21, 0x22, 0x51, 0x66, 0x56, 0x34, 0x02, 0x00, 0x00,
    0x00, 0x00, 0x00, 0x00, 0x00, 0x00, 0x00, 0x00, 0x00, 0x00, 0x00, 0x00, 0x32, 0x33, 0x33, 0x54,
    0xa6, 0xda, 0xad, 0x68, 0x15, 0x32, 0x23, 0x11, 0x21, 0x11, 0x11, 0x12, 0x41, 0x55, 0x55, 0x23,
    0x22, 0x00, 0x00, 0x00, 0x00, 0x00, 0x00, 0x00, 0x00, 0x00, 0x00, 0x00, 0x00, 0x00, 0x00, 0x11,
    0x33, 0x33, 0x55, 0x87, 0x13, 0x71, 0x58, 0x14, 0x33, 0x12, 0x11, 0x11, 0x11, 0x11, 0x11, 0x42,
    0x44, 0x45, 0x33, 0x11, 0x00, 0x00, 0x00, 0x00, 0x00, 0x00, 0x00, 0x00, 0x00, 0x00, 0x00, 0x00,
    0x00, 0x10, 0x21, 0x33, 0x32, 0x65, 0x88, 0x37, 0x51, 0x58, 0x23, 0x33, 0x11, 0x11, 0x11, 0x11,
    0x11, 0x11, 0x43, 0x44, 0x44, 0x33, 0x01, 0x00, 0x00, 0x00, 0x00, 0x00, 0x00, 0x00, 0x00, 0x00,
    0x00, 0x00, 0x00, 0x00, 0x21, 0x23, 0x33, 0x33, 0x75, 0xa8, 0xbb, 0x8a, 0x46, 0x33, 0x23, 0x12,
    0x11, 0x12, 0x11, 0x11, 0x32, 0x44, 0x44, 0x33, 0x23, 0x21, 0x00, 0x00, 0x00, 0x00, 0x00, 0x00,
    0x00, 0x00, 0x00, 0x00, 0x00, 0x00, 0x00, 0x22, 0x23, 0x23, 0x43, 0x86, 0xa8, 0xbb, 0x8b, 0x35,
    0x32, 0x23, 0x12, 0x11, 0x12, 0x11, 0x21, 0x43, 0x45, 0x45, 0x33, 0x22, 0x11, 0x12, 0x00, 0x00,
    0x00, 0x00, 0x00, 0x00, 0x00, 0x00, 0x00, 0x00, 0x00, 0x00, 0x22, 0x33, 0x32, 0x43, 0x86, 0xa8,
    0xbb, 0x7a, 0x35, 0x31, 0x23, 0x12, 0x11, 0x13, 0x11, 0x21, 0x43, 0x55, 0x45, 0x33, 0x12, 0x11,
    0x12, 0x00, 0x00, 0x00, 0x00, 0x00, 0x00, 0x00, 0x00, 0x00, 0x00, 0x00, 0x00, 0x21, 0x33, 0x33,
    0x53, 0x87, 0x26, 0x83, 0x59, 0x24, 0x31, 0x22, 0x12, 0x21, 0x12, 0x11, 0x31, 0x43, 0x55, 0x44,
    0x33, 0x12, 0x11, 0x11, 0x00, 0x00, 0x00, 0x00, 0x00, 0x00, 0x00, 0x00, 0x00, 0x00, 0x00, 0x10,
    0x32, 0x33, 0x33, 0x54, 0x98, 0x3a, 0x11, 0x53, 0x13, 0x23, 0x22, 0x11, 0x21, 0x11, 0x11, 0x31,
    0x44, 0x55, 0x44, 0x23, 0x11, 0x11, 0x00, 0x00, 0x00, 0x00, 0x00, 0x00, 0x00, 0x00, 0x00, 0x00,
    0x00, 0x00, 0x10, 0x32, 0x33, 0x33, 0x65, 0x98, 0xaa, 0x36, 0x45, 0x13, 0x23, 0x22, 0x11, 0x21,
    0x11, 0x11, 0x32, 0x44, 0x44, 0x34, 0x23, 0x11, 0x11, 0x00, 0x00, 0x00, 0x00, 0x00, 0x00, 0x00,
    0x00, 0x00, 0x00, 0x00, 0x00, 0x21, 0x32, 0x33, 0x43, 0x65, 0x98, 0xa9, 0x9a, 0x48, 0x32, 0x23,
    0x12, 0x11, 0x22, 0x11, 0x11, 0x32, 0x33, 0x43, 0x34, 0x23, 0x11, 0x11, 0x00, 0x00, 0x00, 0x00,
    0x00, 0x00, 0x00, 0x00, 0x00, 0x00, 0x00, 0x20, 0x22, 0x33, 0x33, 0x43, 0x65, 0xa9, 0xaa, 0x89,
    0x26, 0x32, 0x23, 0x12, 0x11, 0x12, 0x11, 0x11, 0x32, 0x33, 0x43, 0x33, 0x13, 0x11, 0x11, 0x00,
    0x00, 0x00, 0x00, 0x00, 0x00, 0x00, 0x00, 0x00, 0x00, 0x00, 0x30, 0x34, 0x33, 0x33, 0x54, 0x76,
    0x57, 0xa4, 0x89, 0x25, 0x43, 0x22, 0x11, 0x11, 0x12, 0x11, 0x21, 0x32, 0x33, 0x33, 0x23, 0x12,
    0x11, 0x11, 0x00, 0x00, 0x00, 0x00, 0x00, 0x00, 0x00, 0x00, 0x00, 0x00, 0x00, 0x11, 0x21, 0x33,
    0x33, 0x54, 0x87, 0x24, 0x21, 0x67, 0x33, 0x34, 0x22, 0x11, 0x21, 0x11, 0x11, 0x21, 0x32, 0x33,
    0x33, 0x22, 0x12, 0x11, 0x11, 0x00, 0x00, 0x00, 0x00, 0x00, 0x00, 0x00, 0x00, 0x00, 0x00, 0x20,
    0x22, 0x32, 0x33, 0x33, 0x65, 0x87, 0xaa, 0x7b, 0x35, 0x52, 0x23, 0x22, 0x11, 0x21, 0x11, 0x11,
    0x21, 0x22, 0x33, 0x23, 0x12, 0x11, 0x11, 0x01, 0x00, 0x00, 0x00, 0x00, 0x00, 0x00, 0x00, 0x00,
    0x00, 0x00, 0x20, 0x22, 0x22, 0x33, 0x33, 0x65, 0x87, 0xaa, 0x39, 0x33, 0x45, 0x22, 0x12, 0x11,
    0x21, 0x11, 0x11, 0x32, 0x23, 0x22, 0x23, 0x11, 0x11, 0x00, 0x00, 0x00, 0x00, 0x00, 0x00, 0x00,
    0x00, 0x00, 0x00, 0x00, 0x00, 0x23, 0x11, 0x11, 0x11, 0x32, 0x33, 0x33, 0x43, 0x65, 0x56, 0x35,
    0x22, 0x12, 0x11, 0x11, 0x11, 0x21, 0x22, 0x22, 0x22, 0x12, 0x11, 0x01, 0x00, 0x00, 0x00, 0x00,
    0x00, 0x00, 0x00, 0x00, 0x00, 0x00, 0x00, 0x20, 0x23, 0x22, 0x32, 0x33, 0x44, 0x55, 0x66, 0x77,
    0x78, 0x56, 0x24, 0x23, 0x12, 0x11, 0x12, 0x11, 0x21, 0x23, 0x22, 0x22, 0x12, 0x11, 0x00, 0x00,
    0x00, 0x00, 0x00, 0x00, 0x00, 0x00, 0x00, 0x00, 0x00, 0x00, 0x30, 0x22, 0x21, 0x32, 0x33, 0x44,
    0x55, 0x66, 0x77, 0x67, 0x45, 0x34, 0x23, 0x12, 0x11, 0x12, 0x11, 0x31, 0x56, 0x23, 0x22, 0x12,
    0x11, 0x00, 0x00, 0x00, 0x00, 0x00, 0x00, 0x00, 0x00, 0x00, 0x00, 0x00, 0x00, 0x32, 0x12, 0x11,
    0x22, 0x33, 0x44, 0x65, 0x76, 0x78, 0x67, 0x45, 0x33, 0x22, 0x12, 0x11, 0x12, 0x11, 0x51, 0x66,
    0x24, 0x22, 0x12, 0x00, 0x00, 0x00, 0x00, 0x00, 0x00, 0x00, 0x00, 0x00, 0x00, 0x00, 0x00, 0x00,
    0x33, 0x12, 0x11, 0x22, 0x43, 0x54, 0x66, 0x87, 0x88, 0x56, 0x34, 0x23, 0x22, 0x11, 0x21, 0x11,
    0x11, 0x61, 0x55, 0x35, 0x22, 0x02, 0x00, 0x00, 0x00, 0x00, 0x00, 0x00, 0x00, 0x00, 0x00, 0x00,
    0x00, 0x00, 0x10, 0x32, 0x11, 0x21, 0x22, 0x43, 0x55, 0x76, 0x87, 0x88, 0x56, 0x34, 0x23, 0x22,
    0x11, 0x21, 0x11, 0x11, 0x51, 0x55, 0x35, 0x12, 0x01, 0x00, 0x00, 0x00, 0x00, 0x00,
};

static const uint8_t ui_pixels_shtgc0[2479] = {
    0x00, 0x00, 0x00, 0x00, 0x00, 0x00, 0x00, 0x00, 0x00, 0x00, 0x00, 0x00, 0x00, 0x00, 0x00, 0x33,
    0x32, 0x03, 0x20, 0x33, 0x33, 0x33, 0x22, 0x00, 0x00, 0x00, 0x00, 0x00, 0x00, 0x00, 0x00, 0x00,
    0x00, 0x00, 0x00, 0x00, 0x00, 0x00, 0x00, 0x00, 0x00, 0x00, 0x00, 0x00, 0x00, 0x00, 0x00, 0x00,
    0x00, 0x00, 0x00, 0x30, 0x33, 0x33, 0x34, 0x33, 0x43, 0x44, 0x44, 0x33, 0x03, 0x00, 0x00, 0x00,
    0x00, 0x00, 0x00, 0x00, 0x00, 0x00, 0x00, 0x00, 0x00, 0x00, 0x00, 0x00, 0x00, 0x00, 0x00, 0x00,
    0x00, 0x00, 0x00, 0x00, 0x00, 0x00, 0x00, 0x00, 0x32, 0x33, 0x43, 0x34, 0x33, 0x53, 0x44, 0x45,
    0x44, 0x33, 0x12, 0x00, 0x00, 0x00, 0x00, 0x00, 0x00, 0x00, 0x00, 0x00, 0x00, 0x00, 0x00, 0x00,
    0x00, 0x00, 0x00, 0x00, 0x00, 0x00, 0x00, 0x00, 0x00, 0x00, 0x00, 0x00, 0x00, 0x33, 0x33, 0x54,
    0x35, 0x43, 0x54, 0x55, 0x55, 0x45, 0x33, 0x23, 0x01, 0x00, 0x00, 0x00, 0x00, 0x00, 0x00, 0x00,
    0x00, 0x00, 0x00, 0x00, 0x00, 0x00, 0x00, 0x00, 0x00, 0x00, 0x00, 0x00, 0x00, 0x00, 0x00, 0x00,
    0x00, 0x00, 0x43, 0x44, 0x65, 0x44, 0x54, 0x55, 0x76, 0x67, 0x56, 0x34, 0x22, 0x01, 0x00, 0x00,
    0x00, 0x00, 0x00, 0x00, 0x00, 0x00, 0x00, 0x00, 0x00, 0x00, 0x00, 0x00, 0x00, 0x00, 0x00, 0x00,
    0x00, 0x00, 0x00, 0x00, 0x00, 0x00, 0x20, 0x43, 0x55, 0x56, 0x43, 0x56, 0x76, 0x88, 0x68, 0x56,
    0x35, 0x22, 0x11, 0x00, 0x00, 0x00, 0x00, 0x00, 0x00, 0x00, 0x00, 0x00, 0x00, 0x00, 0x00, 0x00,
    0x00, 0x00, 0x00, 0x00, 0x00, 0x00, 0x00, 0x00, 0x00, 0x00, 0x00, 0x20, 0x53, 0x55, 0x47, 0x43,
    0x76, 0x76, 0x98, 0x78, 0x56, 0x35, 0x22, 0x11, 0x01, 0x00, 0x00, 0x00, 0x00, 0x00, 0x00, 0x00,
    0x00, 0x00, 0x00, 0x00, 0x00, 0x00, 0x00, 0x00, 0x00, 0x00, 0x00, 0x00, 0x00, 0x00, 0x00, 0x00,
    0x42, 0x66, 0x77, 0x36, 0x44, 0x65, 0x87, 0x89, 0x68, 0x55, 0x35, 0x22, 0x21, 0x02, 0x00, 0x00,
    0x00, 0x00, 0x00, 0x00, 0x00, 0x00, 0x00, 0x00, 0x00, 0x00, 0x00, 0x00, 0x00, 0x00, 0x00, 0x00,
    0x00, 0x00, 0x00, 0x00, 0x00, 0x11, 0x21, 0x33, 0x23, 0x33, 0x33, 0x43, 0x86, 0x68, 0x55, 0x34,
    0x22, 0x32, 0x02, 0x00, 0x00, 0x00, 0x00, 0x00, 0x00, 0x00, 0x00, 0x00, 0x00, 0x00, 0x00, 0x00,
    0x00, 0x00, 0x00, 0x00, 0x00, 0x00, 0x00, 0x00, 0x00, 0x00, 0x10, 0x11, 0x11, 0x12, 0x11, 0x11,
    0x12, 0x42, 0x66, 0x55, 0x24, 0x22, 0x32, 0x01, 0x00, 0x00, 0x00, 0x00, 0x00, 0x00, 0x00, 0x00,
    0x00, 0x00, 0x00, 0x00, 0x00, 0x00, 0x00, 0x00, 0x00, 0x00, 0x00, 0x00, 0x00, 0x00, 0x00, 0x00,
    0x11, 0x11, 0x52, 0x65, 0x88, 0x48, 0x23, 0x11, 0x53, 0x25, 0x22, 0x33, 0x01, 0x00, 0x00, 0x00,
    0x00, 0x00, 0x00, 0x00, 0x00, 0x00, 0x00, 0x00, 0x00, 0x00, 0x00, 0x00, 0x00, 0x00, 0x00, 0x00,
    0x00, 0x00, 0x00, 0x00, 0x00, 0x10, 0x42, 0x23, 0x22, 0x33, 0x53, 0x87, 0x27, 0x11, 0x32, 0x22,
    0x23, 0x00, 0x00, 0x00, 0x00, 0x00, 0x00, 0x00, 0x00, 0x00, 0x00, 0x00, 0x00, 0x00, 0x00, 0x00,
    0x00, 0x00, 0x00, 0x00, 0x00, 0x00, 0x00, 0x00, 0x00, 0x00, 0x10, 0x35, 0x32, 0x65, 0x67, 0x25,
    0x42, 0x58, 0x12, 0x31, 0x33, 0x13, 0x00, 0x00, 0x00, 0x00, 0x00, 0x00, 0x00, 0x00, 0x00, 0x00,
    0x00, 0x00, 0x00, 0x00, 0x00, 0x00, 0x00, 0x00, 0x00, 0x00, 0x00, 0x00, 0x00, 0x00, 0x00, 0x30,
    0x31, 0x33, 0x43, 0x76, 0x57, 0x55, 0x44, 0x47, 0x12, 0x32, 0x13, 0x00, 0x00, 0x00, 0x00, 0x00,
    0x00, 0x00, 0x00, 0x00, 0x00, 0x00, 0x00, 0x00, 0x00, 0x00, 0x00, 0x00, 0x00, 0x00, 0x00, 0x00,
    0x00, 0x00, 0x00, 0x00, 0x13, 0x23, 0x43, 0x64, 0x13, 0x93, 0x46, 0x13, 0x41, 0x25, 0x11, 0x11,
    0x01, 0x00, 0x00, 0x00, 0x00, 0x00, 0x00, 0x00, 0x00, 0x00, 0x00, 0x00, 0x00, 0x00, 0x00, 0x00,
    0x00, 0x00, 0x00, 0x00, 0x00, 0x00, 0x00, 0x00, 0x00, 0x23, 0x33, 0x43, 0x64, 0x11, 0x51, 0x57,
    0x23, 0x11, 0x24, 0x11, 0x11, 0x11, 0x00, 0x00, 0x00, 0x00, 0x00, 0x00, 0x00, 0x00, 0x00, 0x00,
    0x00, 0x00, 0x00, 0x00, 0x00, 0x00, 0x00, 0x00, 0x00, 0x00, 0x00, 0x00, 0x00, 0x00, 0x31, 0x33,
    0x33, 0x64, 0xa9, 0x7a, 0x56, 0x24, 0x11, 0x41, 0x23, 0x11, 0x11, 0x01, 0x00, 0x00, 0x00, 0x00,
    0x00, 0x00, 0x00, 0x00, 0x00, 0x00, 0x00, 0x00, 0x00, 0x00, 0x00, 0x00, 0x00, 0x00, 0x00, 0x00,
    0x00, 0x00, 0x00, 0x30, 0x33, 0x43, 0x75, 0xaa, 0x7a, 0x56, 0x23, 0x11, 0x21, 0x23, 0x12, 0x11,
    0x01, 0x00, 0x00, 0x00, 0x00, 0x00, 0x00, 0x00, 0x00, 0x00, 0x00, 0x00, 0x00, 0x00, 0x00, 0x00,
    0x00, 0x00, 0x00, 0x00, 0x00, 0x00, 0x00, 0x00, 0x30, 0x32, 0x43, 0x76, 0xa9, 0x79, 0x55, 0x24,
    0x11, 0x11, 0x33, 0x12, 0x11, 0x11, 0x00, 0x00, 0x00, 0x00, 0x00, 0x00, 0x00, 0x00, 0x00, 0x00,
    0x00, 0x00, 0x00, 0x00, 0x00, 0x00, 0x00, 0x00, 0x00, 0x00, 0x00, 0x00, 0x00, 0x33, 0x33, 0x53,
    0x36, 0x83, 0x79, 0x45, 0x23, 0x11, 0x11, 0x31, 0x23, 0x12, 0x11, 0x01, 0x00, 0x00, 0x00, 0x00,
    0x00, 0x00, 0x00, 0x00, 0x00, 0x00, 0x00, 0x00, 0x00, 0x00, 0x00, 0x00, 0x00, 0x00, 0x00, 0x00,
    0x00, 0x00, 0x33, 0x33, 0x53, 0x87, 0x23, 0x62, 0x45, 0x23, 0x11, 0x13, 0x11, 0x23, 0x12, 0x11,
    0x11, 0x00, 0x00, 0x00, 0x00, 0x00, 0x00, 0x00, 0x00, 0x00, 0x00, 0x00, 0x00, 0x00, 0x00, 0x00,
    0x00, 0x00, 0x00, 0x00, 0x00, 0x00, 0x00, 0x33, 0x33, 0x64, 0x87, 0x88, 0x67, 0x45, 0x23, 0x11,
    0x13, 0x11, 0x22, 0x12, 0x11, 0x11, 0x01, 0x00, 0x00, 0x00, 0x00, 0x00, 0x00, 0x00, 0x00, 0x00,
    0x00, 0x00, 0x00, 0x00, 0x00, 0x00, 0x00, 0x00, 0x00, 0x00, 0x00, 0x00, 0x33, 0x33, 0x65, 0x98,
    0x9a, 0x58, 0x34, 0x13, 0x11, 0x13, 0x11, 0x21, 0x11, 0x11, 0x11, 0x01, 0x00, 0x00, 0x00, 0x00,
    0x00, 0x00, 0x00, 0x00, 0x00, 0x00, 0x00, 0x00, 0x00, 0x00, 0x00, 0x00, 0x00, 0x00, 0x00, 0x00,
    0x00, 0x33, 0x33, 0x75, 0xa8, 0x9a, 0x57, 0x34, 0x12, 0x21, 0x13, 0x11, 0x31, 0x11, 0x12, 0x11,
    0x11, 0x00, 0x00, 0x00, 0x00, 0x00, 0x00, 0x00, 0x00, 0x00, 0x00, 0x00, 0x00, 0x00, 0x00, 0x00,
    0x00, 0x00, 0x00, 0x00, 0x00, 0x20, 0x33, 0x33, 0x75, 0xa9, 0x9a, 0x57, 0x34, 0x12, 0x21, 0x12,
    0x11, 0x21, 0x11, 0x11, 0x11, 0x11, 0x00, 0x00, 0x00, 0x00, 0x00, 0x00, 0x00, 0x00, 0x00, 0x00,
    0x00, 0x00, 0x00, 0x00, 0x00, 0x00, 0x00, 0x00, 0x00, 0x00, 0x20, 0x33, 0x33, 0x56, 0x12, 0x52,
    0x58, 0x34, 0x12, 0x31, 0x12, 0x11, 0x11, 0x11, 0x11, 0x11, 0x11, 0x00, 0x00, 0x00, 0x00, 0x00,
    0x00, 0x00, 0x00, 0x00, 0x00, 0x00, 0x00, 0x00, 0x00, 0x00, 0x00, 0x00, 0x00, 0x00, 0x00, 0x20,
    0x33, 0x33, 0x86, 0xa9, 0x89, 0x47, 0x33, 0x12, 0x31, 0x12, 0x11, 0x11, 0x32, 0x12, 0x11, 0x11,
    0x00, 0x00, 0x00, 0x00, 0x00, 0x00, 0x00, 0x00, 0x00, 0x00, 0x00, 0x00, 0x00, 0x00, 0x00, 0x00,
    0x00, 0x00, 0x00, 0x00, 0x20, 0x33, 0x33, 0x86, 0xaa, 0x78, 0x46, 0x33, 0x12, 0x31, 0x12, 0x11,
    0x11, 0x32, 0x12, 0x11, 0x11, 0x00, 0x00, 0x00, 0x00, 0x00, 0x00, 0x00, 0x00, 0x00, 0x00, 0x00,
    0x00, 0x00, 0x00, 0x00, 0x00, 0x00, 0x00, 0x00, 0x00, 0x32, 0x33, 0x43, 0x87, 0xaa, 0x78, 0x46,
    0x23, 0x12, 0x22, 0x12, 0x11, 0x21, 0x33, 0x11, 0x11, 0x11, 0x00, 0x00, 0x00, 0x00, 0x00, 0x00,
    0x00, 0x00, 0x00, 0x00, 0x00, 0x00, 0x00, 0x00, 0x00, 0x00, 0x00, 0x00, 0x00, 0x00, 0x32, 0x33,
    0x43, 0xb8, 0xab, 0x78, 0x46, 0x23, 0x11, 0x23, 0x12, 0x11, 0x21, 0x33, 0x11, 0x11, 0x11, 0x00,
    0x00, 0x00, 0x00, 0x00, 0x00, 0x00, 0x00, 0x00, 0x00, 0x00, 0x00, 0x00, 0x00, 0x00, 0x00, 0x00,
    0x00, 0x00, 0x00, 0x32, 0x33, 0x53, 0x15, 0x62, 0x88, 0x46, 0x33, 0x11, 0x23, 0x11, 0x11, 0x21,
    0x23, 0x11, 0x11, 0x11, 0x00, 0x00, 0x00, 0x00, 0x00, 0x00, 0x00, 0x00, 0x00, 0x00, 0x00, 0x00,
    0x00, 0x00, 0x00, 0x00, 0x00, 0x00, 0x00, 0x20, 0x32, 0x33, 0x53, 0x88, 0x15, 0x76, 0x36, 0x23,
    0x21, 0x22, 0x12, 0x11, 0x21, 0x23, 0x11, 0x11, 0x01, 0x00, 0x00, 0x00, 0x00, 0x00, 0x00, 0x00,
    0x00, 0x00, 0x00, 0x00, 0x00, 0x00, 0x00, 0x00, 0x00, 0x00, 0x00, 0x00, 0x20, 0x32, 0x33, 0x64,
    0xa9, 0xaa, 0x78, 0x36, 0x23, 0x31, 0x22, 0x11, 0x11, 0x31, 0x13, 0x11, 0x11, 0x01, 0x00, 0x00,
    0x00, 0x00, 0x00, 0x00, 0x00, 0x00, 0x00, 0x00, 0x00, 0x00, 0x00, 0x00, 0x00, 0x00, 0x00, 0x00,
    0x00, 0x20, 0x33, 0x33, 0x65, 0xa9, 0xaa, 0x78, 0x35, 0x23, 0x31, 0x22, 0x11, 0x11, 0x31, 0x13,
    0x11, 0x11, 0x01, 0x00, 0x00, 0x00, 0x00, 0x00, 0x00, 0x00, 0x00, 0x00, 0x00, 0x00, 0x00, 0x00,
    0x00, 0x00, 0x00, 0x00, 0x00, 0x00, 0x22, 0x33, 0x43, 0x65, 0xaa, 0x9a, 0x67, 0x35, 0x12, 0x31,
    0x22, 0x12, 0x11, 0x31, 0x13, 0x11, 0x11, 0x11, 0x00, 0x00, 0x00, 0x00, 0x00, 0x00, 0x00, 0x00,
    0x00, 0x00, 0x00, 0x00, 0x00, 0x00, 0x00, 0x00, 0x00, 0x00, 0x00, 0x32, 0x33, 0x33, 0x35, 0x21,
    0x97, 0x56, 0x34, 0x12, 0x31, 0x22, 0x12, 0x11, 0x41, 0x13, 0x11, 0x11, 0x11, 0x00, 0x00, 0x00,
    0x00, 0x00, 0x00, 0x00, 0x00, 0x00, 0x00, 0x00, 0x00, 0x00, 0x00, 0x00, 0x00, 0x00, 0x00, 0x00,
    0x32, 0x33, 0x43, 0x45, 0x11, 0x61, 0x56, 0x24, 0x12, 0x21, 0x22, 0x12, 0x11, 0x21, 0x23, 0x11,
    0x11, 0x11, 0x00, 0x00, 0x00, 0x00, 0x00, 0x00, 0x00, 0x00, 0x00, 0x00, 0x00, 0x00, 0x00, 0x00,
    0x00, 0x00, 0x00, 0x00, 0x00, 0x33, 0x23, 0x53, 0x86, 0xaa, 0x8a, 0x45, 0x34, 0x11, 0x22, 0x22,
    0x12, 0x11, 0x11, 0x22, 0x12, 0x11, 0x11, 0x00, 0x00, 0x00, 0x00, 0x00, 0x00, 0x00, 0x00, 0x00,
    0x00, 0x00, 0x00, 0x00, 0x00, 0x00, 0x00, 0x00, 0x00, 0x00, 0x33, 0x33, 0x53, 0x97, 0xab, 0x8a,
    0x45, 0x23, 0x12, 0x23, 0x22, 0x12, 0x11, 0x11, 0x22, 0x12, 0x11, 0x11, 0x00, 0x00, 0x00, 0x00,
    0x00, 0x00, 0x00, 0x00, 0x00, 0x00, 0x00, 0x00, 0x00, 0x00, 0x00, 0x00, 0x00, 0x00, 0x00, 0x33,
    0x33, 0x54, 0xa7, 0xbb, 0x8a, 0x45, 0x23, 0x11, 0x23, 0x22, 0x12, 0x11, 0x11, 0x21, 0x12, 0x11,
    0x11, 0x00, 0x00, 0x00, 0x00, 0x00, 0x00, 0x00, 0x00, 0x00, 0x00, 0x00, 0x00, 0x00, 0x00, 0x00,
    0x00, 0x00, 0x00, 0x00, 0x33, 0x33, 0x64, 0x87, 0xba, 0x79, 0x35, 0x23, 0x21, 0x23, 0x22, 0x12,
    0x11, 0x11, 0x21, 0x12, 0x11, 0x11, 0x00, 0x00, 0x00, 0x00, 0x00, 0x00, 0x00, 0x00, 0x00, 0x00,
    0x00, 0x00, 0x00, 0x00, 0x00, 0x00, 0x00, 0x00, 0x20, 0x33, 0x33, 0x75, 0x15, 0x21, 0x68, 0x34,
    0x13, 0x31, 0x23, 0x22, 0x12, 0x11, 0x11, 0x21, 0x13, 0x11, 0x11, 0x33, 0x32, 0x44, 0x45, 0x34,
    0x00, 0x00, 0x00, 0x00, 0x00, 0x00, 0x00, 0x00, 0x00, 0x00, 0x00, 0x00, 0x00, 0x30, 0x33, 0x33,
    0x75, 0xbb, 0x53, 0x67, 0x34, 0x13, 0x31, 0x23, 0x22, 0x12, 0x11, 0x11, 0x21, 0x13, 0x11, 0x11,
    0x33, 0x52, 0x55, 0x45, 0x44, 0x03, 0x00, 0x00, 0x00, 0x00, 0x00, 0x00, 0x00, 0x00, 0x00, 0x00,
    0x00, 0x00, 0x30, 0x33, 0x33, 0x86, 0xdc, 0x8b, 0x67, 0x33, 0x23, 0x33, 0x22, 0x22, 0x12, 0x11,
    0x11, 0x21, 0x13, 0x11, 0x11, 0x31, 0x65, 0x56, 0x45, 0x43, 0x24, 0x00, 0x00, 0x00, 0x00, 0x00,
    0x00, 0x00, 0x00, 0x00, 0x00, 0x00, 0x00, 0x32, 0x33, 0x33, 0x97, 0xcc, 0x7a, 0x56, 0x33, 0x13,
    0x33, 0x22, 0x12, 0x12, 0x21, 0x11, 0x21, 0x13, 0x11, 0x21, 0x53, 0x65, 0x56, 0x25, 0x22, 0x22,
    0x00, 0x00, 0x00, 0x00, 0x00, 0x00, 0x00, 0x00, 0x00, 0x00, 0x00, 0x00, 0x32, 0x33, 0x43, 0xa8,
    0xcc, 0x7a, 0x56, 0x33, 0x22, 0x23, 0x22, 0x12, 0x11, 0x21, 0x11, 0x21, 0x13, 0x11, 0x21, 0x55,
    0x66, 0x55, 0x25, 0x22, 0x02, 0x00, 0x00, 0x00, 0x00, 0x00, 0x00, 0x00, 0x00, 0x00, 0x00, 0x00,
    0x00, 0x33, 0x33, 0x54, 0x13, 0x51, 0x78, 0x56, 0x33, 0x31, 0x23, 0x22, 0x21, 0x11, 0x12, 0x11,
    0x31, 0x13, 0x11, 0x41, 0x65, 0x56, 0x55, 0x23, 0x01, 0x00, 0x00, 0x00, 0x00, 0x00, 0x00, 0x00,
    0x00, 0x00, 0x00, 0x00, 0x00, 0x20, 0x23, 0x32, 0x54, 0x46, 0x23, 0x78, 0x45, 0x23, 0x31, 0x23,
    0x22, 0x21, 0x11, 0x12, 0x11, 0x32, 0x13, 0x11, 0x51, 0x66, 0x66, 0x45, 0x23, 0x00, 0x00, 0x00,
    0x00, 0x00, 0x00, 0x00, 0x00, 0x00, 0x00, 0x00, 0x00, 0x00, 0x20, 0x33, 0x33, 0x64, 0xa9, 0xaa,
    0x68, 0x45, 0x23, 0x31, 0x23, 0x22, 0x12, 0x11, 0x12, 0x11, 0x32, 0x13, 0x11, 0x51, 0x66, 0x66,
    0x45, 0x23, 0x02, 0x00, 0x00, 0x00, 0x00, 0x00, 0x00, 0x00, 0x00, 0x00, 0x00, 0x00, 0x00, 0x32,
    0x32, 0x33, 0x65, 0xb9, 0xab, 0x68, 0x45, 0x13, 0x33, 0x23, 0x12, 0x12, 0x11, 0x11, 0x11, 0x32,
    0x11, 0x11, 0x51, 0x66, 0x55, 0x35, 0x42, 0x34, 0x00, 0x00, 0x00, 0x00, 0x00, 0x00, 0x00, 0x00,
    0x00, 0x00, 0x00, 0x00, 0x32, 0x22, 0x33, 0x65, 0xaa, 0xaa, 0x67, 0x45, 0x22, 0x33, 0x23, 0x12,
    0x12, 0x21, 0x11, 0x11, 0x11, 0x11, 0x11, 0x54, 0x55, 0x55, 0x43, 0x42, 0x34, 0x02, 0x00, 0x00,
    0x00, 0x00, 0x00, 0x00, 0x00, 0x00, 0x00, 0x00, 0x00, 0x32, 0x32, 0x43, 0x76, 0xaa, 0x9a, 0x67,
    0x35, 0x31, 0x33, 0x23, 0x22, 0x11, 0x21, 0x11, 0x11, 0x11, 0x11, 0x11, 0x55, 0x55, 0x35, 0x23,
    0x43, 0x34, 0x02, 0x00, 0x00, 0x00, 0x00, 0x00, 0x00, 0x00, 0x00, 0x00, 0x00, 0x00, 0x22, 0x23,
    0x53, 0x45, 0x83, 0x8a, 0x56, 0x34, 0x42, 0x33, 0x22, 0x22, 0x11, 0x11, 0x11, 0x11, 0x11, 0x11,
    0x42, 0x55, 0x55, 0x45, 0x23, 0x32, 0x23, 0x22, 0x00, 0x00, 0x00, 0x00, 0x00, 0x00, 0x00, 0x00,
    0x00, 0x00, 0x00, 0x23, 0x33, 0x54, 0x25, 0x21, 0x62, 0x46, 0x33, 0x34, 0x33, 0x22, 0x22, 0x11,
    0x11, 0x11, 0x11, 0x11, 0x11, 0x32, 0x54, 0x55, 0x35, 0x23, 0x22, 0x22, 0x33, 0x23, 0x00, 0x00,
    0x00, 0x00, 0x00, 0x00, 0x00, 0x00, 0x00, 0x00, 0x22, 0x33, 0x64, 0x66, 0x35, 0x75, 0x45, 0x23,
    0x34, 0x33, 0x22, 0x12, 0x11, 0x11, 0x11, 0x11, 0x11, 0x11, 0x32, 0x54, 0x55, 0x45, 0x23, 0x22,
    0x22, 0x33, 0x33, 0x00, 0x00, 0x00, 0x00, 0x00, 0x00, 0x00, 0x00, 0x00, 0x30, 0x22, 0x32, 0x65,
    0x86, 0x88, 0x67, 0x34, 0x53, 0x34, 0x23, 0x22, 0x12, 0x11, 0x12, 0x11, 0x11, 0x11, 0x11, 0x42,
    0x55, 0x55, 0x45, 0x23, 0x11, 0x32, 0x33, 0x23, 0x00, 0x00, 0x00, 0x00, 0x00, 0x00, 0x00, 0x00,
    0x00, 0x30, 0x33, 0x33, 0x65, 0x86, 0x68, 0x46, 0x54, 0x55, 0x34, 0x23, 0x22, 0x12, 0x11, 0x12,
    0x11, 0x11, 0x11, 0x21, 0x43, 0x55, 0x55, 0x44, 0x23, 0x12, 0x22, 0x22, 0x12, 0x00, 0x00, 0x00,
    0x00, 0x00, 0x00, 0x00, 0x00, 0x00, 0x33, 0x33, 0x33, 0x65, 0x56, 0x45, 0x33, 0x55, 0x55, 0x34,
    0x23, 0x22, 0x12, 0x11, 0x12, 0x11, 0x11, 0x11, 0x31, 0x44, 0x55, 0x55, 0x44, 0x23, 0x12, 0x21,
    0x22, 0x12, 0x00, 0x00, 0x00, 0x00, 0x00, 0x00, 0x00, 0x00, 0x20, 0x22, 0x22, 0x22, 0x32, 0x43,
    0x66, 0x66, 0x55, 0x45, 0x33, 0x23, 0x22, 0x12, 0x21, 0x12, 0x11, 0x11, 0x11, 0x31, 0x43, 0x54,
    0x55, 0x34, 0x23, 0x12, 0x11, 0x11, 0x01, 0x00, 0x00, 0x00, 0x00, 0x00, 0x00, 0x00, 0x00, 0x30,
    0x33, 0x33, 0x33, 0x54, 0x66, 0x77, 0x66, 0x55, 0x44, 0x33, 0x23, 0x22, 0x12, 0x21, 0x11, 0x11,
    0x11, 0x11, 0x31, 0x33, 0x54, 0x55, 0x34, 0x23, 0x12, 0x11, 0x11, 0x01, 0x00, 0x00, 0x00, 0x00,
    0x00, 0x00, 0x00, 0x00, 0x32, 0x23, 0x33, 0x33, 0x65, 0x76, 0x77, 0x67, 0x55, 0x44, 0x33, 0x23,
    0x22, 0x11, 0x21, 0x11, 0x11, 0x11, 0x11, 0x31, 0x33, 0x43, 0x45, 0x34, 0x22, 0x12, 0x11, 0x11,
    0x11, 0x00, 0x00, 0x00, 0x00, 0x00, 0x00, 0x00, 0x00, 0x33, 0x23, 0x33, 0x43, 0x65, 0x76, 0x88,
    0x66, 0x55, 0x45, 0x33, 0x23, 0x22, 0x11, 0x12, 0x11, 0x11, 0x11, 0x11, 0x32, 0x33, 0x43, 0x44,
    0x33, 0x22, 0x12, 0x11, 0x11, 0x11, 0x00, 0x00, 0x00, 0x00, 0x00, 0x00, 0x00, 0x00, 0x23, 0x22,
    0x32, 0x44, 0x76, 0x87, 0x78, 0x67, 0x55, 0x45, 0x33, 0x23, 0x22, 0x11, 0x12, 0x11, 0x11, 0x11,
    0x11, 0x22, 0x32, 0x32, 0x33, 0x23, 0x22, 0x12, 0x11, 0x11, 0x01, 0x00, 0x00, 0x00, 0x00, 0x00,
    0x00, 0x00, 0x20, 0x22, 0x22, 0x33, 0x33, 0x33, 0x64, 0x78, 0x67, 0x55, 0x45, 0x33, 0x23, 0x21,
    0x11, 0x12, 0x11, 0x11, 0x11, 0x11, 0x22, 0x22, 0x32, 0x33, 0x33, 0x22, 0x12, 0x11, 0x11, 0x01,
    0x00, 0x00, 0x00, 0x00, 0x00, 0x00, 0x00, 0x32, 0x22, 0x22, 0x33, 0x33, 0x33, 0x33, 0x34, 0x43,
    0x55, 0x45, 0x33, 0x23, 0x11, 0x21, 0x12, 0x11, 0x11, 0x11, 0x21, 0x22, 0x22, 0x22, 0x22, 0x22,
    0x22, 0x12, 0x11, 0x01, 0x00, 0x00, 0x00, 0x00, 0x00, 0x00, 0x00, 0x20, 0x23, 0x22, 0x22, 0x33,
    0x33, 0x33, 0x33, 0x34, 0x33, 0x33, 0x33, 0x33, 0x22, 0x11, 0x21, 0x11, 0x11, 0x11, 0x11, 0x22,
    0x22, 0x22, 0x22, 0x22, 0x22, 0x22, 0x12, 0x00, 0x00, 0x00, 0x00, 0x00, 0x00, 0x00, 0x00, 0x00,
    0x31, 0x22, 0x22, 0x32, 0x43, 0x33, 0x33, 0x43, 0x34, 0x22, 0x22, 0x23, 0x33, 0x22, 0x11, 0x21,
    0x11, 0x11, 0x11, 0x11, 0x22, 0x22, 0x22, 0x22, 0x22, 0x22, 0x22, 0x12, 0x00, 0x00, 0x00,
};

static const uint8_t ui_pixels_shtgd0[2494] = {
    0x00, 0x00, 0x00, 0x00, 0x00, 0x00, 0x00, 0x00, 0x32, 0x33, 0x22, 0x00, 0x00, 0x00, 0x00, 0x00,
    0x00, 0x00, 0x00, 0x00, 0x00, 0x00, 0x00, 0x00, 0x00, 0x00, 0x00, 0x00, 0x00, 0x00, 0x00, 0x00,
    0x00, 0x00, 0x00, 0x00, 0x00, 0x00, 0x00, 0x00, 0x00, 0x00, 0x00, 0x00, 0x00, 0x00, 0x00, 0x00,
    0x00, 0x00, 0x32, 0x33, 0x43, 0x23, 0x22, 0x00, 0x00, 0x00, 0x00, 0x00, 0x00, 0x00, 0x00, 0x00,
    0x00, 0x00, 0x00, 0x00, 0x00, 0x00, 0x00, 0x00, 0x00, 0x00, 0x00, 0x00, 0x00, 0x00, 0x00, 0x00,
    0x00, 0x00, 0x00, 0x00, 0x00, 0x00, 0x00, 0x00, 0x00, 0x00, 0x00, 0x00, 0x21, 0x33, 0x44, 0x45,
    0x33, 0x33, 0x22, 0x01, 0x00, 0x00, 0x00, 0x00, 0x00, 0x00, 0x00, 0x00, 0x00, 0x00, 0x00, 0x00,
    0x00, 0x00, 0x00, 0x00, 0x00, 0x00, 0x00, 0x00, 0x00, 0x00, 0x00, 0x00, 0x00, 0x00, 0x00, 0x00,
    0x00, 0x00, 0x00, 0x00, 0x00, 0x11, 0x21, 0x22, 0x33, 0x55, 0x55, 0x33, 0x33, 0x32, 0x22, 0x00,
    0x00, 0x00, 0x00, 0x00, 0x00, 0x00, 0x00, 0x00, 0x00, 0x00, 0x00, 0x00, 0x00, 0x00, 0x00, 0x00,
    0x00, 0x00, 0x00, 0x00, 0x00, 0x00, 0x00, 0x00, 0x00, 0x00, 0x00, 0x00, 0x00, 0x00, 0x00, 0x10,
    0x22, 0x32, 0x33, 0x43, 0x66, 0x66, 0x45, 0x33, 0x22, 0x33, 0x00, 0x00, 0x00, 0x00, 0x00, 0x00,
    0x00, 0x00, 0x00, 0x00, 0x00, 0x00, 0x00, 0x00, 0x00, 0x00, 0x00, 0x00, 0x00, 0x00, 0x00, 0x00,
    0x00, 0x00, 0x00, 0x00, 0x00, 0x00, 0x00, 0x00, 0x00, 0x00, 0x30, 0x22, 0x33, 0x43, 0x54, 0x77,
    0x77, 0x56, 0x33, 0x22, 0x33, 0x02, 0x00, 0x00, 0x00, 0x00, 0x00, 0x00, 0x00, 0x00, 0x00, 0x00,
    0x00, 0x00, 0x00, 0x00, 0x00, 0x00, 0x00, 0x00, 0x00, 0x00, 0x00, 0x00, 0x00, 0x00, 0x00, 0x00,
    0x00, 0x00, 0x00, 0x00, 0x00, 0x31, 0x22, 0x33, 0x33, 0x54, 0x67, 0x67, 0x56, 0x23, 0x21, 0x33,
    0x02, 0x00, 0x00, 0x00, 0x00, 0x00, 0x00, 0x00, 0x00, 0x00, 0x00, 0x00, 0x00, 0x00, 0x00, 0x00,
    0x00, 0x00, 0x00, 0x00, 0x00, 0x00, 0x00, 0x00, 0x00, 0x00, 0x00, 0x00, 0x00, 0x00, 0x00, 0x00,
    0x22, 0x22, 0x33, 0x43, 0x65, 0x88, 0x78, 0x55, 0x33, 0x22, 0x33, 0x02, 0x00, 0x00, 0x00, 0x00,
    0x00, 0x00, 0x00, 0x00, 0x00, 0x00, 0x00, 0x00, 0x00, 0x00, 0x00, 0x00, 0x00, 0x00, 0x00, 0x00,
    0x00, 0x00, 0x00, 0x00, 0x00, 0x00, 0x00, 0x00, 0x00, 0x00, 0x00, 0x22, 0x33, 0x34, 0x53, 0x76,
    0xa8, 0x9a, 0x56, 0x34, 0x33, 0x33, 0x02, 0x00, 0x00, 0x00, 0x00, 0x00, 0x00, 0x00, 0x00, 0x00,
    0x00, 0x00, 0x00, 0x00, 0x00, 0x00, 0x00, 0x00, 0x00, 0x00, 0x00, 0x00, 0x00, 0x00, 0x00, 0x00,
    0x00, 0x00, 0x00, 0x00, 0x00, 0x00, 0x32, 0x43, 0x33, 0x63, 0x76, 0x99, 0x9a, 0x57, 0x33, 0x32,
    0x33, 0x01, 0x00, 0x00, 0x00, 0x00, 0x00, 0x00, 0x00, 0x00, 0x00, 0x00, 0x00, 0x00, 0x00, 0x00,
    0x00, 0x00, 0x00, 0x00, 0x00, 0x00, 0x00, 0x00, 0x00, 0x00, 0x00, 0x00, 0x00, 0x00, 0x00, 0x00,
    0x00, 0x23, 0x53, 0x35, 0x64, 0x87, 0xa8, 0xaa, 0x78, 0x46, 0x33, 0x33, 0x11, 0x01, 0x00, 0x00,
    0x00, 0x00, 0x00, 0x00, 0x00, 0x00, 0x00, 0x00, 0x00, 0x00, 0x00, 0x00, 0x00, 0x00, 0x00, 0x00,
    0x00, 0x00, 0x00, 0x00, 0x00, 0x00, 0x00, 0x00, 0x00, 0x00, 0x00, 0x00, 0x33, 0x54, 0x35, 0x66,
    0x58, 0x45, 0x33, 0x54, 0x65, 0x34, 0x33, 0x21, 0x22, 0x01, 0x00, 0x00, 0x00, 0x00, 0x00, 0x00,
    0x00, 0x00, 0x00, 0x00, 0x00, 0x00, 0x00, 0x00, 0x00, 0x00, 0x00, 0x00, 0x00, 0x00, 0x00, 0x00,
    0x00, 0x00, 0x00, 0x00, 0x00, 0x00, 0x00, 0x33, 0x55, 0x35, 0x35, 0x22, 0x32, 0x22, 0x11, 0x32,
    0x44, 0x33, 0x12, 0x21, 0x12, 0x01, 0x00, 0x00, 0x00, 0x00, 0x00, 0x00, 0x00, 0x00, 0x00, 0x00,
    0x00, 0x00, 0x00, 0x00, 0x00, 0x00, 0x00, 0x00, 0x00, 0x00, 0x00, 0x00, 0x00, 0x00, 0x00, 0x00,
    0x00, 0x00, 0x55, 0x56, 0x23, 0x42, 0x65, 0x66, 0x77, 0x56, 0x35, 0x11, 0x31, 0x22, 0x22, 0x21,
    0x12, 0x00, 0x00, 0x00, 0x00, 0x00, 0x00, 0x00, 0x00, 0x00, 0x00, 0x00, 0x00, 0x00, 0x00, 0x00,
    0x00, 0x00, 0x00, 0x00, 0x00, 0x00, 0x00, 0x00, 0x00, 0x00, 0x00, 0x00, 0x00, 0x12, 0x11, 0x31,
    0x22, 0x53, 0x66, 0x77, 0x34, 0x52, 0x46, 0x23, 0x32, 0x22, 0x22, 0x11, 0x11, 0x01, 0x00, 0x00,
    0x00, 0x00, 0x00, 0x00, 0x00, 0x00, 0x00, 0x00, 0x00, 0x00, 0x00, 0x00, 0x00, 0x00, 0x00, 0x00,
    0x00, 0x00, 0x00, 0x00, 0x00, 0x00, 0x00, 0x00, 0x00, 0x11, 0x31, 0x21, 0x44, 0x65, 0x66, 0x56,
    0x35, 0x65, 0x45, 0x33, 0x23, 0x22, 0x11, 0x11, 0x11, 0x00, 0x00, 0x00, 0x00, 0x00, 0x00, 0x00,
    0x00, 0x00, 0x00, 0x00, 0x00, 0x00, 0x00, 0x00, 0x00, 0x00, 0x00, 0x00, 0x00, 0x00, 0x00, 0x00,
    0x00, 0x00, 0x00, 0x00, 0x00, 0x10, 0x32, 0x54, 0x77, 0x87, 0x57, 0x34, 0x23, 0x31, 0x45, 0x33,
    0x23, 0x12, 0x11, 0x11, 0x11, 0x01, 0x00, 0x00, 0x00, 0x00, 0x00, 0x00, 0x00, 0x00, 0x00, 0x00,
    0x00, 0x00, 0x00, 0x00, 0x00, 0x00, 0x00, 0x00, 0x00, 0x00, 0x00, 0x00, 0x00, 0x00, 0x00, 0x00,
    0x20, 0x23, 0x53, 0x11, 0x92, 0x68, 0x33, 0x12, 0x11, 0x32, 0x45, 0x33, 0x23, 0x11, 0x11, 0x11,
    0x11, 0x01, 0x00, 0x00, 0x00, 0x00, 0x00, 0x00, 0x00, 0x00, 0x00, 0x00, 0x00, 0x00, 0x00, 0x00,
    0x00, 0x00, 0x00, 0x00, 0x00, 0x00, 0x00, 0x00, 0x00, 0x00, 0x00, 0x20, 0x33, 0x53, 0x86, 0xa8,
    0x68, 0x35, 0x12, 0x11, 0x11, 0x53, 0x33, 0x23, 0x11, 0x11, 0x11, 0x11, 0x11, 0x00, 0x00, 0x00,
    0x00, 0x00, 0x00, 0x00, 0x00, 0x00, 0x00, 0x00, 0x00, 0x00, 0x00, 0x00, 0x00, 0x00, 0x00, 0x00,
    0x00, 0x00, 0x00, 0x00, 0x00, 0x00, 0x30, 0x33, 0x43, 0xa8, 0xaa, 0x58, 0x34, 0x12, 0x11, 0x12,
    0x11, 0x33, 0x33, 0x11, 0x11, 0x11, 0x11, 0x11, 0x00, 0x00, 0x00, 0x00, 0x00, 0x00, 0x00, 0x00,
    0x00, 0x00, 0x00, 0x00, 0x00, 0x00, 0x00, 0x00, 0x00, 0x00, 0x00, 0x00, 0x00, 0x00, 0x00, 0x00,
    0x00, 0x20, 0x33, 0x54, 0xaa, 0xaa, 0x58, 0x44, 0x12, 0x11, 0x23, 0x12, 0x11, 0x33, 0x11, 0x11,
    0x11, 0x11, 0x11, 0x01, 0x00, 0x00, 0x00, 0x00, 0x00, 0x00, 0x00, 0x00, 0x00, 0x00, 0x00, 0x00,
    0x00, 0x00, 0x00, 0x00, 0x00, 0x00, 0x00, 0x00, 0x00, 0x00, 0x00, 0x00, 0x20, 0x33, 0x63, 0x57,
    0xa5, 0x68, 0x44, 0x22, 0x12, 0x23, 0x22, 0x11, 0x21, 0x11, 0x11, 0x11, 0x11, 0x11, 0x01, 0x00,
    0x00, 0x00, 0x00, 0x00, 0x00, 0x00, 0x00, 0x00, 0x00, 0x00, 0x00, 0x00, 0x00, 0x00, 0x00, 0x00,
    0x00, 0x00, 0x00, 0x00, 0x00, 0x00, 0x00, 0x30, 0x33, 0x33, 0x11, 0xa5, 0x68, 0x35, 0x12, 0x11,
    0x22, 0x22, 0x11, 0x11, 0x11, 0x11, 0x11, 0x11, 0x11, 0x01, 0x00, 0x00, 0x00, 0x00, 0x00, 0x00,
    0x00, 0x00, 0x00, 0x00, 0x00, 0x00, 0x00, 0x00, 0x00, 0x00, 0x00, 0x00, 0x00, 0x00, 0x00, 0x00,
    0x00, 0x00, 0x20, 0x33, 0x43, 0xaa, 0xab, 0x58, 0x34, 0x12, 0x11, 0x33, 0x22, 0x11, 0x11, 0x11,
    0x11, 0x11, 0x11, 0x11, 0x01, 0x00, 0x00, 0x00, 0x00, 0x00, 0x00, 0x00, 0x00, 0x00, 0x00, 0x00,
    0x00, 0x00, 0x00, 0x00, 0x00, 0x00, 0x00, 0x00, 0x00, 0x00, 0x00, 0x00, 0x00, 0x20, 0x33, 0x43,
    0xba, 0xaa, 0x57, 0x34, 0x12, 0x21, 0x33, 0x22, 0x11, 0x11, 0x11, 0x11, 0x11, 0x11, 0x11, 0x01,
    0x00, 0x00, 0x00, 0x00, 0x00, 0x00, 0x00, 0x00, 0x00, 0x00, 0x00, 0x00, 0x00, 0x00, 0x00, 0x00,
    0x00, 0x00, 0x00, 0x00, 0x00, 0x00, 0x00, 0x00, 0x20, 0x33, 0x43, 0xa8, 0xab, 0x58, 0x34, 0x12,
    0x21, 0x33, 0x22, 0x11, 0x11, 0x11, 0x11, 0x11, 0x11, 0x11, 0x01, 0x00, 0x00, 0x00, 0x00, 0x00,
    0x00, 0x00, 0x00, 0x00, 0x00, 0x00, 0x00, 0x00, 0x00, 0x00, 0x00, 0x00, 0x00, 0x00, 0x00, 0x00,
    0x00, 0x00, 0x00, 0x20, 0x33, 0x54, 0x11, 0xa1, 0x68, 0x34, 0x12, 0x11, 0x33, 0x22, 0x11, 0x11,
    0x11, 0x11, 0x11, 0x11, 0x11, 0x01, 0x00, 0x00, 0x00, 0x00, 0x00, 0x00, 0x00, 0x00, 0x00, 0x00,
    0x00, 0x00, 0x00, 0x00, 0x00, 0x00, 0x00, 0x00, 0x00, 0x00, 0x00, 0x00, 0x00, 0x00, 0x30, 0x33,
    0x13, 0x32, 0xa8, 0x67, 0x34, 0x12, 0x21, 0x33, 0x22, 0x12, 0x11, 0x11, 0x11, 0x11, 0x11, 0x11,
    0x01, 0x00, 0x00, 0x00, 0x00, 0x00, 0x00, 0x00, 0x00, 0x00, 0x00, 0x00, 0x00, 0x00, 0x00, 0x00,
    0x00, 0x00, 0x00, 0x00, 0x00, 0x00, 0x00, 0x00, 0x00, 0x20, 0x33, 0x74, 0xaa, 0xbb, 0x57, 0x33,
    0x12, 0x21, 0x33, 0x23, 0x12, 0x22, 0x11, 0x11, 0x11, 0x11, 0x11, 0x01, 0x00, 0x00, 0x00, 0x00,
    0x00, 0x00, 0x00, 0x00, 0x00, 0x00, 0x00, 0x00, 0x00, 0x00, 0x00, 0x00, 0x00, 0x00, 0x00, 0x00,
    0x00, 0x00, 0x00, 0x00, 0x20, 0x33, 0x75, 0xaa, 0xa9, 0x57, 0x34, 0x12, 0x21, 0x33, 0x22, 0x22,
    0x22, 0x11, 0x11, 0x11, 0x11, 0x11, 0x01, 0x00, 0x00, 0x00, 0x00, 0x00, 0x00, 0x00, 0x00, 0x00,
    0x00, 0x00, 0x00, 0x00, 0x00, 0x00, 0x00, 0x00, 0x00, 0x00, 0x00, 0x00, 0x00, 0x00, 0x00, 0x20,
    0x33, 0x75, 0xaa, 0x9a, 0x57, 0x34, 0x12, 0x21, 0x33, 0x23, 0x22, 0x22, 0x11, 0x11, 0x11, 0x11,
    0x11, 0x01, 0x00, 0x00, 0x00, 0x00, 0x00, 0x00, 0x00, 0x00, 0x00, 0x00, 0x00, 0x00, 0x00, 0x00,
    0x00, 0x00, 0x00, 0x00, 0x00, 0x00, 0x00, 0x00, 0x00, 0x00, 0x20, 0x33, 0x85, 0x13, 0x81, 0x57,
    0x33, 0x12, 0x21, 0x33, 0x23, 0x22, 0x22, 0x11, 0x11, 0x11, 0x11, 0x11, 0x01, 0x00, 0x00, 0x00,
    0x00, 0x00, 0x00, 0x00, 0x00, 0x00, 0x00, 0x00, 0x00, 0x00, 0x00, 0x00, 0x00, 0x00, 0x00, 0x00,
    0x00, 0x00, 0x00, 0x00, 0x00, 0x20, 0x33, 0x35, 0x11, 0x95, 0x57, 0x33, 0x12, 0x21, 0x33, 0x23,
    0x22, 0x22, 0x11, 0x11, 0x11, 0x11, 0x11, 0x01, 0x00, 0x00, 0x00, 0x00, 0x00, 0x00, 0x00, 0x00,
    0x00, 0x00, 0x00, 0x00, 0x00, 0x00, 0x00, 0x00, 0x00, 0x00, 0x00, 0x00, 0x00, 0x00, 0x00, 0x00,
    0x20, 0x33, 0x65, 0xaa, 0xaa, 0x58, 0x33, 0x12, 0x21, 0x33, 0x23, 0x22, 0x22, 0x11, 0x11, 0x11,
    0x11, 0x11, 0x01, 0x00, 0x00, 0x00, 0x00, 0x00, 0x00, 0x00, 0x00, 0x00, 0x00, 0x00, 0x00, 0x00,
    0x00, 0x00, 0x00, 0x00, 0x00, 0x00, 0x00, 0x00, 0x00, 0x00, 0x00, 0x20, 0x33, 0x75, 0xba, 0x9a,
    0x57, 0x33, 0x12, 0x21, 0x33, 0x22, 0x22, 0x22, 0x11, 0x11, 0x11, 0x11, 0x11, 0x01, 0x00, 0x00,
    0x00, 0x00, 0x00, 0x00, 0x00, 0x00, 0x00, 0x00, 0x00, 0x00, 0x00, 0x00, 0x00, 0x00, 0x00, 0x00,
    0x00, 0x00, 0x00, 0x00, 0x00, 0x00, 0x20, 0x33, 0x64, 0xaa, 0xaa, 0x57, 0x33, 0x12, 0x21, 0x33,
    0x23, 0x22, 0x22, 0x11, 0x11, 0x12, 0x11, 0x11, 0x01, 0x00, 0x00, 0x00, 0x00, 0x00, 0x00, 0x00,
    0x00, 0x00, 0x00, 0x00, 0x00, 0x00, 0x00, 0x00, 0x00, 0x00, 0x00, 0x00, 0x00, 0x00, 0x00, 0x00,
    0x00, 0x20, 0x43, 0x75, 0x88, 0x87, 0x57, 0x33, 0x12, 0x21, 0x33, 0x22, 0x22, 0x22, 0x11, 0x32,
    0x11, 0x11, 0x11, 0x11, 0x00, 0x00, 0x00, 0x00, 0x00, 0x00, 0x00, 0x00, 0x00, 0x00, 0x00, 0x00,
    0x00, 0x00, 0x00, 0x00, 0x00, 0x00, 0x00, 0x00, 0x00, 0x00, 0x00, 0x00, 0x20, 0x43, 0x37, 0x11,
    0xa2, 0x57, 0x34, 0x12, 0x21, 0x33, 0x23, 0x22, 0x22, 0x11, 0x33, 0x11, 0x11, 0x11, 0x12, 0x01,
    0x00, 0x00, 0x00, 0x00, 0x00, 0x00, 0x00, 0x00, 0x00, 0x00, 0x00, 0x00, 0x00, 0x00, 0x00, 0x00,
    0x00, 0x00, 0x00, 0x00, 0x00, 0x00, 0x00, 0x20, 0x33, 0x35, 0x84, 0x9a, 0x57, 0x34, 0x12, 0x31,
    0x33, 0x22, 0x22, 0x22, 0x11, 0x33, 0x11, 0x11, 0x11, 0x22, 0x12, 0x00, 0x00, 0x00, 0x00, 0x00,
    0x00, 0x00, 0x00, 0x00, 0x00, 0x00, 0x00, 0x00, 0x00, 0x00, 0x00, 0x00, 0x00, 0x00, 0x00, 0x00,
    0x00, 0x00, 0x20, 0x33, 0x76, 0x99, 0x88, 0x57, 0x33, 0x12, 0x32, 0x33, 0x22, 0x22, 0x22, 0x11,
    0x33, 0x11, 0x11, 0x11, 0x21, 0x12, 0x01, 0x00, 0x00, 0x00, 0x00, 0x00, 0x00, 0x00, 0x00, 0x00,
    0x00, 0x00, 0x00, 0x00, 0x00, 0x00, 0x00, 0x00, 0x00, 0x00, 0x00, 0x00, 0x00, 0x20, 0x33, 0x66,
    0xaa, 0x99, 0x56, 0x33, 0x12, 0x32, 0x23, 0x22, 0x22, 0x22, 0x11, 0x33, 0x11, 0x11, 0x11, 0x21,
    0x12, 0x01, 0x00, 0x00, 0x00, 0x00, 0x00, 0x00, 0x00, 0x00, 0x00, 0x00, 0x00, 0x00, 0x00, 0x00,
    0x00, 0x00, 0x00, 0x00, 0x00, 0x00, 0x00, 0x00, 0x20, 0x43, 0x76, 0xaa, 0x99, 0x57, 0x34, 0x22,
    0x32, 0x22, 0x22, 0x22, 0x22, 0x11, 0x33, 0x11, 0x11, 0x11, 0x21, 0x11, 0x01, 0x00, 0x00, 0x00,
    0x00, 0x00, 0x00, 0x00, 0x00, 0x00, 0x00, 0x00, 0x00, 0x00, 0x00, 0x00, 0x00, 0x00, 0x00, 0x00,
    0x00, 0x00, 0x00, 0x20, 0x43, 0x66, 0x11, 0x83, 0x57, 0x34, 0x22, 0x22, 0x22, 0x22, 0x22, 0x22,
    0x11, 0x33, 0x11, 0x11, 0x11, 0x11, 0x11, 0x11, 0x00, 0x00, 0x00, 0x00, 0x00, 0x00, 0x00, 0x00,
    0x00, 0x00, 0x00, 0x00, 0x00, 0x00, 0x00, 0x00, 0x00, 0x00, 0x00, 0x00, 0x00, 0x00, 0x22, 0x43,
    0x35, 0xa7, 0xab, 0x56, 0x33, 0x22, 0x32, 0x22, 0x22, 0x22, 0x22, 0x21, 0x33, 0x11, 0x11, 0x11,
    0x11, 0x11, 0x11, 0x00, 0x00, 0x00, 0x00, 0x00, 0x00, 0x00, 0x00, 0x00, 0x00, 0x00, 0x00, 0x00,
    0x00, 0x00, 0x00, 0x00, 0x00, 0x00, 0x00, 0x00, 0x00, 0x32, 0x43, 0x66, 0xab, 0x9b, 0x56, 0x34,
    0x22, 0x32, 0x22, 0x22, 0x22, 0x22, 0x21, 0x33, 0x11, 0x11, 0x11, 0x11, 0x11, 0x11, 0x31, 0x03,
    0x00, 0x00, 0x00, 0x00, 0x00, 0x40, 0x44, 0x03, 0x00, 0x00, 0x00, 0x00, 0x00, 0x00, 0x00, 0x00,
    0x00, 0x00, 0x00, 0x00, 0x32, 0x53, 0x86, 0xba, 0x8a, 0x56, 0x33, 0x22, 0x32, 0x22, 0x22, 0x22,
    0x22, 0x21, 0x33, 0x12, 0x11, 0x11, 0x11, 0x11, 0x11, 0x31, 0x65, 0x56, 0x35, 0x54, 0x55, 0x55,
    0x55, 0x55, 0x25, 0x00, 0x00, 0x00, 0x00, 0x00, 0x00, 0x00, 0x00, 0x00, 0x00, 0x00, 0x00, 0x22,
    0x53, 0x86, 0xcb, 0x8b, 0x56, 0x23, 0x12, 0x33, 0x22, 0x22, 0x22, 0x22, 0x11, 0x11, 0x33, 0x12,
    0x22, 0x11, 0x11, 0x11, 0x11, 0x42, 0x44, 0x53, 0x66, 0x66, 0x55, 0x55, 0x34, 0x23, 0x00, 0x00,
    0x00, 0x00, 0x00, 0x00, 0x00, 0x00, 0x00, 0x00, 0x00, 0x00, 0x42, 0x53, 0x86, 0x12, 0x82, 0x56,
    0x33, 0x12, 0x33, 0x23, 0x22, 0x22, 0x22, 0x11, 0x11, 0x21, 0x12, 0x11, 0x12, 0x11, 0x11, 0x11,
    0x31, 0x23, 0x53, 0x65, 0x56, 0x45, 0x34, 0x33, 0x12, 0x00, 0x00, 0x00, 0x00, 0x00, 0x00, 0x00,
    0x00, 0x00, 0x00, 0x00, 0x00, 0x32, 0x43, 0x45, 0x86, 0x88, 0x56, 0x33, 0x22, 0x33, 0x22, 0x22,
    0x22, 0x22, 0x11, 0x11, 0x11, 0x21, 0x12, 0x22, 0x12, 0x11, 0x11, 0x11, 0x21, 0x64, 0x66, 0x56,
    0x35, 0x33, 0x22, 0x02, 0x00, 0x00, 0x00, 0x00, 0x00, 0x00, 0x00, 0x00, 0x00, 0x00, 0x00, 0x00,
    0x32, 0x43, 0x65, 0xaa, 0x8a, 0x46, 0x23, 0x32, 0x33, 0x22, 0x22, 0x22, 0x22, 0x11, 0x11, 0x11,
    0x11, 0x21, 0x21, 0x12, 0x11, 0x11, 0x11, 0x31, 0x65, 0x66, 0x56, 0x34, 0x13, 0x00, 0x00, 0x00,
    0x00, 0x00, 0x00, 0x00, 0x00, 0x00, 0x00, 0x00, 0x00, 0x00, 0x00, 0x32, 0x53, 0x76, 0xa9, 0x89,
    0x46, 0x23, 0x31, 0x33, 0x22, 0x22, 0x22, 0x22, 0x11, 0x11, 0x11, 0x11, 0x21, 0x22, 0x12, 0x11,
    0x11, 0x11, 0x42, 0x65, 0x66, 0x46, 0x34, 0x13, 0x32, 0x04, 0x00, 0x00, 0x00, 0x00, 0x00, 0x00,
    0x00, 0x00, 0x00, 0x00, 0x00, 0x00, 0x32, 0x43, 0x76, 0x9a, 0x89, 0x45, 0x23, 0x43, 0x33, 0x23,
    0x22, 0x22, 0x22, 0x11, 0x11, 0x11, 0x11, 0x11, 0x12, 0x11, 0x11, 0x11, 0x11, 0x53, 0x65, 0x66,
    0x46, 0x34, 0x12, 0x64, 0x56, 0x00, 0x00, 0x00, 0x00, 0x00, 0x00, 0x00, 0x00, 0x00, 0x00, 0x00,
    0x10, 0x32, 0x53, 0x85, 0x12, 0xa6, 0x35, 0x33, 0x45, 0x33, 0x23, 0x22, 0x22, 0x21, 0x11, 0x11,
    0x11, 0x11, 0x11, 0x21, 0x11, 0x11, 0x11, 0x11, 0x54, 0x66, 0x66, 0x46, 0x33, 0x12, 0x53, 0x65,
    0x56, 0x03, 0x00, 0x00, 0x00, 0x00, 0x00, 0x00, 0x00, 0x00, 0x00, 0x20, 0x33, 0x53, 0x16, 0x11,
    0x83, 0x35, 0x33, 0x44, 0x33, 0x23, 0x22, 0x22, 0x22, 0x11, 0x11, 0x11, 0x11, 0x11, 0x31, 0x12,
    0x11, 0x11, 0x21, 0x55, 0x66, 0x66, 0x45, 0x33, 0x12, 0x32, 0x55, 0x66, 0x54, 0x00, 0x00, 0x00,
    0x00, 0x00, 0x00, 0x00, 0x00, 0x00, 0x20, 0x32, 0x43, 0x65, 0x8a, 0x67, 0x35, 0x64, 0x34, 0x33,
    0x23, 0x22, 0x22, 0x12, 0x11, 0x11, 0x11, 0x11, 0x11, 0x31, 0x12, 0x12, 0x11, 0x41, 0x55, 0x66,
    0x66, 0x45, 0x34, 0x12, 0x32, 0x64, 0x66, 0x56, 0x45, 0x03, 0x00, 0x00, 0x00, 0x00, 0x00, 0x00,
    0x00, 0x20, 0x33, 0x53, 0x75, 0x88, 0x67, 0x43, 0x56, 0x34, 0x33, 0x33, 0x22, 0x22, 0x12, 0x11,
    0x11, 0x11, 0x11, 0x11, 0x31, 0x22, 0x12, 0x11, 0x51, 0x55, 0x66, 0x66, 0x45, 0x23, 0x12, 0x32,
    0x64, 0x66, 0x46, 0x66, 0x44, 0x00, 0x00, 0x00, 0x00, 0x00, 0x00, 0x00, 0x22, 0x33, 0x43, 0x65,
    0x89, 0x36, 0x66, 0x55, 0x44, 0x33, 0x23, 0x22, 0x12, 0x11, 0x11, 0x11, 0x11, 0x11, 0x11, 0x31,
    0x22, 0x12, 0x11, 0x51, 0x55, 0x66, 0x56, 0x45, 0x33, 0x22, 0x32, 0x44, 0x44, 0x34, 0x65, 0x36,
    0x55, 0x04, 0x00, 0x00, 0x00, 0x00, 0x00, 0x32, 0x23, 0x22, 0x33, 0x65, 0x67, 0x66, 0x55, 0x44,
    0x33, 0x23, 0x22, 0x12, 0x11, 0x11, 0x11, 0x11, 0x11, 0x11, 0x31, 0x12, 0x11, 0x11, 0x51, 0x55,
    0x56, 0x55, 0x55, 0x33, 0x24, 0x22, 0x22, 0x23, 0x22, 0x54, 0x56, 0x33, 0x55, 0x02,
};

static const uint8_t ui_pixels_shtfa0[334] = {
    0x00, 0x00, 0x00, 0x00, 0x00, 0x00, 0x00, 0x22, 0x00, 0x00, 0x00, 0x00, 0x00, 0x00, 0x00, 0x00,
    0x00, 0x00, 0x00, 0x00, 0x00, 0x43, 0x34, 0x00, 0x00, 0x00, 0x00, 0x00, 0x00, 0x00, 0x00, 0x00,
    0x00, 0x00, 0x32, 0x63, 0xbb, 0x36, 0x23, 0x00, 0x00, 0x00, 0x00, 0x00, 0x00, 0x00, 0x00, 0x20,
    0x43, 0x66, 0xf9, 0x9f, 0x66, 0x34, 0x02, 0x00, 0x00, 0x00, 0x00, 0x00, 0x00, 0x21, 0x63, 0x66,
    0xd6, 0xff, 0x6d, 0x66, 0x36, 0x12, 0x00, 0x00, 0x00, 0x00, 0x00, 0x31, 0x64, 0x66, 0x96, 0xff,
    0xff, 0x69, 0x66, 0x46, 0x13, 0x00, 0x00, 0x00, 0x00, 0x30, 0x64, 0x86, 0xdb, 0xef, 0x99, 0xfe,
    0xbd, 0x68, 0x46, 0x03, 0x00, 0x00, 0x00, 0x00, 0x63, 0x66, 0xfb, 0xff, 0x09, 0x90, 0xff, 0xbf,
    0x66, 0x36, 0x00, 0x00, 0x00, 0x00, 0x42, 0x85, 0xfb, 0x7e, 0x00, 0x00, 0x00, 0xe7, 0xbf, 0x58,
    0x24, 0x00, 0x00, 0x20, 0x43, 0xb6, 0xfd, 0x09, 0x00, 0x00, 0x00, 0x00, 0x90, 0xdf, 0x6b, 0x34,
    0x02, 0x30, 0x44, 0x95, 0xfd, 0x5f, 0x00, 0x00, 0x00, 0x00, 0x00, 0xf5, 0xdf, 0x59, 0x44, 0x33,
    0x43, 0x65, 0xfc, 0xef, 0x00, 0x00, 0x00, 0x00, 0x00, 0x00, 0xfe, 0xcf, 0x56, 0x34, 0x00, 0x30,
    0x53, 0xfc, 0x05, 0x00, 0x00, 0x00, 0x00, 0x00, 0x50, 0xcf, 0x35, 0x03, 0x00, 0x00, 0x20, 0x54,
    0x0b, 0x00, 0x00, 0x00, 0x00, 0x00, 0x00, 0xb0, 0x45, 0x02, 0x00, 0x00, 0x00, 0x00, 0x00, 0x00,
    0x01, 0x00, 0x00, 0x00, 0x10, 0x00, 0x00, 0x00, 0x00, 0x00, 0x00, 0x00, 0x00, 0x10, 0x00, 0x00,
    0x00, 0x00, 0x00, 0x00, 0x01, 0x00, 0x00, 0x00, 0x00, 0x00, 0x00, 0x00, 0x10, 0x01, 0x00, 0x00,
    0x00, 0x10, 0x01, 0x00, 0x00, 0x00, 0x00, 0x00, 0x00, 0x00, 0x10, 0x00, 0x00, 0x00, 0x00, 0x00,
    0x00, 0x01, 0x00, 0x00, 0x00, 0x00, 0x00, 0x00, 0x00, 0x10, 0x00, 0x00, 0x00, 0x00, 0x00, 0x01,
    0x00, 0x00, 0x00, 0x00, 0x00, 0x00, 0x00, 0x10, 0x01, 0x00, 0x00, 0x00, 0x00, 0x10, 0x01, 0x00,
    0x00, 0x00, 0x00, 0x00, 0x00, 0x00, 0x00, 0x00, 0x00, 0x00, 0x00, 0x00, 0x00, 0x00, 0x00, 0x00,
    0x00, 0x00, 0x00, 0x00, 0x11, 0x00, 0x00, 0x00, 0x00, 0x00, 0x00, 0x12, 0x00, 0x00, 0x00, 0x00,
    0x00, 0x00, 0x11, 0x00, 0x00, 0x00, 0x00, 0x00, 0x00, 0x00, 0x11, 0x00, 0x00, 0x00,
};

static const uint8_t ui_pixels_shtfb0[644] = {
    0x00, 0x00, 0x00, 0x00, 0x00, 0x00, 0x00, 0x00, 0x00, 0x00, 0x00, 0x20, 0x00, 0x00, 0x00, 0x00,
    0x00, 0x00, 0x00, 0x00, 0x00, 0x00, 0x00, 0x00, 0x00, 0x00, 0x00, 0x00, 0x00, 0x00, 0x00, 0x00,
    0x00, 0x00, 0x32, 0x02, 0x00, 0x00, 0x00, 0x00, 0x00, 0x00, 0x00, 0x00, 0x00, 0x00, 0x00, 0x00,
    0x00, 0x00, 0x00, 0x00, 0x00, 0x00, 0x00, 0x00, 0x32, 0x43, 0x33, 0x02, 0x00, 0x00, 0x00, 0x00,
    0x00, 0x00, 0x00, 0x00, 0x00, 0x00, 0x00, 0x00, 0x00, 0x00, 0x00, 0x00, 0x00, 0x00, 0x20, 0x33,
    0x54, 0x34, 0x23, 0x00, 0x00, 0x00, 0x00, 0x00, 0x00, 0x00, 0x00, 0x00, 0x00, 0x00, 0x00, 0x00,
    0x00, 0x00, 0x00, 0x00, 0x00, 0x22, 0x43, 0x54, 0x44, 0x23, 0x02, 0x00, 0x00, 0x00, 0x00, 0x00,
    0x00, 0x00, 0x00, 0x00, 0x00, 0x00, 0x00, 0x00, 0x00, 0x00, 0x00, 0x22, 0x43, 0x44, 0x65, 0x45,
    0x44, 0x23, 0x02, 0x00, 0x00, 0x00, 0x00, 0x00, 0x00, 0x00, 0x00, 0x00, 0x00, 0x00, 0x00, 0x00,
    0x00, 0x22, 0x33, 0x34, 0x54, 0xc8, 0x58, 0x34, 0x34, 0x23, 0x02, 0x00, 0x00, 0x00, 0x00, 0x00,
    0x00, 0x00, 0x00, 0x00, 0x00, 0x00, 0x00, 0x20, 0x32, 0x44, 0x44, 0x85, 0xe9, 0x89, 0x45, 0x44,
    0x34, 0x22, 0x00, 0x00, 0x00, 0x00, 0x00, 0x00, 0x00, 0x00, 0x00, 0x00, 0x00, 0x21, 0x33, 0x44,
    0x44, 0x55, 0xb9, 0xfc, 0xbc, 0x59, 0x45, 0x44, 0x34, 0x23, 0x01, 0x00, 0x00, 0x00, 0x00, 0x00,
    0x00, 0x00, 0x00, 0x00, 0x32, 0x66, 0x66, 0x88, 0x99, 0xec, 0xff, 0xef, 0x9c, 0x89, 0x68, 0x66,
    0x36, 0x02, 0x00, 0x00, 0x00, 0x00, 0x00, 0x00, 0x00, 0x00, 0x20, 0x32, 0x85, 0x99, 0xbb, 0xcc,
    0xff, 0xff, 0xff, 0xcf, 0xbc, 0x9b, 0x89, 0x35, 0x22, 0x00, 0x00, 0x00, 0x00, 0x00, 0x00, 0x00,
    0x00, 0x22, 0x32, 0x86, 0xcb, 0xee, 0xff, 0xff, 0x9e, 0xfe, 0xff, 0xef, 0xce, 0x8b, 0x36, 0x22,
    0x02, 0x00, 0x00, 0x00, 0x00, 0x00, 0x00, 0x00, 0x32, 0x33, 0x88, 0xb9, 0xff, 0xff, 0x79, 0x00,
    0x70, 0xf9, 0xff, 0xbf, 0x89, 0x38, 0x33, 0x02, 0x00, 0x00, 0x00, 0x00, 0x00, 0x00, 0x20, 0x32,
    0x33, 0x98, 0xcb, 0xff, 0xef, 0x00, 0x00, 0x00, 0xe0, 0xff, 0xcf, 0x9b, 0x38, 0x33, 0x22, 0x00,
    0x00, 0x00, 0x00, 0x00, 0x10, 0x22, 0x33, 0x44, 0x65, 0xeb, 0xff, 0x09, 0x00, 0x00, 0x00, 0x00,
    0xf9, 0xef, 0x6b, 0x45, 0x34, 0x23, 0x12, 0x00, 0x00, 0x00, 0x20, 0x33, 0x43, 0x64, 0x66, 0xc9,
    0xfe, 0x9f, 0x00, 0x00, 0x00, 0x00, 0x00, 0x90, 0xff, 0xce, 0x69, 0x66, 0x44, 0x33, 0x23, 0x00,
    0x21, 0x32, 0x44, 0x84, 0x99, 0xbb, 0xfd, 0xff, 0x7e, 0x00, 0x00, 0x00, 0x00, 0x00, 0x70, 0xfe,
    0xff, 0xbd, 0x9b, 0x89, 0x44, 0x34, 0x22, 0x00, 0x20, 0x32, 0x33, 0x44, 0x65, 0xdb, 0xfe, 0x05,
    0x00, 0x00, 0x00, 0x00, 0x00, 0x00, 0xf5, 0xde, 0x6b, 0x45, 0x34, 0x33, 0x22, 0x00, 0x00, 0x00,
    0x00, 0x10, 0x22, 0x33, 0x86, 0xcb, 0x00, 0x00, 0x00, 0x00, 0x00, 0x00, 0x00, 0xc0, 0x8b, 0x36,
    0x23, 0x12, 0x00, 0x00, 0x00, 0x00, 0x00, 0x00, 0x00, 0x21, 0x32, 0x64, 0xb8, 0x00, 0x10, 0x00,
    0x00, 0x00, 0x20, 0x00, 0xb0, 0x68, 0x34, 0x22, 0x01, 0x00, 0x00, 0x00, 0x00, 0x00, 0x00, 0x00,
    0x00, 0x10, 0x32, 0x54, 0x01, 0x00, 0x00, 0x00, 0x00, 0x00, 0x00, 0x52, 0x34, 0x12, 0x00, 0x00,
    0x00, 0x00, 0x00, 0x00, 0x00, 0x00, 0x00, 0x00, 0x00, 0x10, 0x04, 0x10, 0x12, 0x00, 0x00, 0x00,
    0x20, 0x24, 0x00, 0x14, 0x00, 0x00, 0x00, 0x00, 0x00, 0x00, 0x00, 0x00, 0x00, 0x00, 0x00, 0x00,
    0x00, 0x00, 0x11, 0x00, 0x00, 0x00, 0x00, 0x00, 0x20, 0x02, 0x00, 0x00, 0x00, 0x00, 0x00, 0x00,
    0x00, 0x00, 0x00, 0x00, 0x00, 0x00, 0x00, 0x00, 0x00, 0x10, 0x01, 0x00, 0x00, 0x00, 0x00, 0x22,
    0x00, 0x00, 0x00, 0x00, 0x00, 0x00, 0x00, 0x00, 0x00, 0x00, 0x00, 0x00, 0x00, 0x00, 0x00, 0x00,
    0x00, 0x00, 0x00, 0x00, 0x00, 0x00, 0x00, 0x00, 0x00, 0x00, 0x00, 0x00, 0x00, 0x00, 0x00, 0x00,
    0x00, 0x00, 0x00, 0x00, 0x00, 0x00, 0x00, 0x00, 0x00, 0x00, 0x00, 0x00, 0x00, 0x00, 0x00, 0x00,
    0x00, 0x00, 0x00, 0x00, 0x00, 0x00, 0x00, 0x00, 0x00, 0x00, 0x00, 0x00, 0x00, 0x00, 0x12, 0x00,
    0x00, 0x00, 0x00, 0x00, 0x20, 0x04, 0x00, 0x00, 0x00, 0x00, 0x00, 0x00, 0x00, 0x00, 0x00, 0x00,
    0x00, 0x00, 0x00, 0x00, 0x00, 0x00, 0x00, 0x00, 0x00, 0x00, 0x00, 0x00, 0x00, 0x00, 0x00, 0x00,
    0x00, 0x00, 0x00, 0x00,
};

static const E1M1UiPatch ui_stbar = {256u, 26u, 0, 0, ui_pixels_stbar};

static const E1M1UiPatch ui_sttnum0 = {10u, 13u, 0, 0, ui_pixels_sttnum0};

static const E1M1UiPatch ui_sttnum1 = {10u, 13u, 0, 0, ui_pixels_sttnum1};

static const E1M1UiPatch ui_sttnum2 = {10u, 13u, 0, 0, ui_pixels_sttnum2};

static const E1M1UiPatch ui_sttnum3 = {10u, 13u, 0, 0, ui_pixels_sttnum3};

static const E1M1UiPatch ui_sttnum4 = {10u, 13u, 0, 0, ui_pixels_sttnum4};

static const E1M1UiPatch ui_sttnum5 = {10u, 13u, 0, 0, ui_pixels_sttnum5};

static const E1M1UiPatch ui_sttnum6 = {10u, 13u, 0, 0, ui_pixels_sttnum6};

static const E1M1UiPatch ui_sttnum7 = {10u, 13u, 0, 0, ui_pixels_sttnum7};

static const E1M1UiPatch ui_sttnum8 = {10u, 13u, 0, 0, ui_pixels_sttnum8};

static const E1M1UiPatch ui_sttnum9 = {10u, 13u, 0, 0, ui_pixels_sttnum9};

static const E1M1UiPatch ui_sttprcnt = {10u, 13u, 0, 0, ui_pixels_sttprcnt};

static const E1M1UiPatch ui_stysnum0 = {4u, 6u, 0, 0, ui_pixels_stysnum0};

static const E1M1UiPatch ui_stysnum1 = {4u, 6u, 0, 0, ui_pixels_stysnum1};

static const E1M1UiPatch ui_stysnum2 = {4u, 6u, 0, 0, ui_pixels_stysnum2};

static const E1M1UiPatch ui_stysnum3 = {4u, 6u, 0, 0, ui_pixels_stysnum3};

static const E1M1UiPatch ui_stysnum4 = {4u, 6u, 0, 0, ui_pixels_stysnum4};

static const E1M1UiPatch ui_stysnum5 = {4u, 6u, 0, 0, ui_pixels_stysnum5};

static const E1M1UiPatch ui_stysnum6 = {4u, 6u, 0, 0, ui_pixels_stysnum6};

static const E1M1UiPatch ui_stysnum7 = {4u, 6u, 0, 0, ui_pixels_stysnum7};

static const E1M1UiPatch ui_stysnum8 = {4u, 6u, 0, 0, ui_pixels_stysnum8};

static const E1M1UiPatch ui_stysnum9 = {4u, 6u, 0, 0, ui_pixels_stysnum9};

static const E1M1UiPatch ui_stfst00 = {19u, 24u, 0, 0, ui_pixels_stfst00};

static const E1M1UiPatch ui_stfst10 = {19u, 24u, 0, 0, ui_pixels_stfst10};

static const E1M1UiPatch ui_stfst20 = {19u, 24u, 0, 0, ui_pixels_stfst20};

static const E1M1UiPatch ui_stfst30 = {19u, 25u, 0, 0, ui_pixels_stfst30};

static const E1M1UiPatch ui_stfst40 = {19u, 25u, 0, 0, ui_pixels_stfst40};

static const E1M1UiPatch ui_stfdead0 = {19u, 25u, 0, 0, ui_pixels_stfdead0};

static const E1M1UiPatch ui_stkeys0 = {10u, 8u, 0, 0, ui_pixels_stkeys0};

static const E1M1UiPatch ui_pisga0 = {66u, 23u, 100, 78, ui_pixels_pisga0};

static const E1M1UiPatch ui_pisgb0 = {66u, 32u, 100, 69, ui_pixels_pisgb0};

static const E1M1UiPatch ui_pisgc0 = {67u, 29u, 99, 72, ui_pixels_pisgc0};

static const E1M1UiPatch ui_pisfa0 = {26u, 18u, 115, 61, ui_pixels_pisfa0};

static const E1M1UiPatch ui_shtga0 = {54u, 17u, 98, 84, ui_pixels_shtga0};

static const E1M1UiPatch ui_shtgb0 = {70u, 58u, 62, 43, ui_pixels_shtgb0};

static const E1M1UiPatch ui_shtgc0 = {74u, 67u, 48, 34, ui_pixels_shtgc0};

static const E1M1UiPatch ui_shtgd0 = {86u, 58u, 35, 43, ui_pixels_shtgd0};

static const E1M1UiPatch ui_shtfa0 = {29u, 23u, 114, 78, ui_pixels_shtfa0};

static const E1M1UiPatch ui_shtfb0 = {46u, 28u, 105, 73, ui_pixels_shtfb0};

static const E1M1UiPatch *const ui_digits[10] = {
    &ui_sttnum0, &ui_sttnum1, &ui_sttnum2, &ui_sttnum3, &ui_sttnum4, &ui_sttnum5, &ui_sttnum6, &ui_sttnum7, &ui_sttnum8, &ui_sttnum9,
};

static const E1M1UiPatch *const ui_small_digits[10] = {
    &ui_stysnum0, &ui_stysnum1, &ui_stysnum2, &ui_stysnum3, &ui_stysnum4, &ui_stysnum5, &ui_stysnum6, &ui_stysnum7, &ui_stysnum8, &ui_stysnum9,
};

static const E1M1UiPatch *const ui_faces[6] = {
    &ui_stfst00, &ui_stfst10, &ui_stfst20, &ui_stfst30, &ui_stfst40, &ui_stfdead0,
};
