/* Generated by tools/doom/build_game_sprites.py. Do not edit.
 * Freedoom 0.13.0 SHA-256: 7323bcc168c5a45ff10749b339960e98314740a734c30d4b9f3337001f9e703d
 * Attribution: doom_port/data/COPYING.txt and CREDITS.txt.
 * Low nibble first, zero transparent. Patch offsets in map units.
 */
#pragma once
#include <stdint.h>

#define GAME_SPRITE_COUNT 69u
#define GAME_SPRITE_BYTES 33601u

typedef struct {
    uint8_t width, height;
    uint8_t world_width, world_height;
    int16_t left, top;
    const uint8_t *pixels;
} GameSpriteAsset;

typedef struct {
    uint16_t thing_type;
    uint8_t count[4];
    uint8_t frame[4][7];
} GameSpriteSequence;

static const uint8_t game_sprite_gray[16] = {
    0, 12, 28, 44, 60, 78, 96, 114, 132, 150, 168, 185, 200, 214, 229, 244,
};

static const uint8_t game_sprite_possa1[704] = {
    0x00, 0x00, 0x00, 0x00, 0x00, 0x00, 0x00, 0x00, 0x77, 0x36, 0x00, 0x00, 0x00, 0x00, 0x00, 0x00,
    0x00, 0x00, 0x00, 0x00, 0x00, 0x00, 0x00, 0x30, 0xa9, 0x48, 0x05, 0x00, 0x00, 0x00, 0x00, 0x00,
    0x00, 0x00, 0x00, 0x00, 0x00, 0x00, 0x00, 0x26, 0x54, 0x45, 0x22, 0x00, 0x00, 0x00, 0x00, 0x00,
    0x00, 0x00, 0x00, 0x00, 0x00, 0x00, 0x00, 0x13, 0x44, 0x22, 0x24, 0x00, 0x00, 0x00, 0x00, 0x00,
    0x00, 0x00, 0x00, 0x00, 0x00, 0x00, 0x00, 0x22, 0x22, 0x22, 0x25, 0x00, 0x00, 0x00, 0x00, 0x00,
    0x00, 0x00, 0x00, 0x00, 0x00, 0x00, 0x40, 0x43, 0x32, 0x22, 0x33, 0x03, 0x00, 0x00, 0x00, 0x00,
    0x00, 0x00, 0x00, 0x00, 0x00, 0x00, 0x40, 0x24, 0x22, 0x42, 0x22, 0x02, 0x00, 0x00, 0x00, 0x00,
    0x00, 0x00, 0x00, 0x00, 0x00, 0x00, 0x30, 0x24, 0x21, 0x53, 0x43, 0x87, 0x07, 0x00, 0x00, 0x00,
    0x00, 0x00, 0x00, 0x00, 0x00, 0x65, 0x37, 0x22, 0x22, 0x32, 0x78, 0x83, 0x9a, 0xaa, 0xaa, 0x08,
    0x00, 0x00, 0x00, 0x00, 0x80, 0xa7, 0x9a, 0x45, 0x43, 0x74, 0x33, 0x93, 0x78, 0x78, 0x58, 0x88,
    0x00, 0x00, 0x00, 0x00, 0x70, 0x5a, 0x99, 0x78, 0x45, 0x66, 0x53, 0x56, 0x54, 0xa5, 0x33, 0x44,
    0x00, 0x00, 0x00, 0x00, 0xa0, 0x48, 0x88, 0x79, 0x3a, 0x8a, 0x54, 0x45, 0x04, 0x50, 0x06, 0x64,
    0x00, 0x00, 0x00, 0x00, 0x78, 0x34, 0x47, 0x33, 0x43, 0x45, 0x54, 0x04, 0x00, 0x00, 0x00, 0x00,
    0x00, 0x00, 0x00, 0x80, 0x6a, 0x42, 0x58, 0x86, 0x79, 0x75, 0x44, 0x00, 0x00, 0x00, 0x00, 0x00,
    0x00, 0x00, 0x00, 0xa8, 0x39, 0x02, 0x58, 0x46, 0x86, 0x47, 0x04, 0x00, 0x00, 0x00, 0x00, 0x00,
    0x00, 0x00, 0x42, 0xa8, 0x05, 0x00, 0x44, 0x66, 0x87, 0x55, 0x02, 0x00, 0x00, 0x00, 0x00, 0x00,
    0x00, 0x20, 0x27, 0x7a, 0x03, 0x00, 0x42, 0x44, 0x64, 0x35, 0x22, 0x00, 0x00, 0x00, 0x00, 0x00,
    0x00, 0x42, 0x26, 0x68, 0x05, 0x00, 0x22, 0x22, 0x22, 0x42, 0x22, 0x00, 0x00, 0x00, 0x00, 0x00,
    0x00, 0x84, 0x26, 0x37, 0x02, 0x00, 0x42, 0x25, 0x43, 0x44, 0x22, 0x00, 0x00, 0x00, 0x00, 0x00,
    0x22, 0x55, 0x83, 0x32, 0x02, 0x00, 0x33, 0x32, 0x22, 0x32, 0x22, 0x00, 0x00, 0x00, 0x00, 0x00,
    0x42, 0x23, 0x71, 0x10, 0x01, 0x00, 0x32, 0x34, 0x22, 0x22, 0x22, 0x00, 0x00, 0x00, 0x00, 0x00,
    0x22, 0x12, 0x11, 0x00, 0x00, 0x00, 0x23, 0x22, 0x44, 0x33, 0x22, 0x02, 0x00, 0x00, 0x00, 0x00,
    0x00, 0x00, 0x00, 0x00, 0x00, 0x20, 0x23, 0x23, 0x22, 0x22, 0x22, 0x02, 0x00, 0x00, 0x00, 0x00,
    0x00, 0x00, 0x00, 0x00, 0x00, 0x20, 0x42, 0x23, 0x22, 0x22, 0x34, 0x02, 0x00, 0x00, 0x00, 0x00,
    0x00, 0x00, 0x00, 0x00, 0x00, 0x20, 0x43, 0x23, 0x21, 0x23, 0x22, 0x02, 0x00, 0x00, 0x00, 0x00,
    0x00, 0x00, 0x00, 0x00, 0x00, 0x20, 0x33, 0x32, 0x22, 0x22, 0x23, 0x12, 0x00, 0x00, 0x00, 0x00,
    0x00, 0x00, 0x00, 0x00, 0x00, 0x20, 0x63, 0x48, 0x02, 0x22, 0x25, 0x23, 0x00, 0x00, 0x00, 0x00,
    0x00, 0x00, 0x00, 0x00, 0x00, 0x20, 0x22, 0x25, 0x02, 0x22, 0x89, 0x24, 0x00, 0x00, 0x00, 0x00,
    0x00, 0x00, 0x00, 0x00, 0x00, 0x30, 0x53, 0x34, 0x02, 0x20, 0x33, 0x23, 0x00, 0x00, 0x00, 0x00,
    0x00, 0x00, 0x00, 0x00, 0x00, 0x50, 0x98, 0x58, 0x02, 0x20, 0x32, 0x24, 0x00, 0x00, 0x00, 0x00,
    0x00, 0x00, 0x00, 0x00, 0x00, 0x42, 0x88, 0x68, 0x02, 0x20, 0x75, 0x25, 0x00, 0x00, 0x00, 0x00,
    0x00, 0x00, 0x00, 0x00, 0x00, 0x23, 0x77, 0x56, 0x02, 0x20, 0x43, 0x24, 0x00, 0x00, 0x00, 0x00,
    0x00, 0x00, 0x00, 0x00, 0x00, 0x52, 0x44, 0x54, 0x02, 0x50, 0x97, 0x39, 0x01, 0x00, 0x00, 0x00,
    0x00, 0x00, 0x00, 0x00, 0x00, 0x42, 0x55, 0x56, 0x02, 0x40, 0x86, 0x48, 0x02, 0x00, 0x00, 0x00,
    0x00, 0x00, 0x00, 0x00, 0x00, 0x43, 0x76, 0x66, 0x02, 0x20, 0x66, 0x28, 0x02, 0x00, 0x00, 0x00,
    0x00, 0x00, 0x00, 0x00, 0x00, 0x43, 0x77, 0x56, 0x00, 0x20, 0x65, 0x56, 0x02, 0x00, 0x00, 0x00,
    0x00, 0x00, 0x00, 0x00, 0x00, 0x34, 0x55, 0x45, 0x00, 0x30, 0x98, 0x38, 0x02, 0x00, 0x00, 0x00,
    0x00, 0x00, 0x00, 0x00, 0x00, 0x44, 0x43, 0x35, 0x00, 0x32, 0x89, 0x37, 0x02, 0x00, 0x00, 0x00,
    0x00, 0x00, 0x00, 0x00, 0x00, 0x32, 0x76, 0x56, 0x00, 0x33, 0x67, 0x25, 0x03, 0x00, 0x00, 0x00,
    0x00, 0x00, 0x00, 0x00, 0x00, 0x42, 0x86, 0x47, 0x00, 0x42, 0x35, 0x33, 0x03, 0x00, 0x00, 0x00,
    0x00, 0x00, 0x00, 0x00, 0x00, 0x30, 0x65, 0x45, 0x20, 0x54, 0x86, 0x26, 0x02, 0x00, 0x00, 0x00,
    0x00, 0x00, 0x00, 0x00, 0x00, 0x00, 0x44, 0x34, 0x30, 0x64, 0x98, 0x36, 0x03, 0x00, 0x00, 0x00,
    0x00, 0x00, 0x00, 0x00, 0x00, 0x00, 0x00, 0x00, 0x20, 0x43, 0x45, 0x25, 0x01, 0x00, 0x00, 0x00,
    0x00, 0x00, 0x00, 0x00, 0x00, 0x00, 0x00, 0x00, 0x00, 0x32, 0x44, 0x24, 0x00, 0x00, 0x00, 0x00,
};

static const uint8_t game_sprite_possb1[704] = {
    0x00, 0x00, 0x00, 0x00, 0x00, 0x00, 0x00, 0x00, 0x00, 0x00, 0x00, 0x00, 0x00, 0x00, 0x00, 0x00,
    0x00, 0x00, 0x00, 0x00, 0x00, 0x00, 0x00, 0x00, 0x77, 0x36, 0x00, 0x00, 0x00, 0x00, 0x00, 0x00,
    0x00, 0x00, 0x00, 0x00, 0x00, 0x00, 0x00, 0x46, 0x87, 0x47, 0x35, 0x00, 0x00, 0x00, 0x00, 0x00,
    0x00, 0x00, 0x00, 0x00, 0x00, 0x00, 0x00, 0x26, 0x54, 0x45, 0x22, 0x00, 0x00, 0x00, 0x00, 0x00,
    0x00, 0x00, 0x00, 0x00, 0x00, 0x00, 0x00, 0x13, 0x44, 0x22, 0x22, 0x00, 0x00, 0x00, 0x00, 0x00,
    0x00, 0x00, 0x00, 0x00, 0x00, 0x00, 0x20, 0x32, 0x22, 0x32, 0x32, 0x02, 0x00, 0x00, 0x00, 0x00,
    0x00, 0x00, 0x00, 0x00, 0x00, 0x00, 0x40, 0x43, 0x32, 0x22, 0x33, 0x03, 0x00, 0x00, 0x00, 0x00,
    0x00, 0x00, 0x00, 0x00, 0x00, 0x00, 0x30, 0x24, 0x22, 0x42, 0x33, 0x02, 0x00, 0x00, 0x00, 0x00,
    0x00, 0x00, 0x00, 0x00, 0x00, 0x80, 0x24, 0x23, 0x21, 0x33, 0x87, 0x67, 0x0a, 0x00, 0x00, 0x00,
    0x00, 0x00, 0x00, 0x00, 0x00, 0x67, 0x37, 0x22, 0x22, 0x32, 0x78, 0x93, 0xaa, 0x00, 0x00, 0x00,
    0x00, 0x00, 0x00, 0x00, 0x00, 0x97, 0x9a, 0x45, 0x43, 0x74, 0x33, 0x83, 0x78, 0x09, 0x00, 0x00,
    0x00, 0x00, 0x00, 0x00, 0x90, 0x5a, 0x99, 0x78, 0x45, 0x66, 0x53, 0x36, 0x54, 0xa6, 0x33, 0x00,
    0x00, 0x30, 0x04, 0x00, 0x9a, 0x25, 0x76, 0x56, 0x37, 0x78, 0x53, 0x55, 0x44, 0x63, 0x98, 0x68,
    0x00, 0x42, 0x74, 0xa0, 0x59, 0x23, 0x34, 0x33, 0x43, 0x45, 0x54, 0x04, 0x00, 0x34, 0x86, 0x87,
    0x00, 0x64, 0x45, 0x98, 0x4a, 0x02, 0x56, 0x86, 0x79, 0x75, 0x44, 0x00, 0x00, 0x00, 0x45, 0x54,
    0x20, 0x24, 0x13, 0x88, 0x05, 0x00, 0x56, 0x64, 0x66, 0x58, 0x04, 0x00, 0x00, 0x00, 0x00, 0x00,
    0x53, 0x25, 0x83, 0x48, 0x00, 0x00, 0x43, 0x66, 0x87, 0x55, 0x00, 0x00, 0x00, 0x00, 0x00, 0x00,
    0x42, 0x82, 0x43, 0x04, 0x00, 0x00, 0x52, 0x45, 0x64, 0x34, 0x22, 0x00, 0x00, 0x00, 0x00, 0x00,
    0x23, 0x42, 0x14, 0x00, 0x00, 0x00, 0x22, 0x22, 0x22, 0x42, 0x22, 0x00, 0x00, 0x00, 0x00, 0x00,
    0x00, 0x01, 0x02, 0x00, 0x00, 0x00, 0x22, 0x34, 0x23, 0x22, 0x22, 0x00, 0x00, 0x00, 0x00, 0x00,
    0x00, 0x01, 0x00, 0x00, 0x00, 0x20, 0x22, 0x22, 0x24, 0x22, 0x22, 0x00, 0x00, 0x00, 0x00, 0x00,
    0x00, 0x00, 0x00, 0x00, 0x00, 0x32, 0x22, 0x22, 0x22, 0x34, 0x22, 0x00, 0x00, 0x00, 0x00, 0x00,
    0x00, 0x00, 0x00, 0x00, 0x00, 0x22, 0x43, 0x23, 0x23, 0x22, 0x34, 0x02, 0x00, 0x00, 0x00, 0x00,
    0x00, 0x00, 0x00, 0x00, 0x00, 0x22, 0x77, 0x23, 0x31, 0x32, 0x22, 0x02, 0x00, 0x00, 0x00, 0x00,
    0x00, 0x00, 0x00, 0x00, 0x00, 0x22, 0x33, 0x42, 0x22, 0x32, 0x23, 0x02, 0x00, 0x00, 0x00, 0x00,
    0x00, 0x00, 0x00, 0x00, 0x00, 0x32, 0x52, 0x12, 0x20, 0x32, 0x22, 0x02, 0x00, 0x00, 0x00, 0x00,
    0x00, 0x00, 0x00, 0x00, 0x00, 0x64, 0x45, 0x13, 0x20, 0x32, 0x23, 0x02, 0x00, 0x00, 0x00, 0x00,
    0x00, 0x00, 0x00, 0x00, 0x30, 0x97, 0x58, 0x24, 0x20, 0x53, 0x23, 0x02, 0x00, 0x00, 0x00, 0x00,
    0x00, 0x00, 0x00, 0x00, 0x30, 0x76, 0x57, 0x23, 0x20, 0x94, 0x24, 0x02, 0x00, 0x00, 0x00, 0x00,
    0x00, 0x00, 0x00, 0x00, 0x20, 0x43, 0x34, 0x22, 0x20, 0x65, 0x34, 0x02, 0x00, 0x00, 0x00, 0x00,
    0x00, 0x00, 0x00, 0x00, 0x20, 0x34, 0x44, 0x24, 0x20, 0x22, 0x24, 0x02, 0x00, 0x00, 0x00, 0x00,
    0x00, 0x00, 0x00, 0x00, 0x20, 0x54, 0x46, 0x23, 0x20, 0x52, 0x25, 0x02, 0x00, 0x00, 0x00, 0x00,
    0x00, 0x00, 0x00, 0x00, 0x40, 0x75, 0x57, 0x23, 0x50, 0x54, 0x78, 0x02, 0x00, 0x00, 0x00, 0x00,
    0x00, 0x00, 0x00, 0x00, 0x40, 0x86, 0x58, 0x23, 0x40, 0x53, 0x57, 0x02, 0x00, 0x00, 0x00, 0x00,
    0x00, 0x00, 0x00, 0x00, 0x40, 0x86, 0x58, 0x23, 0x20, 0x43, 0x45, 0x03, 0x00, 0x00, 0x00, 0x00,
    0x00, 0x00, 0x00, 0x00, 0x43, 0x86, 0x57, 0x23, 0x33, 0x44, 0x54, 0x02, 0x00, 0x00, 0x00, 0x00,
    0x00, 0x00, 0x00, 0x00, 0x33, 0x64, 0x45, 0x24, 0x32, 0x54, 0x55, 0x02, 0x00, 0x00, 0x00, 0x00,
    0x00, 0x00, 0x00, 0x00, 0x74, 0x99, 0x57, 0x24, 0x42, 0x54, 0x57, 0x03, 0x00, 0x00, 0x00, 0x00,
    0x00, 0x00, 0x00, 0x00, 0x74, 0x97, 0x77, 0x24, 0x42, 0x75, 0x58, 0x03, 0x00, 0x00, 0x00, 0x00,
    0x00, 0x00, 0x00, 0x00, 0x23, 0x22, 0x22, 0x22, 0x53, 0x54, 0x45, 0x02, 0x00, 0x00, 0x00, 0x00,
    0x00, 0x00, 0x00, 0x00, 0x20, 0x22, 0x22, 0x02, 0x32, 0x43, 0x33, 0x04, 0x00, 0x00, 0x00, 0x00,
    0x00, 0x00, 0x00, 0x00, 0x00, 0x00, 0x00, 0x00, 0x33, 0x55, 0x55, 0x03, 0x00, 0x00, 0x00, 0x00,
    0x00, 0x00, 0x00, 0x00, 0x00, 0x00, 0x00, 0x00, 0x32, 0x54, 0x45, 0x03, 0x00, 0x00, 0x00, 0x00,
    0x00, 0x00, 0x00, 0x00, 0x00, 0x00, 0x00, 0x00, 0x20, 0x43, 0x44, 0x00, 0x00, 0x00, 0x00, 0x00,
};

static const uint8_t game_sprite_possc1[688] = {
    0x00, 0x00, 0x00, 0x00, 0x00, 0x00, 0x00, 0x73, 0x67, 0x00, 0x00, 0x00, 0x00, 0x00, 0x00, 0x00,
    0x00, 0x00, 0x00, 0x00, 0x00, 0x00, 0x00, 0x94, 0x8a, 0x06, 0x00, 0x00, 0x00, 0x00, 0x00, 0x00,
    0x00, 0x00, 0x00, 0x00, 0x00, 0x00, 0x60, 0x44, 0x55, 0x24, 0x00, 0x00, 0x00, 0x00, 0x00, 0x00,
    0x00, 0x00, 0x00, 0x00, 0x00, 0x00, 0x30, 0x42, 0x24, 0x22, 0x00, 0x00, 0x00, 0x00, 0x00, 0x00,
    0x00, 0x00, 0x00, 0x00, 0x00, 0x00, 0x20, 0x22, 0x22, 0x22, 0x00, 0x00, 0x00, 0x00, 0x00, 0x00,
    0x00, 0x00, 0x00, 0x00, 0x00, 0x00, 0x34, 0x22, 0x22, 0x32, 0x03, 0x00, 0x00, 0x00, 0x00, 0x00,
    0x00, 0x00, 0x00, 0x00, 0x00, 0x00, 0x43, 0x22, 0x22, 0x34, 0x02, 0x00, 0x00, 0x00, 0x00, 0x00,
    0x00, 0x00, 0x00, 0x00, 0x00, 0x00, 0x43, 0x22, 0x21, 0x23, 0x06, 0x00, 0x00, 0x00, 0x00, 0x00,
    0x00, 0x00, 0x00, 0x00, 0x00, 0x30, 0x45, 0x23, 0x12, 0x33, 0x82, 0x98, 0x00, 0x00, 0x00, 0x00,
    0x00, 0x00, 0x00, 0x00, 0x00, 0xa4, 0x79, 0x22, 0x22, 0x32, 0x86, 0xaa, 0x00, 0x00, 0x00, 0x00,
    0x00, 0x00, 0x00, 0x00, 0x80, 0x49, 0xaa, 0x45, 0x34, 0x74, 0x58, 0xa9, 0x09, 0x00, 0x00, 0x00,
    0x00, 0x10, 0x01, 0x70, 0x89, 0x44, 0x83, 0x79, 0xa5, 0x8a, 0x57, 0x64, 0x99, 0x00, 0x00, 0x00,
    0x00, 0x11, 0x12, 0x97, 0x68, 0x44, 0x42, 0x57, 0x74, 0x78, 0x55, 0x85, 0x9a, 0x09, 0x00, 0x00,
    0x00, 0x11, 0x71, 0xaa, 0x27, 0x32, 0x77, 0x33, 0x33, 0x45, 0x53, 0x53, 0x99, 0x0a, 0x00, 0x00,
    0x10, 0x11, 0xa1, 0x6a, 0x03, 0x30, 0x84, 0x46, 0x63, 0x47, 0x03, 0x00, 0x75, 0xa6, 0x0a, 0x00,
    0x11, 0x11, 0xa1, 0x57, 0x04, 0x00, 0x64, 0x64, 0x64, 0x58, 0x03, 0x00, 0x53, 0x97, 0x8a, 0x00,
    0x11, 0x11, 0x88, 0x36, 0x00, 0x00, 0x45, 0x66, 0x74, 0x55, 0x03, 0x00, 0x30, 0x83, 0xaa, 0x00,
    0x00, 0x81, 0x48, 0x00, 0x00, 0x20, 0x22, 0x33, 0x33, 0x33, 0x02, 0x00, 0x00, 0x00, 0x64, 0xaa,
    0x00, 0x11, 0x01, 0x00, 0x00, 0x20, 0x22, 0x22, 0x23, 0x42, 0x04, 0x00, 0x00, 0x00, 0x22, 0xa9,
    0x00, 0x11, 0x01, 0x00, 0x00, 0x20, 0x22, 0x25, 0x35, 0x44, 0x04, 0x00, 0x00, 0x00, 0x00, 0x96,
    0x00, 0x00, 0x00, 0x00, 0x00, 0x20, 0x22, 0x22, 0x42, 0x23, 0x02, 0x00, 0x00, 0x00, 0x00, 0x64,
    0x00, 0x00, 0x00, 0x00, 0x00, 0x20, 0x32, 0x32, 0x22, 0x22, 0x03, 0x00, 0x00, 0x00, 0x00, 0x00,
    0x00, 0x00, 0x00, 0x00, 0x00, 0x20, 0x32, 0x34, 0x33, 0x22, 0x23, 0x00, 0x00, 0x00, 0x00, 0x00,
    0x00, 0x00, 0x00, 0x00, 0x00, 0x20, 0x22, 0x32, 0x32, 0x43, 0x23, 0x00, 0x00, 0x00, 0x00, 0x00,
    0x00, 0x00, 0x00, 0x00, 0x00, 0x20, 0x32, 0x32, 0x32, 0x73, 0x27, 0x00, 0x00, 0x00, 0x00, 0x00,
    0x00, 0x00, 0x00, 0x00, 0x00, 0x20, 0x32, 0x22, 0x21, 0x32, 0x23, 0x02, 0x00, 0x00, 0x00, 0x00,
    0x00, 0x00, 0x00, 0x00, 0x00, 0x40, 0x98, 0x12, 0x10, 0x52, 0x22, 0x02, 0x00, 0x00, 0x00, 0x00,
    0x00, 0x00, 0x00, 0x00, 0x00, 0x20, 0x33, 0x12, 0x00, 0x43, 0x35, 0x23, 0x00, 0x00, 0x00, 0x00,
    0x00, 0x00, 0x00, 0x00, 0x00, 0x40, 0x67, 0x12, 0x20, 0x54, 0x67, 0x35, 0x00, 0x00, 0x00, 0x00,
    0x00, 0x00, 0x00, 0x00, 0x00, 0x30, 0x75, 0x12, 0x20, 0x75, 0x78, 0x24, 0x00, 0x00, 0x00, 0x00,
    0x00, 0x00, 0x00, 0x00, 0x00, 0x20, 0x44, 0x12, 0x20, 0x54, 0x57, 0x42, 0x00, 0x00, 0x00, 0x00,
    0x00, 0x00, 0x00, 0x00, 0x00, 0x40, 0x77, 0x03, 0x20, 0x44, 0x45, 0x24, 0x00, 0x00, 0x00, 0x00,
    0x00, 0x00, 0x00, 0x00, 0x00, 0x63, 0x87, 0x25, 0x30, 0x55, 0x55, 0x44, 0x00, 0x00, 0x00, 0x00,
    0x00, 0x00, 0x00, 0x00, 0x00, 0x44, 0x66, 0x24, 0x20, 0x66, 0x57, 0x04, 0x00, 0x00, 0x00, 0x00,
    0x00, 0x00, 0x00, 0x00, 0x00, 0x43, 0x55, 0x24, 0x20, 0x75, 0x57, 0x04, 0x00, 0x00, 0x00, 0x00,
    0x00, 0x00, 0x00, 0x00, 0x00, 0x52, 0x88, 0x45, 0x20, 0x64, 0x45, 0x03, 0x00, 0x00, 0x00, 0x00,
    0x00, 0x00, 0x00, 0x00, 0x00, 0x52, 0x77, 0x45, 0x20, 0x44, 0x43, 0x04, 0x00, 0x00, 0x00, 0x00,
    0x00, 0x00, 0x00, 0x00, 0x00, 0x43, 0x55, 0x54, 0x20, 0x66, 0x67, 0x03, 0x00, 0x00, 0x00, 0x00,
    0x00, 0x00, 0x00, 0x00, 0x00, 0x43, 0x33, 0x33, 0x00, 0x74, 0x58, 0x04, 0x00, 0x00, 0x00, 0x00,
    0x00, 0x00, 0x00, 0x00, 0x20, 0x63, 0x67, 0x33, 0x00, 0x54, 0x45, 0x03, 0x00, 0x00, 0x00, 0x00,
    0x00, 0x00, 0x00, 0x00, 0x30, 0x74, 0x88, 0x34, 0x00, 0x43, 0x44, 0x00, 0x00, 0x00, 0x00, 0x00,
    0x00, 0x00, 0x00, 0x00, 0x20, 0x52, 0x54, 0x34, 0x00, 0x00, 0x00, 0x00, 0x00, 0x00, 0x00, 0x00,
    0x00, 0x00, 0x00, 0x00, 0x00, 0x42, 0x44, 0x03, 0x00, 0x00, 0x00, 0x00, 0x00, 0x00, 0x00, 0x00,
};

static const uint8_t game_sprite_possd1[688] = {
    0x00, 0x00, 0x00, 0x00, 0x00, 0x00, 0x00, 0x00, 0x00, 0x00, 0x00, 0x00, 0x00, 0x00, 0x00, 0x00,
    0x00, 0x00, 0x00, 0x00, 0x00, 0x00, 0x00, 0x77, 0x36, 0x00, 0x00, 0x00, 0x00, 0x00, 0x00, 0x00,
    0x00, 0x00, 0x00, 0x00, 0x00, 0x00, 0x46, 0x87, 0x47, 0x05, 0x00, 0x00, 0x00, 0x00, 0x00, 0x00,
    0x00, 0x00, 0x00, 0x00, 0x00, 0x00, 0x26, 0x54, 0x45, 0x02, 0x00, 0x00, 0x00, 0x00, 0x00, 0x00,
    0x00, 0x00, 0x00, 0x00, 0x00, 0x00, 0x13, 0x44, 0x22, 0x02, 0x00, 0x00, 0x00, 0x00, 0x00, 0x00,
    0x00, 0x00, 0x00, 0x00, 0x00, 0x20, 0x32, 0x22, 0x32, 0x33, 0x00, 0x00, 0x00, 0x00, 0x00, 0x00,
    0x00, 0x00, 0x00, 0x00, 0x00, 0x40, 0x43, 0x22, 0x22, 0x33, 0x00, 0x00, 0x00, 0x00, 0x00, 0x00,
    0x00, 0x00, 0x00, 0x00, 0x00, 0x30, 0x24, 0x22, 0x22, 0x33, 0x00, 0x00, 0x00, 0x00, 0x00, 0x00,
    0x00, 0x00, 0x00, 0x00, 0x00, 0x76, 0x33, 0x21, 0x22, 0x62, 0x04, 0x00, 0x00, 0x00, 0x00, 0x00,
    0x00, 0x00, 0x00, 0x00, 0x68, 0x4a, 0x32, 0x12, 0x32, 0x72, 0x78, 0x00, 0x00, 0x00, 0x00, 0x00,
    0x40, 0x00, 0x00, 0x00, 0xaa, 0x79, 0x23, 0x22, 0x22, 0x86, 0xa7, 0x08, 0x00, 0x00, 0x00, 0x00,
    0x40, 0x04, 0x70, 0xa7, 0x66, 0x95, 0x89, 0x55, 0x64, 0x35, 0x65, 0xa7, 0x07, 0x00, 0x00, 0x00,
    0x35, 0x01, 0x80, 0xa8, 0x25, 0x83, 0x98, 0xa5, 0xa3, 0x45, 0x65, 0x98, 0x89, 0x06, 0x00, 0x00,
    0x24, 0x01, 0x80, 0x67, 0x03, 0x40, 0x78, 0x74, 0x83, 0x34, 0x65, 0x66, 0x98, 0x09, 0x00, 0x00,
    0x22, 0x83, 0x5a, 0x05, 0x00, 0x80, 0x65, 0x96, 0x57, 0x43, 0x04, 0x00, 0x64, 0xa9, 0x8a, 0x08,
    0x14, 0x65, 0x46, 0x00, 0x00, 0x80, 0x65, 0x63, 0x78, 0x43, 0x00, 0x00, 0x40, 0xa5, 0xba, 0x0b,
    0x40, 0x87, 0x05, 0x00, 0x00, 0x63, 0x45, 0x64, 0x86, 0x04, 0x00, 0x00, 0x00, 0x80, 0x88, 0x09,
    0x00, 0x41, 0x00, 0x00, 0x00, 0x22, 0x44, 0x44, 0x22, 0x24, 0x02, 0x00, 0x00, 0x00, 0x00, 0x00,
    0x00, 0x00, 0x00, 0x00, 0x00, 0x20, 0x42, 0x35, 0x44, 0x24, 0x02, 0x00, 0x00, 0x00, 0x00, 0x00,
    0x00, 0x00, 0x00, 0x00, 0x00, 0x30, 0x24, 0x34, 0x22, 0x23, 0x02, 0x00, 0x00, 0x00, 0x00, 0x00,
    0x00, 0x00, 0x00, 0x00, 0x00, 0x32, 0x32, 0x32, 0x33, 0x33, 0x22, 0x00, 0x00, 0x00, 0x00, 0x00,
    0x00, 0x00, 0x00, 0x00, 0x00, 0x22, 0x34, 0x22, 0x32, 0x57, 0x23, 0x00, 0x00, 0x00, 0x00, 0x00,
    0x00, 0x00, 0x00, 0x00, 0x20, 0x22, 0x22, 0x43, 0x23, 0x33, 0x23, 0x00, 0x00, 0x00, 0x00, 0x00,
    0x00, 0x00, 0x00, 0x00, 0x20, 0x22, 0x33, 0x11, 0x22, 0x22, 0x23, 0x00, 0x00, 0x00, 0x00, 0x00,
    0x00, 0x00, 0x00, 0x00, 0x20, 0x22, 0x33, 0x11, 0x32, 0x75, 0x57, 0x00, 0x00, 0x00, 0x00, 0x00,
    0x00, 0x00, 0x00, 0x00, 0x20, 0x32, 0x22, 0x01, 0x42, 0x88, 0x58, 0x00, 0x00, 0x00, 0x00, 0x00,
    0x00, 0x00, 0x00, 0x00, 0x20, 0x22, 0x35, 0x01, 0x33, 0x76, 0x26, 0x00, 0x00, 0x00, 0x00, 0x00,
    0x00, 0x00, 0x00, 0x00, 0x20, 0x82, 0x49, 0x01, 0x21, 0x54, 0x25, 0x00, 0x00, 0x00, 0x00, 0x00,
    0x00, 0x00, 0x00, 0x00, 0x20, 0x32, 0x43, 0x00, 0x32, 0x44, 0x23, 0x00, 0x00, 0x00, 0x00, 0x00,
    0x00, 0x00, 0x00, 0x00, 0x20, 0x32, 0x22, 0x00, 0x32, 0x55, 0x45, 0x02, 0x00, 0x00, 0x00, 0x00,
    0x00, 0x00, 0x00, 0x00, 0x20, 0x72, 0x35, 0x00, 0x42, 0x65, 0x56, 0x02, 0x00, 0x00, 0x00, 0x00,
    0x00, 0x00, 0x00, 0x00, 0x40, 0x44, 0x33, 0x00, 0x32, 0x86, 0x46, 0x02, 0x00, 0x00, 0x00, 0x00,
    0x00, 0x00, 0x00, 0x00, 0x20, 0x74, 0x45, 0x00, 0x32, 0x86, 0x58, 0x04, 0x00, 0x00, 0x00, 0x00,
    0x00, 0x00, 0x00, 0x00, 0x30, 0x53, 0x45, 0x00, 0x32, 0x86, 0x58, 0x04, 0x00, 0x00, 0x00, 0x00,
    0x00, 0x00, 0x00, 0x00, 0x20, 0x43, 0x24, 0x00, 0x32, 0x86, 0x48, 0x03, 0x00, 0x00, 0x00, 0x00,
    0x00, 0x00, 0x00, 0x00, 0x20, 0x65, 0x45, 0x00, 0x32, 0x75, 0x58, 0x23, 0x00, 0x00, 0x00, 0x00,
    0x00, 0x00, 0x00, 0x00, 0x22, 0x75, 0x45, 0x02, 0x32, 0x97, 0x79, 0x25, 0x00, 0x00, 0x00, 0x00,
    0x00, 0x00, 0x00, 0x00, 0x22, 0x84, 0x57, 0x02, 0x42, 0x77, 0x68, 0x36, 0x00, 0x00, 0x00, 0x00,
    0x00, 0x00, 0x00, 0x00, 0x22, 0x54, 0x45, 0x02, 0x20, 0x32, 0x33, 0x34, 0x00, 0x00, 0x00, 0x00,
    0x00, 0x00, 0x00, 0x00, 0x32, 0x33, 0x34, 0x02, 0x20, 0x22, 0x22, 0x02, 0x00, 0x00, 0x00, 0x00,
    0x00, 0x00, 0x00, 0x00, 0x32, 0x76, 0x56, 0x02, 0x00, 0x00, 0x00, 0x00, 0x00, 0x00, 0x00, 0x00,
    0x00, 0x00, 0x00, 0x00, 0x20, 0x64, 0x45, 0x02, 0x00, 0x00, 0x00, 0x00, 0x00, 0x00, 0x00, 0x00,
    0x00, 0x00, 0x00, 0x00, 0x00, 0x44, 0x34, 0x00, 0x00, 0x00, 0x00, 0x00, 0x00, 0x00, 0x00, 0x00,
};

static const uint8_t game_sprite_posse1[528] = {
    0x00, 0x00, 0x00, 0x00, 0x00, 0x00, 0x33, 0x77, 0x03, 0x00, 0x00, 0x00, 0x00, 0x00, 0x00, 0x00,
    0x50, 0x46, 0x9a, 0x34, 0x00, 0x00, 0x00, 0x00, 0x00, 0x00, 0x00, 0x53, 0x47, 0x78, 0x44, 0x06,
    0x00, 0x00, 0x00, 0x00, 0x00, 0x00, 0x22, 0x22, 0x44, 0x12, 0x03, 0x00, 0x00, 0x00, 0x00, 0x00,
    0x00, 0x22, 0x22, 0x22, 0x22, 0x02, 0x00, 0x00, 0x00, 0x00, 0x00, 0x22, 0x22, 0x32, 0x22, 0x32,
    0x02, 0x00, 0x00, 0x00, 0x00, 0x00, 0x32, 0x33, 0x23, 0x23, 0x42, 0x03, 0x00, 0x00, 0x00, 0x00,
    0x20, 0x22, 0x22, 0x44, 0x22, 0x22, 0x04, 0x00, 0x00, 0x00, 0x00, 0x20, 0x98, 0x98, 0x53, 0x12,
    0x22, 0x04, 0x00, 0x00, 0x20, 0x00, 0x20, 0x66, 0xa9, 0x3a, 0x22, 0x22, 0x02, 0x00, 0x00, 0x10,
    0x01, 0x20, 0x8a, 0x58, 0xaa, 0x64, 0x05, 0x00, 0x00, 0x00, 0x21, 0x13, 0xa8, 0x78, 0x56, 0x78,
    0x96, 0x04, 0x00, 0x00, 0x10, 0x11, 0x12, 0x9a, 0x45, 0x33, 0x38, 0x86, 0x54, 0x00, 0x00, 0x10,
    0x11, 0x81, 0x8a, 0x23, 0x22, 0x82, 0x87, 0x53, 0x00, 0x00, 0x11, 0x12, 0x61, 0x8a, 0x56, 0x33,
    0x68, 0x66, 0x44, 0x00, 0x00, 0x11, 0x11, 0x86, 0x45, 0x62, 0x34, 0x85, 0x44, 0x55, 0x00, 0x00,
    0x10, 0x61, 0x61, 0x05, 0x62, 0x47, 0x56, 0x44, 0x53, 0x00, 0x00, 0x00, 0x10, 0x51, 0x04, 0x72,
    0x48, 0x46, 0x45, 0x43, 0x00, 0x00, 0x00, 0x10, 0x11, 0x00, 0x50, 0x47, 0x54, 0x43, 0x45, 0x00,
    0x00, 0x00, 0x00, 0x11, 0x00, 0x22, 0x55, 0x54, 0x46, 0x26, 0x01, 0x00, 0x00, 0x00, 0x00, 0x00,
    0x13, 0x11, 0x22, 0x22, 0x22, 0x01, 0x00, 0x00, 0x00, 0x00, 0x00, 0x11, 0x11, 0x12, 0x21, 0x11,
    0x01, 0x00, 0x00, 0x00, 0x00, 0x00, 0x33, 0x23, 0x23, 0x22, 0x22, 0x00, 0x00, 0x00, 0x00, 0x00,
    0x00, 0x54, 0x24, 0x34, 0x23, 0x32, 0x00, 0x00, 0x00, 0x00, 0x00, 0x00, 0x22, 0x22, 0x22, 0x12,
    0x42, 0x00, 0x00, 0x00, 0x00, 0x00, 0x00, 0x42, 0x23, 0x36, 0x22, 0x42, 0x00, 0x00, 0x00, 0x00,
    0x00, 0x00, 0x22, 0x22, 0x22, 0x22, 0x42, 0x00, 0x00, 0x00, 0x00, 0x00, 0x00, 0x22, 0x21, 0x23,
    0x22, 0x01, 0x00, 0x00, 0x00, 0x00, 0x00, 0x00, 0x22, 0x52, 0x48, 0x32, 0x22, 0x00, 0x00, 0x00,
    0x00, 0x00, 0x00, 0x22, 0x21, 0x22, 0x21, 0x11, 0x00, 0x00, 0x00, 0x00, 0x00, 0x00, 0x32, 0x44,
    0x22, 0x54, 0x22, 0x00, 0x00, 0x00, 0x00, 0x00, 0x00, 0x73, 0x77, 0x24, 0x98, 0x66, 0x00, 0x00,
    0x00, 0x00, 0x00, 0x00, 0x75, 0x99, 0x37, 0x87, 0x88, 0x06, 0x00, 0x00, 0x00, 0x00, 0x00, 0x64,
    0x86, 0x35, 0x44, 0x66, 0x04, 0x00, 0x00, 0x00, 0x00, 0x00, 0x54, 0x66, 0x54, 0x32, 0x33, 0x03,
    0x00, 0x00, 0x00, 0x00, 0x00, 0x55, 0x55, 0x45, 0x65, 0x24, 0x00, 0x00, 0x00, 0x00, 0x00, 0x00,
    0x95, 0x78, 0x45, 0x75, 0x46, 0x03, 0x00, 0x00, 0x00, 0x00, 0x00, 0x85, 0x78, 0x45, 0x86, 0x47,
    0x04, 0x00, 0x00, 0x00, 0x00, 0x00, 0x85, 0x56, 0x45, 0x86, 0x47, 0x04, 0x00, 0x00, 0x00, 0x00,
    0x30, 0x75, 0x45, 0x44, 0x85, 0x58, 0x03, 0x00, 0x00, 0x00, 0x00, 0x40, 0x55, 0x55, 0x24, 0x75,
    0x68, 0x03, 0x00, 0x00, 0x00, 0x00, 0x40, 0x75, 0x56, 0x24, 0x65, 0x88, 0x04, 0x00, 0x00, 0x00,
    0x00, 0x20, 0x55, 0x35, 0x33, 0x65, 0x78, 0x04, 0x00, 0x00, 0x00, 0x00, 0x20, 0x43, 0x23, 0x33,
    0x65, 0x87, 0x05, 0x00, 0x00, 0x00, 0x00, 0x22, 0x65, 0x57, 0x24, 0x65, 0x66, 0x42, 0x00, 0x00,
    0x00, 0x00, 0x31, 0x86, 0x78, 0x35, 0x54, 0x34, 0x67, 0x46, 0x00, 0x00, 0x00, 0x32, 0x65, 0x55,
    0x34, 0x32, 0x43, 0x65, 0x25, 0x00, 0x00, 0x00, 0x20, 0x43, 0x44, 0x34, 0x22, 0x32, 0x34, 0x04,
};

static const uint8_t game_sprite_possf1[552] = {
    0x00, 0x00, 0x00, 0x00, 0x90, 0x88, 0x37, 0x00, 0x00, 0x00, 0x00, 0x00, 0x00, 0x00, 0x00, 0x80,
    0xbb, 0x9a, 0x04, 0x00, 0x00, 0x00, 0x00, 0x00, 0x00, 0x00, 0x40, 0x98, 0x88, 0x47, 0x06, 0x00,
    0x00, 0x00, 0x00, 0x00, 0x00, 0x00, 0x52, 0x25, 0x44, 0x32, 0x00, 0x00, 0x00, 0x00, 0x00, 0x00,
    0x20, 0x22, 0x65, 0x44, 0x23, 0x02, 0x00, 0x00, 0x00, 0x00, 0x00, 0x30, 0x23, 0x32, 0x47, 0x23,
    0x22, 0x00, 0x00, 0x00, 0x00, 0x00, 0x50, 0xb8, 0x39, 0x53, 0x45, 0x22, 0x03, 0x00, 0x00, 0x00,
    0x00, 0x00, 0x54, 0x95, 0x39, 0x54, 0x24, 0x42, 0x00, 0x00, 0x00, 0x00, 0x40, 0x97, 0x89, 0x87,
    0x57, 0x35, 0x21, 0x04, 0x00, 0x00, 0x00, 0x50, 0xe9, 0xff, 0xbf, 0xb7, 0x46, 0x34, 0x22, 0x00,
    0x00, 0x00, 0x00, 0x97, 0xfe, 0xff, 0x7b, 0xb9, 0xbb, 0x79, 0x00, 0x00, 0x00, 0x00, 0x70, 0xb9,
    0xfe, 0x9b, 0x67, 0xb9, 0xbb, 0x68, 0x00, 0x00, 0x00, 0x00, 0x75, 0x98, 0x89, 0x44, 0x63, 0xb9,
    0xba, 0x56, 0x00, 0x00, 0x00, 0x00, 0x54, 0x77, 0x64, 0x45, 0x86, 0x5a, 0x68, 0x06, 0x00, 0x00,
    0x00, 0x00, 0x54, 0x54, 0x88, 0x68, 0x98, 0x78, 0x83, 0x05, 0x00, 0x00, 0x00, 0x00, 0x18, 0x45,
    0xb4, 0xbb, 0xbb, 0x87, 0x43, 0x00, 0x00, 0x00, 0x00, 0x40, 0x01, 0x58, 0x95, 0x9b, 0x68, 0x47,
    0x06, 0x00, 0x00, 0x00, 0x00, 0x11, 0x00, 0x58, 0x97, 0x79, 0x66, 0x73, 0x00, 0x00, 0x00, 0x00,
    0x00, 0x00, 0x00, 0x90, 0x99, 0x66, 0x45, 0x07, 0x00, 0x00, 0x00, 0x00, 0x00, 0x00, 0x00, 0x98,
    0x69, 0x56, 0x63, 0x00, 0x00, 0x00, 0x00, 0x00, 0x00, 0x00, 0x00, 0xb8, 0x57, 0x37, 0x07, 0x00,
    0x00, 0x00, 0x00, 0x00, 0x00, 0x00, 0x86, 0x97, 0x89, 0x24, 0x00, 0x00, 0x00, 0x00, 0x00, 0x00,
    0x00, 0x40, 0x34, 0x44, 0x12, 0x01, 0x00, 0x00, 0x00, 0x00, 0x00, 0x00, 0x00, 0x45, 0x22, 0x22,
    0x12, 0x00, 0x00, 0x00, 0x00, 0x00, 0x00, 0x00, 0x70, 0x35, 0x23, 0x24, 0x02, 0x00, 0x00, 0x00,
    0x00, 0x00, 0x00, 0x00, 0x79, 0x34, 0x52, 0x32, 0x07, 0x00, 0x00, 0x00, 0x00, 0x00, 0x00, 0x70,
    0x25, 0x22, 0x25, 0x62, 0x00, 0x00, 0x00, 0x00, 0x00, 0x00, 0x00, 0x68, 0x43, 0x62, 0x22, 0x06,
    0x00, 0x00, 0x00, 0x00, 0x00, 0x00, 0xb0, 0x36, 0x33, 0x69, 0x68, 0x00, 0x00, 0x00, 0x00, 0x00,
    0x00, 0x00, 0x6b, 0x34, 0x92, 0x22, 0x07, 0x00, 0x00, 0x00, 0x00, 0x00, 0x00, 0x90, 0x65, 0x24,
    0x44, 0x75, 0x00, 0x00, 0x00, 0x00, 0x00, 0x00, 0x00, 0xb5, 0x8b, 0x64, 0x9b, 0x66, 0x00, 0x00,
    0x00, 0x00, 0x00, 0x00, 0x90, 0xcc, 0x8b, 0xb3, 0x89, 0x68, 0x00, 0x00, 0x00, 0x00, 0x00, 0x00,
    0x97, 0x9b, 0x35, 0x87, 0x66, 0x04, 0x00, 0x00, 0x00, 0x00, 0x00, 0x50, 0x77, 0x46, 0x22, 0x36,
    0x33, 0x00, 0x00, 0x00, 0x00, 0x00, 0x00, 0x78, 0x78, 0x25, 0x86, 0x24, 0x00, 0x00, 0x00, 0x00,
    0x00, 0x00, 0x80, 0xbe, 0x5a, 0x92, 0x68, 0x34, 0x00, 0x00, 0x00, 0x00, 0x00, 0x00, 0xe7, 0xcc,
    0x25, 0x99, 0x47, 0x04, 0x00, 0x00, 0x00, 0x00, 0x00, 0x80, 0xcc, 0x59, 0xb2, 0x79, 0x44, 0x00,
    0x00, 0x00, 0x00, 0x00, 0x40, 0xc9, 0x7a, 0x25, 0x9b, 0x58, 0x03, 0x00, 0x00, 0x00, 0x00, 0x00,
    0x85, 0x8b, 0x45, 0xb4, 0x88, 0x36, 0x00, 0x00, 0x00, 0x00, 0x00, 0x50, 0xc9, 0x58, 0x44, 0x79,
    0x88, 0x04, 0x00, 0x00, 0x00, 0x00, 0x00, 0x94, 0x58, 0x33, 0x84, 0x87, 0x47, 0x00, 0x00, 0x00,
    0x00, 0x00, 0x40, 0x54, 0x44, 0x44, 0x78, 0x87, 0x06, 0x00, 0x00, 0x00, 0x00, 0x40, 0xb5, 0xbb,
    0x6b, 0x62, 0x66, 0x47, 0x05, 0x00, 0x00, 0x00, 0x00, 0x74, 0x8b, 0x56, 0x24, 0x54, 0x56, 0x83,
    0x46, 0x00, 0x00, 0x00, 0x40, 0x45, 0x45, 0x45, 0x32, 0x63, 0x45, 0x56, 0x02, 0x00, 0x00, 0x00,
    0x20, 0x43, 0x44, 0x24, 0x22, 0x33, 0x33, 0x04,
};

static const uint8_t game_sprite_possg1[720] = {
    0x00, 0x00, 0x00, 0x00, 0x00, 0x00, 0x00, 0x00, 0x20, 0x02, 0x00, 0x00, 0x00, 0x00, 0x00, 0x00,
    0x00, 0x00, 0x00, 0x00, 0x00, 0x00, 0x00, 0x44, 0x33, 0x43, 0x03, 0x00, 0x00, 0x00, 0x00, 0x00,
    0x00, 0x00, 0x00, 0x00, 0x00, 0x00, 0x34, 0x32, 0x33, 0x43, 0x34, 0x44, 0x00, 0x00, 0x00, 0x00,
    0x00, 0x00, 0x00, 0x00, 0x00, 0x00, 0x34, 0x22, 0x22, 0x22, 0x34, 0x43, 0x00, 0x00, 0x00, 0x00,
    0x00, 0x00, 0x00, 0x00, 0x00, 0x00, 0x34, 0x22, 0x36, 0x26, 0x32, 0x44, 0x00, 0x00, 0x00, 0x00,
    0x00, 0x00, 0x00, 0x00, 0x00, 0x40, 0x33, 0x53, 0x36, 0x56, 0x22, 0x43, 0x00, 0x00, 0x00, 0x00,
    0x00, 0x00, 0x00, 0x00, 0x40, 0x34, 0x33, 0x65, 0x36, 0x75, 0x25, 0x43, 0x00, 0x00, 0x00, 0x00,
    0x00, 0x00, 0x00, 0x40, 0x0a, 0x88, 0x83, 0x89, 0x45, 0x33, 0x69, 0x34, 0x00, 0x00, 0x00, 0x00,
    0x00, 0x00, 0x00, 0x00, 0x64, 0x38, 0xa3, 0xaa, 0xa3, 0xaa, 0x76, 0x8a, 0x00, 0x00, 0x00, 0x00,
    0x00, 0x00, 0x00, 0x00, 0x00, 0x3a, 0x94, 0xa8, 0xaa, 0xaa, 0xaa, 0x66, 0x0a, 0x00, 0x00, 0x00,
    0x00, 0x00, 0x00, 0x00, 0xa0, 0xaa, 0x69, 0x86, 0x87, 0x88, 0x88, 0x68, 0x05, 0x00, 0x00, 0x00,
    0x00, 0x00, 0x00, 0x00, 0x38, 0x57, 0x87, 0x98, 0x89, 0x88, 0x46, 0x86, 0x6a, 0x00, 0x00, 0x00,
    0x00, 0x00, 0x00, 0x00, 0x8a, 0x67, 0x55, 0x55, 0x88, 0x48, 0x35, 0x64, 0x79, 0x00, 0x00, 0x00,
    0x00, 0x00, 0x00, 0x00, 0x7a, 0x47, 0x9a, 0x85, 0x88, 0x68, 0x45, 0x33, 0x96, 0x07, 0x00, 0x00,
    0x00, 0x00, 0x00, 0x00, 0x8a, 0x85, 0x6a, 0x73, 0x58, 0x68, 0x45, 0x35, 0x83, 0x88, 0x00, 0x00,
    0x00, 0x00, 0x00, 0xa0, 0x7a, 0x63, 0x44, 0x44, 0x66, 0x66, 0x35, 0x03, 0x72, 0x84, 0x06, 0x00,
    0x00, 0x00, 0x00, 0x80, 0x36, 0x63, 0x66, 0x43, 0x76, 0x48, 0x33, 0x00, 0x30, 0x54, 0x89, 0x00,
    0x00, 0x00, 0x00, 0x6a, 0x25, 0x42, 0x45, 0x33, 0x34, 0x55, 0x02, 0x00, 0x00, 0x63, 0x95, 0x00,
    0x00, 0x00, 0x80, 0x68, 0x33, 0x42, 0x42, 0x23, 0x43, 0x23, 0x03, 0x00, 0x00, 0x40, 0x95, 0x00,
    0x00, 0x00, 0x90, 0x38, 0x03, 0x21, 0x21, 0x22, 0x24, 0x33, 0x03, 0x00, 0x00, 0x00, 0x84, 0x06,
    0x00, 0x00, 0xa0, 0x38, 0x00, 0x22, 0x32, 0x32, 0x11, 0x12, 0x01, 0x00, 0x00, 0x00, 0x40, 0x89,
    0x00, 0x00, 0xa0, 0x07, 0x00, 0x22, 0x32, 0x32, 0x22, 0x22, 0x02, 0x00, 0x00, 0x00, 0x00, 0x6b,
    0x00, 0x64, 0x90, 0x05, 0x00, 0x22, 0x44, 0x53, 0x22, 0x21, 0x04, 0x00, 0x00, 0x00, 0x00, 0x87,
    0x10, 0x32, 0x8a, 0x03, 0x30, 0x22, 0x22, 0x22, 0x22, 0x12, 0x02, 0x00, 0x00, 0x00, 0x00, 0x94,
    0x26, 0x24, 0x7a, 0x03, 0x20, 0x22, 0x22, 0x22, 0x21, 0x23, 0x02, 0x00, 0x00, 0x00, 0x00, 0x83,
    0x00, 0x33, 0x48, 0x04, 0x20, 0x23, 0x21, 0x02, 0x21, 0x53, 0x33, 0x00, 0x00, 0x00, 0x00, 0x33,
    0x30, 0x62, 0x58, 0x04, 0x40, 0x25, 0x21, 0x02, 0x11, 0x22, 0x22, 0x00, 0x00, 0x00, 0x00, 0x00,
    0x40, 0x71, 0x35, 0x00, 0x10, 0x11, 0x21, 0x02, 0x22, 0x32, 0x32, 0x00, 0x00, 0x00, 0x00, 0x00,
    0x34, 0x11, 0x00, 0x00, 0x30, 0x23, 0x31, 0x00, 0x10, 0x12, 0x11, 0x00, 0x00, 0x00, 0x00, 0x00,
    0x24, 0x11, 0x53, 0x00, 0x40, 0x56, 0x34, 0x00, 0x30, 0x73, 0x47, 0x02, 0x00, 0x00, 0x00, 0x00,
    0x12, 0x10, 0x32, 0x00, 0x73, 0x89, 0x45, 0x02, 0x50, 0x75, 0x79, 0x23, 0x00, 0x00, 0x00, 0x00,
    0x00, 0x00, 0x00, 0x00, 0x63, 0x77, 0x35, 0x02, 0x40, 0x64, 0x78, 0x24, 0x00, 0x00, 0x00, 0x00,
    0x00, 0x00, 0x00, 0x00, 0x42, 0x46, 0x43, 0x02, 0x20, 0x64, 0x56, 0x33, 0x00, 0x00, 0x00, 0x00,
    0x00, 0x00, 0x00, 0x00, 0x32, 0x44, 0x23, 0x02, 0x20, 0x54, 0x46, 0x25, 0x00, 0x00, 0x00, 0x00,
    0x00, 0x00, 0x00, 0x00, 0x42, 0x65, 0x34, 0x02, 0x40, 0x85, 0x59, 0x24, 0x00, 0x00, 0x00, 0x00,
    0x00, 0x00, 0x00, 0x00, 0x43, 0x66, 0x35, 0x02, 0x40, 0x95, 0x58, 0x24, 0x00, 0x00, 0x00, 0x00,
    0x00, 0x00, 0x00, 0x30, 0x54, 0x77, 0x35, 0x02, 0x40, 0x85, 0x59, 0x24, 0x00, 0x00, 0x00, 0x00,
    0x00, 0x00, 0x00, 0x40, 0x64, 0x88, 0x35, 0x02, 0x40, 0x95, 0x58, 0x24, 0x00, 0x00, 0x00, 0x00,
    0x00, 0x00, 0x00, 0x50, 0x64, 0x78, 0x35, 0x02, 0x43, 0x95, 0x58, 0x24, 0x00, 0x00, 0x00, 0x00,
    0x00, 0x00, 0x00, 0x40, 0x44, 0x54, 0x35, 0x02, 0x44, 0x75, 0x46, 0x42, 0x00, 0x00, 0x00, 0x00,
    0x00, 0x00, 0x00, 0x30, 0x43, 0x56, 0x44, 0x02, 0x42, 0x55, 0x35, 0x44, 0x00, 0x00, 0x00, 0x00,
    0x00, 0x00, 0x00, 0x50, 0x97, 0x79, 0x45, 0x02, 0x42, 0x54, 0x43, 0x44, 0x00, 0x00, 0x00, 0x00,
    0x00, 0x00, 0x00, 0x70, 0x77, 0x79, 0x47, 0x02, 0x54, 0x66, 0x58, 0x23, 0x00, 0x00, 0x00, 0x00,
    0x00, 0x00, 0x00, 0x40, 0x22, 0x22, 0x22, 0x02, 0x54, 0x65, 0x46, 0x24, 0x00, 0x00, 0x00, 0x00,
    0x00, 0x00, 0x00, 0x20, 0x22, 0x22, 0x22, 0x00, 0x43, 0x54, 0x44, 0x23, 0x00, 0x00, 0x00, 0x00,
};

static const uint8_t game_sprite_possh0[592] = {
    0x00, 0x00, 0x00, 0x00, 0x00, 0x00, 0x00, 0x00, 0x00, 0x00, 0x22, 0x00, 0x00, 0x00, 0x00, 0x00,
    0x00, 0x00, 0x00, 0x00, 0x00, 0x00, 0x00, 0x00, 0x00, 0x23, 0x33, 0x32, 0x04, 0x00, 0x00, 0x00,
    0x00, 0x00, 0x00, 0x00, 0x00, 0x00, 0x00, 0x00, 0x40, 0x23, 0x22, 0x22, 0x04, 0x00, 0x00, 0x00,
    0x00, 0x00, 0x00, 0x00, 0x00, 0x40, 0x00, 0x00, 0x40, 0x31, 0x13, 0x22, 0x03, 0x00, 0x00, 0x00,
    0x00, 0x00, 0x00, 0x00, 0x00, 0x00, 0x55, 0x00, 0x40, 0x43, 0x32, 0x22, 0x02, 0x00, 0x00, 0x00,
    0x00, 0x00, 0x00, 0x00, 0x00, 0x00, 0x40, 0x05, 0x33, 0x33, 0x28, 0x21, 0x02, 0x00, 0x00, 0x00,
    0x00, 0x00, 0x00, 0x00, 0x40, 0x44, 0x00, 0x54, 0x74, 0x54, 0x37, 0x44, 0x86, 0x00, 0x00, 0x00,
    0x00, 0x00, 0x00, 0x00, 0x00, 0x00, 0x50, 0x34, 0x93, 0xaa, 0x73, 0xa9, 0xaa, 0x08, 0x00, 0x00,
    0x00, 0x00, 0x00, 0x00, 0x00, 0x04, 0x00, 0x34, 0x98, 0xaa, 0xaa, 0xaa, 0xaa, 0xaa, 0x09, 0x00,
    0x00, 0x00, 0x00, 0x00, 0x00, 0x00, 0x00, 0x98, 0x66, 0x87, 0x79, 0x24, 0x64, 0x98, 0xaa, 0x0a,
    0x00, 0x00, 0x00, 0x00, 0x00, 0x00, 0x00, 0x62, 0x56, 0x88, 0x79, 0x45, 0x54, 0x85, 0xa9, 0x8a,
    0x00, 0x00, 0x00, 0x00, 0x00, 0x00, 0x80, 0x7a, 0x65, 0x97, 0x87, 0x55, 0x06, 0x44, 0x74, 0x68,
    0x00, 0x00, 0x00, 0x00, 0x00, 0x70, 0x8a, 0x78, 0x67, 0x78, 0x67, 0x05, 0x03, 0x00, 0x40, 0x65,
    0x00, 0x00, 0x00, 0x00, 0x00, 0x98, 0x57, 0x87, 0x56, 0x77, 0x77, 0x36, 0x02, 0x00, 0x00, 0x64,
    0x00, 0x00, 0x00, 0x00, 0x80, 0xa9, 0x36, 0x25, 0x12, 0x22, 0x69, 0x23, 0x00, 0x00, 0x00, 0x50,
    0x00, 0x00, 0x02, 0x00, 0x98, 0x58, 0x00, 0x12, 0x12, 0x21, 0x22, 0x02, 0x00, 0x00, 0x00, 0x00,
    0x00, 0x10, 0x52, 0x80, 0x8a, 0x44, 0x00, 0x21, 0x22, 0x22, 0x11, 0x02, 0x00, 0x00, 0x00, 0x00,
    0x00, 0x11, 0x11, 0x86, 0x68, 0x00, 0x00, 0x22, 0x22, 0x22, 0x54, 0x01, 0x00, 0x00, 0x00, 0x00,
    0x10, 0x11, 0x61, 0x79, 0x45, 0x00, 0x00, 0x53, 0x11, 0x22, 0x23, 0x21, 0x00, 0x00, 0x00, 0x00,
    0x10, 0x11, 0x51, 0x46, 0x00, 0x00, 0x10, 0x21, 0x12, 0x21, 0x42, 0x12, 0x00, 0x00, 0x00, 0x00,
    0x11, 0x01, 0x11, 0x41, 0x00, 0x00, 0x10, 0x32, 0x11, 0x11, 0x22, 0x26, 0x01, 0x00, 0x00, 0x00,
    0x11, 0x11, 0x10, 0x11, 0x00, 0x00, 0x12, 0x12, 0x11, 0x11, 0x31, 0x14, 0x01, 0x00, 0x00, 0x00,
    0x00, 0x10, 0x01, 0x01, 0x00, 0x00, 0x97, 0x58, 0x02, 0x00, 0x21, 0x12, 0x02, 0x00, 0x00, 0x00,
    0x00, 0x00, 0x00, 0x00, 0x00, 0x00, 0x76, 0x57, 0x02, 0x00, 0x21, 0x54, 0x07, 0x00, 0x00, 0x00,
    0x00, 0x00, 0x00, 0x00, 0x00, 0x00, 0x43, 0x34, 0x02, 0x00, 0x20, 0x76, 0x57, 0x00, 0x00, 0x00,
    0x00, 0x00, 0x00, 0x00, 0x00, 0x00, 0x34, 0x44, 0x02, 0x00, 0x20, 0x64, 0x36, 0x00, 0x00, 0x00,
    0x00, 0x00, 0x00, 0x00, 0x00, 0x00, 0x64, 0x56, 0x02, 0x00, 0x20, 0x21, 0x34, 0x00, 0x00, 0x00,
    0x00, 0x00, 0x00, 0x00, 0x00, 0x30, 0x75, 0x57, 0x02, 0x00, 0x20, 0x33, 0x45, 0x00, 0x00, 0x00,
    0x00, 0x00, 0x00, 0x00, 0x00, 0x50, 0x86, 0x58, 0x02, 0x00, 0x20, 0x54, 0x57, 0x04, 0x00, 0x00,
    0x00, 0x00, 0x00, 0x00, 0x00, 0x53, 0x86, 0x57, 0x02, 0x00, 0x20, 0x54, 0x65, 0x04, 0x00, 0x00,
    0x00, 0x00, 0x00, 0x00, 0x00, 0x33, 0x64, 0x45, 0x02, 0x00, 0x20, 0x54, 0x65, 0x04, 0x00, 0x00,
    0x00, 0x00, 0x00, 0x00, 0x00, 0x54, 0x99, 0x57, 0x02, 0x00, 0x20, 0x54, 0x87, 0x05, 0x00, 0x00,
    0x00, 0x00, 0x00, 0x00, 0x00, 0x55, 0x66, 0x44, 0x02, 0x00, 0x00, 0x54, 0x95, 0x08, 0x00, 0x00,
    0x00, 0x00, 0x00, 0x00, 0x00, 0x43, 0x22, 0x22, 0x02, 0x00, 0x00, 0x54, 0x55, 0x45, 0x05, 0x00,
    0x00, 0x00, 0x00, 0x00, 0x00, 0x00, 0x00, 0x00, 0x00, 0x00, 0x00, 0x43, 0x74, 0x57, 0x05, 0x00,
    0x00, 0x00, 0x00, 0x00, 0x00, 0x00, 0x00, 0x00, 0x00, 0x00, 0x00, 0x42, 0x53, 0x35, 0x03, 0x00,
    0x00, 0x00, 0x00, 0x00, 0x00, 0x00, 0x00, 0x00, 0x00, 0x00, 0x00, 0x12, 0x23, 0x02, 0x00, 0x00,
};

static const uint8_t game_sprite_possi0[560] = {
    0x00, 0x00, 0x00, 0x00, 0x00, 0x00, 0x00, 0x00, 0x00, 0x00, 0x00, 0x00, 0x50, 0x75, 0x08, 0x00,
    0x00, 0x00, 0x00, 0x00, 0x00, 0x00, 0x00, 0x40, 0x22, 0x00, 0x00, 0x00, 0x64, 0x66, 0x08, 0x00,
    0x00, 0x00, 0x40, 0x00, 0x00, 0x05, 0x20, 0x22, 0x43, 0x45, 0x00, 0x00, 0x86, 0x55, 0x07, 0x00,
    0x00, 0x00, 0x00, 0x50, 0x00, 0x00, 0x10, 0x31, 0x33, 0x44, 0x03, 0x00, 0x88, 0x56, 0x05, 0x00,
    0x00, 0x00, 0x00, 0x00, 0x00, 0x00, 0x10, 0x11, 0x34, 0x23, 0x02, 0x00, 0x77, 0x55, 0x04, 0x00,
    0x00, 0x00, 0x00, 0x00, 0x00, 0x00, 0x30, 0x11, 0x43, 0x33, 0x05, 0x00, 0x68, 0x43, 0x00, 0x00,
    0x00, 0x00, 0x00, 0x00, 0x04, 0x00, 0x40, 0x94, 0x43, 0x85, 0x97, 0x86, 0x46, 0x03, 0x00, 0x00,
    0x44, 0x44, 0x45, 0x03, 0x44, 0x00, 0x76, 0x38, 0x43, 0x5a, 0x68, 0x35, 0x00, 0x00, 0x00, 0x00,
    0x53, 0x55, 0x56, 0x15, 0x35, 0x04, 0x95, 0x45, 0x49, 0x48, 0x56, 0x23, 0x00, 0x00, 0x40, 0x34,
    0x53, 0x56, 0x44, 0x64, 0x43, 0x44, 0xa3, 0x8a, 0x87, 0x66, 0x34, 0x32, 0x00, 0x00, 0x34, 0x33,
    0x53, 0x56, 0x34, 0x33, 0x35, 0x33, 0x62, 0x65, 0x79, 0x46, 0x34, 0x34, 0x44, 0x44, 0x34, 0x00,
    0x43, 0x57, 0x33, 0x34, 0x64, 0x32, 0x23, 0x22, 0x12, 0x22, 0x32, 0x03, 0x33, 0x44, 0x03, 0x00,
    0x00, 0x43, 0x44, 0x43, 0x33, 0x14, 0x12, 0x11, 0x12, 0x11, 0x21, 0x01, 0x00, 0x00, 0x00, 0x00,
    0x00, 0x50, 0x34, 0x33, 0x33, 0x33, 0x22, 0x41, 0x24, 0x22, 0x22, 0x01, 0x00, 0x00, 0x00, 0x00,
    0x00, 0x50, 0x36, 0x33, 0x33, 0x33, 0x34, 0x33, 0x24, 0x32, 0x33, 0x22, 0x00, 0x00, 0x00, 0x00,
    0x00, 0x30, 0x55, 0x33, 0x33, 0x33, 0x34, 0x22, 0x22, 0x23, 0x22, 0x22, 0x50, 0x44, 0x05, 0x00,
    0x00, 0x00, 0x53, 0x34, 0x33, 0x33, 0x23, 0x23, 0x21, 0x32, 0x22, 0x43, 0x54, 0x65, 0x06, 0x00,
    0x00, 0x00, 0x30, 0x33, 0x13, 0x11, 0x21, 0x12, 0x22, 0x21, 0x36, 0x54, 0x66, 0x76, 0x07, 0x00,
    0x00, 0x00, 0x66, 0x54, 0x22, 0x11, 0x21, 0x22, 0x11, 0x72, 0x36, 0x54, 0x55, 0x55, 0x06, 0x00,
    0x00, 0x00, 0x55, 0x35, 0x00, 0x00, 0x00, 0x00, 0x30, 0x53, 0x33, 0x44, 0x55, 0x45, 0x05, 0x00,
    0x00, 0x00, 0x67, 0x25, 0x00, 0x00, 0x00, 0x00, 0x30, 0x33, 0x33, 0x44, 0x45, 0x45, 0x05, 0x00,
    0x00, 0x00, 0x58, 0x03, 0x00, 0x00, 0x00, 0x00, 0x30, 0x33, 0x33, 0x43, 0x44, 0x44, 0x05, 0x00,
    0x00, 0x80, 0x26, 0x00, 0x00, 0x00, 0x00, 0x00, 0x00, 0x30, 0x33, 0x33, 0x33, 0x33, 0x04, 0x00,
    0x00, 0x90, 0x04, 0x00, 0x00, 0x00, 0x00, 0x00, 0x00, 0x30, 0x33, 0x33, 0x33, 0x33, 0x03, 0x00,
    0x00, 0x80, 0x04, 0x00, 0x00, 0x00, 0x00, 0x00, 0x00, 0x30, 0x33, 0x33, 0x33, 0x33, 0x03, 0x00,
    0x00, 0x70, 0x04, 0x00, 0x00, 0x00, 0x00, 0x00, 0x00, 0x00, 0x33, 0x33, 0x33, 0x33, 0x00, 0x00,
    0x03, 0x60, 0x04, 0x00, 0x00, 0x00, 0x00, 0x00, 0x00, 0x00, 0x30, 0x33, 0x33, 0x03, 0x00, 0x00,
    0x12, 0x41, 0x51, 0x00, 0x11, 0x00, 0x00, 0x00, 0x00, 0x00, 0x00, 0x00, 0x00, 0x00, 0x00, 0x00,
    0x23, 0x11, 0x31, 0x20, 0x01, 0x00, 0x00, 0x00, 0x00, 0x00, 0x00, 0x00, 0x00, 0x00, 0x00, 0x00,
    0x13, 0x12, 0x21, 0x12, 0x01, 0x00, 0x00, 0x00, 0x00, 0x00, 0x00, 0x00, 0x00, 0x00, 0x00, 0x00,
    0x11, 0x11, 0x21, 0x12, 0x02, 0x00, 0x00, 0x00, 0x00, 0x00, 0x00, 0x00, 0x00, 0x00, 0x00, 0x00,
    0x22, 0x11, 0x11, 0x11, 0x00, 0x00, 0x00, 0x00, 0x00, 0x00, 0x00, 0x00, 0x00, 0x00, 0x00, 0x00,
    0x00, 0x20, 0x11, 0x11, 0x01, 0x00, 0x00, 0x00, 0x00, 0x00, 0x00, 0x00, 0x00, 0x00, 0x00, 0x00,
    0x00, 0x00, 0x13, 0x11, 0x02, 0x00, 0x00, 0x00, 0x00, 0x00, 0x00, 0x00, 0x00, 0x00, 0x00, 0x00,
    0x00, 0x00, 0x00, 0x33, 0x22, 0x00, 0x00, 0x00, 0x00, 0x00, 0x00, 0x00, 0x00, 0x00, 0x00, 0x00,
};

static const uint8_t game_sprite_possj0[384] = {
    0x00, 0x53, 0x45, 0x00, 0x00, 0x00, 0x00, 0x00, 0x00, 0x00, 0x00, 0x00, 0x00, 0x00, 0x00, 0x00,
    0x00, 0x75, 0x78, 0x06, 0x00, 0x00, 0x00, 0x00, 0x00, 0x00, 0x00, 0x00, 0x00, 0x50, 0x67, 0x05,
    0x30, 0x95, 0x88, 0x67, 0x05, 0x00, 0x00, 0x00, 0x00, 0x00, 0x00, 0x00, 0x00, 0x20, 0x24, 0x06,
    0x30, 0x75, 0x89, 0x58, 0x05, 0x00, 0x00, 0x00, 0x00, 0x00, 0x00, 0x00, 0x00, 0x77, 0x67, 0x06,
    0x30, 0x65, 0x77, 0x67, 0x34, 0x00, 0x00, 0x00, 0x00, 0x00, 0x00, 0x00, 0x70, 0x65, 0x66, 0x08,
    0x30, 0x45, 0x67, 0x66, 0x45, 0x03, 0x00, 0x00, 0x00, 0x00, 0x00, 0x30, 0x56, 0x65, 0x67, 0x06,
    0x30, 0x45, 0x56, 0x45, 0x44, 0x43, 0x00, 0x00, 0x00, 0x00, 0x40, 0x54, 0x43, 0x65, 0x46, 0x06,
    0x00, 0x64, 0x44, 0x44, 0x43, 0x33, 0x00, 0x00, 0x40, 0x33, 0x52, 0x35, 0x53, 0x65, 0x53, 0x04,
    0x00, 0x33, 0x33, 0x33, 0x33, 0x33, 0x00, 0x70, 0x73, 0x26, 0x43, 0x34, 0x43, 0x44, 0x45, 0x03,
    0x00, 0x30, 0x33, 0x33, 0x33, 0x24, 0x04, 0x90, 0x64, 0x24, 0x31, 0x35, 0x33, 0x33, 0x34, 0x00,
    0x00, 0x00, 0x33, 0x33, 0x53, 0x23, 0x63, 0xa7, 0x54, 0x22, 0x32, 0x33, 0x33, 0x53, 0x03, 0x00,
    0x00, 0x00, 0x33, 0x63, 0x37, 0x21, 0x12, 0x12, 0x21, 0x22, 0x32, 0x33, 0x33, 0x03, 0x00, 0x00,
    0x00, 0x00, 0x30, 0x33, 0x13, 0x42, 0x12, 0x12, 0x32, 0x42, 0x24, 0x33, 0x43, 0x04, 0x00, 0x00,
    0x00, 0x00, 0x00, 0x12, 0x21, 0x22, 0x22, 0x12, 0x22, 0x23, 0x12, 0x32, 0x03, 0x43, 0x44, 0x44,
    0x00, 0x00, 0x00, 0x20, 0x11, 0x21, 0x21, 0x12, 0x11, 0x22, 0x21, 0x01, 0x00, 0x00, 0x44, 0x33,
    0x00, 0x00, 0x00, 0x36, 0x11, 0x21, 0x12, 0x11, 0x21, 0x11, 0x11, 0x01, 0x00, 0x00, 0x00, 0x00,
    0x00, 0x00, 0x90, 0x6a, 0x13, 0x11, 0x11, 0x11, 0x11, 0x11, 0x01, 0x00, 0x00, 0x00, 0x00, 0x00,
    0x00, 0x00, 0xa9, 0x47, 0x00, 0x10, 0x11, 0x01, 0x00, 0x00, 0x00, 0x00, 0x00, 0x00, 0x00, 0x00,
    0x00, 0x70, 0x46, 0x00, 0x00, 0x00, 0x00, 0x00, 0x00, 0x00, 0x00, 0x00, 0x00, 0x00, 0x00, 0x00,
    0x00, 0x96, 0x04, 0x00, 0x00, 0x00, 0x00, 0x00, 0x00, 0x00, 0x00, 0x00, 0x00, 0x00, 0x00, 0x00,
    0x50, 0x64, 0x04, 0x00, 0x00, 0x00, 0x00, 0x00, 0x00, 0x00, 0x00, 0x00, 0x00, 0x00, 0x00, 0x00,
    0x11, 0x11, 0x41, 0x11, 0x00, 0x00, 0x00, 0x00, 0x00, 0x00, 0x00, 0x00, 0x00, 0x00, 0x00, 0x00,
    0x11, 0x11, 0x11, 0x11, 0x04, 0x00, 0x00, 0x00, 0x00, 0x00, 0x00, 0x00, 0x00, 0x00, 0x00, 0x00,
    0x00, 0x00, 0x11, 0x11, 0x01, 0x00, 0x00, 0x00, 0x00, 0x00, 0x00, 0x00, 0x00, 0x00, 0x00, 0x00,
};

static const uint8_t game_sprite_possk0[288] = {
    0x00, 0x00, 0x00, 0x00, 0x00, 0x00, 0x00, 0x00, 0x00, 0x00, 0x00, 0x00, 0x00, 0x00, 0x50, 0x00,
    0x00, 0x00, 0x00, 0x00, 0x00, 0x00, 0x00, 0x00, 0x00, 0x00, 0x00, 0x00, 0x00, 0x50, 0x86, 0x06,
    0x00, 0x00, 0x00, 0x00, 0x00, 0x00, 0x00, 0x00, 0x00, 0x00, 0x00, 0x00, 0x00, 0x64, 0x67, 0x06,
    0x60, 0x54, 0x00, 0x00, 0x00, 0x00, 0x00, 0x00, 0x00, 0x00, 0x00, 0x00, 0x40, 0x68, 0x67, 0x27,
    0x73, 0x56, 0x05, 0x00, 0x00, 0x00, 0x00, 0x00, 0x00, 0x20, 0x22, 0x02, 0x60, 0x67, 0x57, 0x26,
    0x85, 0x68, 0x65, 0x04, 0x00, 0x00, 0x00, 0x00, 0x00, 0x50, 0x63, 0x22, 0x82, 0x54, 0x45, 0x25,
    0x85, 0x78, 0x55, 0x55, 0x00, 0x00, 0x00, 0x00, 0x00, 0x30, 0x53, 0x22, 0x62, 0x44, 0x44, 0x35,
    0x74, 0x67, 0x46, 0x43, 0x04, 0x00, 0x00, 0x00, 0x65, 0x48, 0x33, 0x39, 0x61, 0x33, 0x53, 0x35,
    0x43, 0x56, 0x46, 0x33, 0x46, 0x00, 0x00, 0x30, 0xa3, 0x88, 0x9a, 0x33, 0x41, 0x33, 0x63, 0x44,
    0x63, 0x45, 0x35, 0x33, 0x64, 0x24, 0x63, 0x36, 0x21, 0x21, 0x11, 0x74, 0x46, 0x45, 0x54, 0x54,
    0x40, 0x35, 0x33, 0x33, 0x55, 0x33, 0x24, 0x22, 0x11, 0x21, 0x21, 0x65, 0x37, 0x43, 0x44, 0x45,
    0x00, 0x33, 0x34, 0x33, 0x44, 0x33, 0x44, 0x33, 0x23, 0x22, 0x33, 0x52, 0x33, 0x33, 0x44, 0x04,
    0x00, 0x30, 0x33, 0x33, 0x33, 0x23, 0x53, 0x42, 0x24, 0x43, 0x24, 0x32, 0x33, 0x33, 0x43, 0x00,
    0x00, 0x00, 0x30, 0x33, 0x33, 0x23, 0x22, 0x22, 0x23, 0x22, 0x23, 0x32, 0x33, 0x03, 0x00, 0x00,
    0x00, 0x10, 0x01, 0x30, 0x33, 0x23, 0x22, 0x22, 0x22, 0x22, 0x22, 0x32, 0x33, 0x03, 0x00, 0x00,
    0x00, 0x10, 0x11, 0x11, 0x00, 0x20, 0x22, 0x22, 0x22, 0x22, 0x22, 0x12, 0x02, 0x00, 0x00, 0x00,
    0x00, 0x00, 0x11, 0x11, 0x01, 0x00, 0x20, 0x22, 0x22, 0x20, 0x12, 0x01, 0x00, 0x00, 0x00, 0x00,
    0x00, 0x00, 0x00, 0x10, 0x11, 0x01, 0x00, 0x00, 0x00, 0x00, 0x00, 0x00, 0x00, 0x00, 0x00, 0x00,
};

static const uint8_t game_sprite_possl0[192] = {
    0x00, 0x00, 0x00, 0x00, 0x00, 0x00, 0x00, 0x00, 0x00, 0x00, 0x40, 0x02, 0x00, 0x00, 0x00, 0x00,
    0x00, 0x00, 0x00, 0x00, 0x00, 0x00, 0x00, 0x00, 0x00, 0x40, 0x48, 0x54, 0x04, 0x00, 0x00, 0x00,
    0x00, 0x00, 0x00, 0x00, 0x00, 0x00, 0x00, 0x00, 0x00, 0x30, 0x94, 0x43, 0x44, 0x00, 0x00, 0x00,
    0x30, 0x11, 0x01, 0x00, 0x00, 0x00, 0x00, 0x00, 0x40, 0xa3, 0x65, 0x35, 0x53, 0x00, 0x00, 0x00,
    0x96, 0x77, 0x43, 0x13, 0x00, 0x00, 0x00, 0x50, 0x22, 0x22, 0x71, 0x65, 0x68, 0x00, 0x00, 0x00,
    0x88, 0x57, 0x54, 0x34, 0x11, 0x00, 0x75, 0x26, 0x22, 0x22, 0x45, 0x75, 0x56, 0x45, 0x00, 0x00,
    0x88, 0x57, 0x34, 0x53, 0x46, 0x45, 0x53, 0x32, 0x33, 0x42, 0x84, 0x75, 0x75, 0x74, 0x58, 0x00,
    0x87, 0x66, 0x14, 0x43, 0x35, 0x33, 0x55, 0x32, 0x24, 0x72, 0x76, 0x75, 0x65, 0x44, 0x5b, 0x00,
    0x40, 0x56, 0x34, 0x13, 0x43, 0x33, 0x12, 0x22, 0x22, 0x72, 0x48, 0x55, 0x54, 0x33, 0x44, 0x44,
    0x40, 0x55, 0x31, 0x11, 0x33, 0x33, 0x22, 0x22, 0x12, 0x43, 0x35, 0x43, 0x54, 0x00, 0x00, 0x00,
    0x30, 0x54, 0x35, 0x11, 0x13, 0x33, 0x21, 0x02, 0x22, 0x31, 0x35, 0x33, 0x55, 0x00, 0x00, 0x00,
    0x00, 0x30, 0x13, 0x13, 0x31, 0x11, 0x00, 0x00, 0x00, 0x00, 0x35, 0x33, 0x05, 0x00, 0x00, 0x00,
};

static const uint8_t game_sprite_sposa1[720] = {
    0x00, 0x00, 0x00, 0x00, 0x00, 0x50, 0x44, 0x74, 0x00, 0x00, 0x00, 0x00, 0x00, 0x00, 0x00, 0x00,
    0x00, 0x00, 0x00, 0x00, 0x35, 0x34, 0x84, 0x06, 0x00, 0x00, 0x00, 0x00, 0x00, 0x00, 0x00, 0x00,
    0x00, 0x00, 0x00, 0x44, 0x33, 0x94, 0x66, 0x00, 0x00, 0x00, 0x00, 0x00, 0x00, 0x00, 0x00, 0x00,
    0x00, 0x30, 0x44, 0x34, 0x75, 0x79, 0x02, 0x00, 0x00, 0x00, 0x00, 0x00, 0x00, 0x00, 0x00, 0x00,
    0x20, 0x84, 0x59, 0xa4, 0x9a, 0x02, 0x00, 0x00, 0x00, 0x00, 0x00, 0x00, 0x00, 0x00, 0x00, 0x20,
    0x24, 0x62, 0x24, 0x52, 0x02, 0x00, 0x00, 0x00, 0x00, 0x00, 0x00, 0x00, 0x00, 0x00, 0x22, 0x52,
    0x77, 0x75, 0x28, 0x22, 0x02, 0x00, 0x00, 0x00, 0x00, 0x00, 0x00, 0x00, 0x40, 0x23, 0x43, 0x38,
    0x74, 0x23, 0x32, 0x04, 0x00, 0x00, 0x00, 0x00, 0x00, 0x00, 0x00, 0x62, 0x25, 0x42, 0x23, 0x34,
    0x23, 0x32, 0x46, 0x00, 0x00, 0x00, 0x00, 0x00, 0x00, 0x10, 0x84, 0x26, 0x22, 0x12, 0x42, 0x22,
    0x22, 0x66, 0x02, 0x00, 0x00, 0x00, 0x00, 0x00, 0x22, 0x42, 0x23, 0x42, 0x24, 0x32, 0x23, 0x21,
    0x22, 0x43, 0x00, 0x00, 0x00, 0x00, 0x20, 0x57, 0x21, 0x22, 0x22, 0x44, 0x44, 0x22, 0x11, 0x22,
    0x56, 0x00, 0x00, 0x00, 0x00, 0x20, 0x75, 0x24, 0x22, 0x22, 0x22, 0x24, 0x22, 0x22, 0x21, 0x44,
    0x00, 0x00, 0x00, 0x00, 0x10, 0x54, 0x23, 0x22, 0x21, 0x32, 0x24, 0x22, 0x32, 0x22, 0x32, 0x00,
    0x00, 0x00, 0x00, 0x20, 0x22, 0x22, 0x22, 0x12, 0x22, 0x23, 0x22, 0x32, 0x32, 0x35, 0x00, 0x00,
    0x00, 0x00, 0x20, 0x63, 0x24, 0x22, 0x22, 0x22, 0x22, 0x22, 0x22, 0x52, 0x69, 0x02, 0x00, 0x00,
    0x00, 0x20, 0x74, 0x25, 0x21, 0x34, 0x22, 0x21, 0x33, 0x22, 0x42, 0x56, 0x12, 0x00, 0x00, 0x00,
    0x20, 0x42, 0x23, 0x10, 0x43, 0x22, 0x32, 0x34, 0x02, 0x20, 0x42, 0x36, 0x01, 0x00, 0x00, 0x20,
    0x22, 0x22, 0x20, 0x22, 0x12, 0x22, 0x32, 0x02, 0x10, 0x32, 0x23, 0x01, 0x00, 0x00, 0x20, 0x22,
    0x22, 0x10, 0x22, 0x32, 0x22, 0x22, 0x01, 0x20, 0x42, 0x34, 0x03, 0x00, 0x00, 0x20, 0x22, 0x22,
    0x22, 0x22, 0x23, 0x42, 0x23, 0x21, 0x20, 0x72, 0x59, 0x03, 0x00, 0x00, 0x20, 0x53, 0x24, 0x22,
    0x21, 0x22, 0x21, 0x22, 0x32, 0x20, 0x42, 0x58, 0x03, 0x00, 0x00, 0x20, 0x84, 0x35, 0x42, 0x22,
    0x12, 0x11, 0x21, 0x22, 0x02, 0x32, 0x35, 0x00, 0x00, 0x00, 0x20, 0x62, 0x46, 0x32, 0x13, 0x11,
    0x11, 0x22, 0x42, 0x03, 0x22, 0x23, 0x00, 0x00, 0x00, 0x00, 0x20, 0x42, 0x12, 0x11, 0x11, 0x11,
    0x11, 0x51, 0x67, 0x45, 0x23, 0x43, 0x44, 0x00, 0x00, 0x20, 0x22, 0x42, 0x11, 0x21, 0x32, 0x33,
    0x33, 0x23, 0x22, 0x22, 0x53, 0x78, 0x00, 0x00, 0x00, 0x22, 0x94, 0x46, 0x22, 0x32, 0x44, 0x32,
    0x22, 0x98, 0x99, 0x08, 0x00, 0x00, 0x00, 0x40, 0x32, 0x67, 0xaa, 0x26, 0x41, 0x22, 0x32, 0x42,
    0x87, 0x89, 0x07, 0x00, 0x00, 0x40, 0x22, 0x22, 0x46, 0xaa, 0x27, 0x23, 0x32, 0x22, 0x02, 0x46,
    0x65, 0x05, 0x00, 0x00, 0x22, 0x32, 0x22, 0x54, 0x88, 0x15, 0x00, 0x22, 0x22, 0x02, 0x00, 0x00,
    0x00, 0x00, 0x22, 0x32, 0x33, 0x23, 0x42, 0x55, 0x32, 0x00, 0x32, 0x23, 0x03, 0x00, 0x00, 0x00,
    0x00, 0x22, 0x21, 0x22, 0x22, 0x13, 0x02, 0x00, 0x00, 0x20, 0x22, 0x03, 0x00, 0x00, 0x00, 0x00,
    0x00, 0x00, 0x30, 0x43, 0x12, 0x00, 0x00, 0x00, 0x20, 0x32, 0x04, 0x00, 0x00, 0x00, 0x00, 0x00,
    0x00, 0x20, 0x22, 0x01, 0x00, 0x00, 0x00, 0x00, 0x21, 0x02, 0x00, 0x00, 0x00, 0x00, 0x00, 0x00,
    0x20, 0x22, 0x02, 0x00, 0x00, 0x00, 0x00, 0x42, 0x22, 0x00, 0x00, 0x00, 0x00, 0x00, 0x00, 0x30,
    0x24, 0x02, 0x00, 0x00, 0x00, 0x00, 0x32, 0x24, 0x00, 0x00, 0x00, 0x00, 0x00, 0x00, 0x32, 0x12,
    0x02, 0x00, 0x00, 0x00, 0x00, 0x22, 0x22, 0x00, 0x00, 0x00, 0x00, 0x00, 0x00, 0x32, 0x12, 0x02,
    0x00, 0x00, 0x00, 0x10, 0x32, 0x24, 0x00, 0x00, 0x00, 0x00, 0x00, 0x20, 0x22, 0x11, 0x02, 0x00,
    0x00, 0x00, 0x20, 0x22, 0x24, 0x00, 0x00, 0x00, 0x00, 0x00, 0x20, 0x11, 0x22, 0x02, 0x00, 0x00,
    0x00, 0x21, 0x22, 0x23, 0x00, 0x00, 0x00, 0x00, 0x00, 0x20, 0x22, 0x22, 0x02, 0x00, 0x00, 0x00,
    0x21, 0x22, 0x23, 0x00, 0x00, 0x00, 0x00, 0x00, 0x30, 0x55, 0x12, 0x01, 0x00, 0x00, 0x00, 0x21,
    0x11, 0x22, 0x00, 0x00, 0x00, 0x00, 0x00, 0x20, 0x22, 0x12, 0x01, 0x00, 0x00, 0x20, 0x11, 0x11,
    0x22, 0x00, 0x00, 0x00, 0x00, 0x00, 0x10, 0x11, 0x21, 0x00, 0x00, 0x00, 0x20, 0x22, 0x12, 0x21,
    0x03, 0x00, 0x00, 0x00, 0x00, 0x00, 0x00, 0x00, 0x00, 0x00, 0x00, 0x20, 0x33, 0x34, 0x43, 0x24,
    0x00, 0x00, 0x00, 0x00, 0x00, 0x00, 0x00, 0x00, 0x00, 0x00, 0x10, 0x22, 0x32, 0x24, 0x22, 0x00,
    0x00, 0x00, 0x00, 0x00, 0x00, 0x00, 0x00, 0x00, 0x00, 0x10, 0x11, 0x22, 0x22, 0x22, 0x00, 0x00,
    0x00, 0x00, 0x00, 0x00, 0x00, 0x00, 0x00, 0x00, 0x00, 0x20, 0x11, 0x12, 0x01, 0x00, 0x00, 0x00,
};

static const uint8_t game_sprite_sposb1[720] = {
    0x00, 0x00, 0x00, 0x00, 0x00, 0x50, 0x44, 0x74, 0x00, 0x00, 0x00, 0x00, 0x00, 0x00, 0x00, 0x00,
    0x00, 0x00, 0x00, 0x00, 0x35, 0x34, 0x84, 0x06, 0x00, 0x00, 0x00, 0x00, 0x00, 0x00, 0x00, 0x00,
    0x00, 0x00, 0x00, 0x44, 0x33, 0x94, 0x66, 0x00, 0x00, 0x00, 0x00, 0x00, 0x00, 0x00, 0x00, 0x00,
    0x00, 0x30, 0x44, 0x34, 0x75, 0x79, 0x02, 0x00, 0x00, 0x00, 0x00, 0x00, 0x00, 0x00, 0x00, 0x00,
    0x20, 0x84, 0x59, 0xa4, 0x9a, 0x02, 0x00, 0x00, 0x00, 0x00, 0x00, 0x00, 0x00, 0x00, 0x00, 0x20,
    0x24, 0x62, 0x24, 0x52, 0x02, 0x00, 0x00, 0x00, 0x00, 0x00, 0x00, 0x00, 0x00, 0x00, 0x20, 0x52,
    0x77, 0x75, 0x28, 0x42, 0x00, 0x00, 0x00, 0x00, 0x00, 0x00, 0x00, 0x00, 0x00, 0x22, 0x43, 0x38,
    0x74, 0x23, 0x41, 0x04, 0x00, 0x00, 0x00, 0x00, 0x00, 0x00, 0x00, 0x20, 0x26, 0x42, 0x23, 0x34,
    0x13, 0x72, 0x04, 0x00, 0x00, 0x00, 0x00, 0x00, 0x00, 0x00, 0x32, 0x29, 0x22, 0x12, 0x42, 0x12,
    0x63, 0x43, 0x00, 0x00, 0x00, 0x00, 0x00, 0x00, 0x20, 0x24, 0x13, 0x22, 0x22, 0x22, 0x23, 0x21,
    0x24, 0x00, 0x00, 0x00, 0x00, 0x00, 0x00, 0x20, 0x27, 0x11, 0x22, 0x24, 0x32, 0x22, 0x21, 0x24,
    0x00, 0x00, 0x00, 0x00, 0x00, 0x00, 0x30, 0x44, 0x21, 0x21, 0x22, 0x24, 0x22, 0x22, 0x21, 0x00,
    0x00, 0x00, 0x00, 0x00, 0x00, 0x20, 0x42, 0x22, 0x21, 0x32, 0x24, 0x22, 0x23, 0x42, 0x02, 0x00,
    0x00, 0x00, 0x00, 0x00, 0x10, 0x11, 0x22, 0x13, 0x22, 0x23, 0x51, 0x23, 0x54, 0x02, 0x00, 0x00,
    0x00, 0x00, 0x00, 0x11, 0x52, 0x15, 0x21, 0x21, 0x12, 0x23, 0x22, 0x52, 0x22, 0x00, 0x00, 0x00,
    0x00, 0x00, 0x32, 0x72, 0x18, 0x24, 0x11, 0x21, 0x42, 0x11, 0x32, 0x22, 0x02, 0x00, 0x00, 0x00,
    0x00, 0x21, 0x42, 0x13, 0x31, 0x23, 0x41, 0x24, 0x01, 0x20, 0x52, 0x02, 0x00, 0x00, 0x00, 0x00,
    0x11, 0x21, 0x12, 0x22, 0x21, 0x21, 0x32, 0x02, 0x20, 0x85, 0x02, 0x00, 0x00, 0x00, 0x00, 0x10,
    0x11, 0x21, 0x11, 0x55, 0x42, 0x12, 0x02, 0x30, 0x76, 0x02, 0x00, 0x00, 0x00, 0x00, 0x20, 0x33,
    0x14, 0x32, 0x44, 0x42, 0x24, 0x02, 0x20, 0x66, 0x03, 0x00, 0x00, 0x00, 0x00, 0x20, 0x85, 0x15,
    0x22, 0x22, 0x31, 0x22, 0x12, 0x20, 0x44, 0x03, 0x00, 0x00, 0x00, 0x00, 0x20, 0x65, 0x24, 0x11,
    0x21, 0x21, 0x22, 0x12, 0x11, 0x42, 0x03, 0x00, 0x00, 0x00, 0x00, 0x10, 0x53, 0x15, 0x12, 0x21,
    0x21, 0x11, 0x12, 0x11, 0x22, 0x02, 0x00, 0x00, 0x00, 0x00, 0x10, 0x21, 0x23, 0x21, 0x11, 0x11,
    0x11, 0x22, 0x01, 0x22, 0x22, 0x12, 0x02, 0x00, 0x00, 0x00, 0x21, 0x22, 0x22, 0x11, 0x21, 0x22,
    0x32, 0x22, 0x22, 0x43, 0x04, 0x00, 0x00, 0x00, 0x00, 0x10, 0x52, 0x88, 0x46, 0x23, 0x23, 0x43,
    0x22, 0xba, 0xab, 0x07, 0x00, 0x00, 0x00, 0x00, 0x10, 0x82, 0xaa, 0x7a, 0x22, 0x22, 0x22, 0x21,
    0xbb, 0x58, 0x04, 0x00, 0x00, 0x00, 0x00, 0x24, 0x72, 0xb9, 0x7a, 0x12, 0x11, 0x21, 0x21, 0x57,
    0x44, 0x05, 0x00, 0x00, 0x00, 0x30, 0x22, 0x61, 0x97, 0x37, 0x11, 0x21, 0x23, 0x32, 0x50, 0x45,
    0x00, 0x00, 0x00, 0x20, 0x22, 0x22, 0x11, 0x43, 0x12, 0x12, 0x11, 0x11, 0x23, 0x00, 0x00, 0x00,
    0x00, 0x22, 0x23, 0x12, 0x11, 0x21, 0x34, 0x00, 0x10, 0x11, 0x11, 0x01, 0x00, 0x00, 0x00, 0x00,
    0x32, 0x12, 0x11, 0x22, 0x43, 0x23, 0x00, 0x10, 0x22, 0x22, 0x02, 0x00, 0x00, 0x00, 0x00, 0x12,
    0x31, 0x00, 0x20, 0x22, 0x32, 0x00, 0x10, 0x42, 0x24, 0x02, 0x00, 0x00, 0x00, 0x00, 0x00, 0x00,
    0x00, 0x10, 0x11, 0x01, 0x00, 0x10, 0x22, 0x22, 0x02, 0x00, 0x00, 0x00, 0x00, 0x00, 0x00, 0x00,
    0x11, 0x12, 0x01, 0x00, 0x20, 0x22, 0x24, 0x02, 0x00, 0x00, 0x00, 0x00, 0x00, 0x00, 0x20, 0x21,
    0x22, 0x02, 0x00, 0x20, 0x12, 0x22, 0x01, 0x00, 0x00, 0x00, 0x00, 0x00, 0x00, 0x20, 0x22, 0x22,
    0x22, 0x00, 0x20, 0x23, 0x24, 0x02, 0x00, 0x00, 0x00, 0x00, 0x00, 0x00, 0x20, 0x22, 0x22, 0x22,
    0x00, 0x31, 0x42, 0x12, 0x00, 0x00, 0x00, 0x00, 0x00, 0x00, 0x00, 0x20, 0x22, 0x33, 0x22, 0x00,
    0x31, 0x21, 0x22, 0x00, 0x00, 0x00, 0x00, 0x00, 0x00, 0x00, 0x21, 0x22, 0x22, 0x12, 0x10, 0x32,
    0x43, 0x22, 0x00, 0x00, 0x00, 0x00, 0x00, 0x00, 0x00, 0x22, 0x22, 0x22, 0x22, 0x10, 0x22, 0x21,
    0x22, 0x00, 0x00, 0x00, 0x00, 0x00, 0x00, 0x00, 0x22, 0x22, 0x21, 0x22, 0x10, 0x22, 0x42, 0x22,
    0x00, 0x00, 0x00, 0x00, 0x00, 0x00, 0x00, 0x11, 0x42, 0x24, 0x32, 0x20, 0x11, 0x21, 0x22, 0x02,
    0x00, 0x00, 0x00, 0x00, 0x00, 0x00, 0x22, 0x63, 0x57, 0x04, 0x11, 0x32, 0x22, 0x22, 0x02, 0x00,
    0x00, 0x00, 0x00, 0x00, 0x00, 0x00, 0x22, 0x22, 0x00, 0x11, 0x52, 0x55, 0x35, 0x02, 0x00, 0x00,
    0x00, 0x00, 0x00, 0x00, 0x00, 0x20, 0x02, 0x00, 0x10, 0x21, 0x22, 0x22, 0x02, 0x00, 0x00, 0x00,
    0x00, 0x00, 0x00, 0x00, 0x00, 0x00, 0x00, 0x00, 0x11, 0x21, 0x22, 0x02, 0x00, 0x00, 0x00, 0x00,
};

static const uint8_t game_sprite_sposc1[648] = {
    0x00, 0x00, 0x00, 0x00, 0x00, 0x45, 0x84, 0x07, 0x00, 0x00, 0x00, 0x00, 0x00, 0x00, 0x00, 0x00,
    0x00, 0x00, 0x35, 0x34, 0x87, 0x06, 0x00, 0x00, 0x00, 0x00, 0x00, 0x00, 0x00, 0x00, 0x00, 0x40,
    0x34, 0xa3, 0x69, 0x06, 0x00, 0x00, 0x00, 0x00, 0x00, 0x00, 0x00, 0x00, 0x30, 0x44, 0x34, 0x76,
    0x79, 0x02, 0x00, 0x00, 0x00, 0x00, 0x00, 0x00, 0x00, 0x00, 0x42, 0x98, 0x65, 0xaa, 0x29, 0x00,
    0x00, 0x00, 0x00, 0x00, 0x00, 0x00, 0x00, 0x20, 0x24, 0x62, 0x24, 0x52, 0x02, 0x00, 0x00, 0x00,
    0x00, 0x00, 0x00, 0x00, 0x00, 0x22, 0x75, 0x37, 0x87, 0x22, 0x00, 0x00, 0x00, 0x00, 0x00, 0x00,
    0x00, 0x00, 0x20, 0x43, 0x38, 0x73, 0x23, 0x01, 0x00, 0x00, 0x00, 0x00, 0x00, 0x00, 0x00, 0x10,
    0x22, 0x34, 0x22, 0x33, 0x21, 0x02, 0x00, 0x00, 0x00, 0x00, 0x00, 0x00, 0x51, 0x16, 0x22, 0x22,
    0x21, 0x22, 0x41, 0x22, 0x00, 0x00, 0x00, 0x00, 0x00, 0x20, 0x94, 0x21, 0x22, 0x22, 0x32, 0x12,
    0x24, 0x21, 0x00, 0x00, 0x00, 0x00, 0x10, 0x21, 0x15, 0x22, 0x24, 0x32, 0x22, 0x21, 0x22, 0x02,
    0x00, 0x00, 0x00, 0x00, 0x22, 0x21, 0x12, 0x22, 0x22, 0x22, 0x22, 0x22, 0x46, 0x02, 0x00, 0x00,
    0x00, 0x20, 0x48, 0x22, 0x21, 0x32, 0x22, 0x22, 0x12, 0x52, 0x24, 0x00, 0x00, 0x00, 0x20, 0x52,
    0x24, 0x21, 0x21, 0x22, 0x12, 0x12, 0x21, 0x21, 0x02, 0x00, 0x00, 0x00, 0x42, 0x35, 0x22, 0x11,
    0x11, 0x11, 0x11, 0x11, 0x85, 0x35, 0x00, 0x00, 0x00, 0x20, 0x85, 0x24, 0x21, 0x34, 0x22, 0x32,
    0x22, 0x31, 0x34, 0x02, 0x00, 0x00, 0x00, 0x42, 0x24, 0x11, 0x22, 0x22, 0x23, 0x22, 0x12, 0x21,
    0x22, 0x00, 0x00, 0x00, 0x10, 0x22, 0x01, 0x11, 0x42, 0x22, 0x43, 0x23, 0x21, 0x21, 0x02, 0x00,
    0x00, 0x00, 0x11, 0x11, 0x20, 0x22, 0x22, 0x22, 0x32, 0x02, 0x22, 0x22, 0x02, 0x00, 0x00, 0x20,
    0x34, 0x01, 0x12, 0x22, 0x22, 0x22, 0x12, 0x30, 0x23, 0x25, 0x00, 0x00, 0x00, 0x82, 0x26, 0x20,
    0x12, 0x22, 0x21, 0x22, 0x22, 0x22, 0x23, 0x02, 0x00, 0x00, 0x20, 0x75, 0x02, 0x44, 0x12, 0x12,
    0x11, 0x31, 0x13, 0x11, 0x21, 0x00, 0x00, 0x00, 0x22, 0x26, 0x42, 0x46, 0x12, 0x11, 0x32, 0x24,
    0x78, 0x77, 0x22, 0x21, 0x00, 0x10, 0x32, 0x12, 0x32, 0x22, 0x22, 0x22, 0x22, 0x21, 0x34, 0x22,
    0x00, 0x00, 0x00, 0x11, 0x22, 0x41, 0x12, 0x22, 0x22, 0x11, 0x11, 0x61, 0x66, 0x06, 0x00, 0x00,
    0x00, 0x11, 0x11, 0x11, 0x11, 0x11, 0x11, 0x11, 0x61, 0xaa, 0xab, 0x00, 0x00, 0x00, 0x00, 0x11,
    0x22, 0x22, 0x22, 0x00, 0x22, 0x21, 0x34, 0x33, 0x00, 0x00, 0x00, 0x00, 0x22, 0x85, 0x14, 0x11,
    0x00, 0x00, 0x12, 0x22, 0x02, 0x00, 0x00, 0x00, 0x00, 0x40, 0x84, 0x47, 0x11, 0x02, 0x00, 0x20,
    0x21, 0x12, 0x00, 0x00, 0x00, 0x00, 0x00, 0x22, 0x97, 0x13, 0x01, 0x00, 0x00, 0x12, 0x22, 0x01,
    0x00, 0x00, 0x00, 0x00, 0x22, 0xa3, 0x29, 0x21, 0x00, 0x00, 0x00, 0x53, 0x12, 0x00, 0x00, 0x00,
    0x00, 0x20, 0x22, 0x47, 0x21, 0x00, 0x00, 0x00, 0x20, 0x33, 0x02, 0x00, 0x00, 0x20, 0x22, 0x12,
    0x21, 0x25, 0x01, 0x00, 0x00, 0x00, 0x12, 0x22, 0x00, 0x00, 0x00, 0x21, 0x12, 0x22, 0x22, 0x21,
    0x00, 0x00, 0x00, 0x20, 0x12, 0x00, 0x00, 0x00, 0x20, 0x11, 0x00, 0x11, 0x21, 0x02, 0x00, 0x00,
    0x00, 0x21, 0x01, 0x00, 0x00, 0x00, 0x00, 0x00, 0x20, 0x21, 0x23, 0x00, 0x00, 0x00, 0x20, 0x23,
    0x00, 0x00, 0x00, 0x00, 0x00, 0x00, 0x22, 0x55, 0x22, 0x00, 0x00, 0x20, 0x23, 0x02, 0x00, 0x00,
    0x00, 0x00, 0x00, 0x10, 0x21, 0x36, 0x01, 0x00, 0x00, 0x32, 0x23, 0x00, 0x00, 0x00, 0x00, 0x00,
    0x00, 0x11, 0x22, 0x26, 0x01, 0x00, 0x21, 0x23, 0x12, 0x00, 0x00, 0x00, 0x00, 0x00, 0x10, 0x32,
    0x62, 0x14, 0x02, 0x22, 0x22, 0x11, 0x01, 0x00, 0x00, 0x00, 0x00, 0x00, 0x11, 0x21, 0x44, 0x12,
    0x10, 0x42, 0x55, 0x12, 0x00, 0x00, 0x00, 0x00, 0x00, 0x20, 0x22, 0x22, 0x22, 0x01, 0x11, 0x42,
    0x26, 0x01, 0x00, 0x00, 0x00, 0x00, 0x20, 0x22, 0x21, 0x22, 0x22, 0x00, 0x11, 0x22, 0x12, 0x00,
    0x00, 0x00, 0x00, 0x00, 0x22, 0x33, 0x22, 0x22, 0x02, 0x00, 0x11, 0x01, 0x00, 0x00, 0x00, 0x00,
    0x00, 0x20, 0x32, 0x44, 0x23, 0x02, 0x00, 0x00, 0x00, 0x00, 0x00, 0x00, 0x00, 0x00, 0x00, 0x20,
    0x22, 0x22, 0x02, 0x00, 0x00, 0x00, 0x00, 0x00, 0x00, 0x00, 0x00, 0x00, 0x00, 0x10, 0x11, 0x01,
    0x00, 0x00, 0x00, 0x00, 0x00, 0x00, 0x00, 0x00,
};

static const uint8_t game_sprite_sposd1[696] = {
    0x00, 0x00, 0x00, 0x00, 0x00, 0x50, 0x44, 0x78, 0x00, 0x00, 0x00, 0x00, 0x00, 0x00, 0x00, 0x00,
    0x00, 0x00, 0x00, 0x50, 0x43, 0x73, 0x68, 0x00, 0x00, 0x00, 0x00, 0x00, 0x00, 0x00, 0x00, 0x00,
    0x00, 0x00, 0x44, 0x33, 0x9a, 0x66, 0x00, 0x00, 0x00, 0x00, 0x00, 0x00, 0x00, 0x00, 0x00, 0x00,
    0x43, 0x44, 0x63, 0x97, 0x27, 0x00, 0x00, 0x00, 0x00, 0x00, 0x00, 0x00, 0x00, 0x00, 0x20, 0x84,
    0x59, 0xa6, 0x9a, 0x02, 0x00, 0x00, 0x00, 0x00, 0x00, 0x00, 0x00, 0x00, 0x00, 0x42, 0x22, 0x46,
    0x22, 0x25, 0x00, 0x00, 0x00, 0x00, 0x00, 0x00, 0x00, 0x00, 0x00, 0x20, 0x52, 0x77, 0x73, 0x28,
    0x02, 0x00, 0x00, 0x00, 0x00, 0x00, 0x00, 0x00, 0x00, 0x00, 0x32, 0x84, 0x33, 0x37, 0x12, 0x00,
    0x00, 0x00, 0x00, 0x00, 0x00, 0x00, 0x00, 0x00, 0x20, 0x42, 0x23, 0x32, 0x13, 0x22, 0x00, 0x00,
    0x00, 0x00, 0x00, 0x00, 0x00, 0x20, 0x65, 0x21, 0x22, 0x12, 0x22, 0x12, 0x52, 0x02, 0x00, 0x00,
    0x00, 0x00, 0x00, 0x20, 0x21, 0x15, 0x22, 0x22, 0x22, 0x23, 0x21, 0x27, 0x01, 0x00, 0x00, 0x00,
    0x00, 0x00, 0x32, 0x22, 0x21, 0x42, 0x22, 0x23, 0x12, 0x43, 0x25, 0x00, 0x00, 0x00, 0x00, 0x00,
    0x20, 0x56, 0x21, 0x21, 0x22, 0x22, 0x22, 0x21, 0x62, 0x02, 0x00, 0x00, 0x00, 0x00, 0x00, 0x21,
    0x33, 0x12, 0x22, 0x23, 0x22, 0x11, 0x22, 0x14, 0x00, 0x00, 0x00, 0x00, 0x00, 0x12, 0x11, 0x21,
    0x12, 0x22, 0x12, 0x21, 0x12, 0x22, 0x12, 0x00, 0x00, 0x00, 0x00, 0x22, 0xa6, 0x26, 0x22, 0x52,
    0x24, 0x44, 0x12, 0x21, 0x64, 0x15, 0x00, 0x00, 0x00, 0x10, 0x83, 0x89, 0x13, 0x41, 0x24, 0x32,
    0x53, 0x12, 0x22, 0x34, 0x01, 0x00, 0x00, 0x00, 0x21, 0x86, 0x36, 0x21, 0x12, 0x22, 0x12, 0x32,
    0x12, 0x21, 0x11, 0x00, 0x00, 0x00, 0x10, 0x42, 0x45, 0x22, 0x12, 0x43, 0x32, 0x14, 0x11, 0x21,
    0x34, 0x02, 0x00, 0x00, 0x00, 0x21, 0x34, 0x21, 0x20, 0x22, 0x11, 0x21, 0x23, 0x11, 0x72, 0x49,
    0x00, 0x00, 0x00, 0x10, 0x32, 0x22, 0x00, 0x12, 0x11, 0x21, 0x11, 0x12, 0x21, 0x75, 0x24, 0x00,
    0x00, 0x00, 0x11, 0x52, 0x23, 0x11, 0x32, 0x13, 0x22, 0x12, 0x02, 0x21, 0x22, 0x02, 0x00, 0x00,
    0x10, 0x52, 0x8a, 0x13, 0x11, 0x21, 0x22, 0x12, 0x11, 0x10, 0x11, 0x11, 0x00, 0x00, 0x00, 0x10,
    0x84, 0x59, 0x21, 0x12, 0x11, 0x11, 0x21, 0x01, 0x80, 0x8a, 0x00, 0x00, 0x00, 0x00, 0x21, 0x53,
    0x27, 0x33, 0x22, 0x33, 0x32, 0x13, 0x00, 0xba, 0x0a, 0x00, 0x00, 0x00, 0x00, 0x21, 0x42, 0x31,
    0x22, 0x11, 0x11, 0x11, 0x01, 0x20, 0x22, 0x14, 0x11, 0x00, 0x00, 0x00, 0x12, 0x31, 0x21, 0x12,
    0x11, 0x11, 0x21, 0x32, 0x54, 0x66, 0x00, 0x00, 0x00, 0x00, 0x00, 0x86, 0xad, 0x35, 0x01, 0x10,
    0x32, 0x02, 0x60, 0x45, 0x00, 0x00, 0x00, 0x00, 0x00, 0x20, 0xb5, 0x8a, 0x14, 0x00, 0x11, 0x11,
    0x00, 0x00, 0x00, 0x00, 0x00, 0x00, 0x00, 0x20, 0x22, 0xaa, 0x38, 0x01, 0x10, 0x11, 0x02, 0x00,
    0x00, 0x00, 0x00, 0x00, 0x00, 0x22, 0x22, 0x82, 0x58, 0x11, 0x00, 0x11, 0x11, 0x00, 0x00, 0x00,
    0x00, 0x00, 0x00, 0x22, 0x32, 0x12, 0x11, 0x11, 0x00, 0x20, 0x43, 0x03, 0x00, 0x00, 0x00, 0x00,
    0x00, 0x22, 0x32, 0x12, 0x11, 0x22, 0x02, 0x00, 0x42, 0x46, 0x00, 0x00, 0x00, 0x00, 0x20, 0x22,
    0x11, 0x11, 0x22, 0x44, 0x12, 0x00, 0x10, 0x22, 0x02, 0x00, 0x00, 0x00, 0x00, 0x00, 0x00, 0x00,
    0x00, 0x11, 0x12, 0x01, 0x00, 0x22, 0x42, 0x00, 0x00, 0x00, 0x00, 0x00, 0x00, 0x00, 0x00, 0x10,
    0x44, 0x22, 0x00, 0x20, 0x11, 0x22, 0x00, 0x00, 0x00, 0x00, 0x00, 0x00, 0x00, 0x00, 0x51, 0x23,
    0x00, 0x00, 0x21, 0x62, 0x02, 0x00, 0x00, 0x00, 0x00, 0x00, 0x00, 0x00, 0x10, 0x42, 0x02, 0x00,
    0x10, 0x22, 0x21, 0x00, 0x00, 0x00, 0x00, 0x00, 0x00, 0x00, 0x00, 0x40, 0x33, 0x02, 0x00, 0x21,
    0x62, 0x22, 0x00, 0x00, 0x00, 0x00, 0x00, 0x00, 0x00, 0x00, 0x32, 0x55, 0x02, 0x21, 0x22, 0x22,
    0x01, 0x00, 0x00, 0x00, 0x00, 0x00, 0x00, 0x00, 0x10, 0x31, 0x25, 0x10, 0x22, 0x11, 0x12, 0x00,
    0x00, 0x00, 0x00, 0x00, 0x00, 0x00, 0x00, 0x32, 0x43, 0x02, 0x21, 0x21, 0x12, 0x21, 0x00, 0x00,
    0x00, 0x00, 0x00, 0x00, 0x00, 0x10, 0x22, 0x23, 0x10, 0x11, 0x11, 0x11, 0x01, 0x00, 0x00, 0x00,
    0x00, 0x00, 0x00, 0x00, 0x21, 0x22, 0x12, 0x11, 0x32, 0x34, 0x12, 0x00, 0x00, 0x00, 0x00, 0x00,
    0x00, 0x00, 0x10, 0x11, 0x22, 0x11, 0x11, 0x32, 0x22, 0x00, 0x00, 0x00, 0x00, 0x00, 0x00, 0x00,
    0x20, 0x78, 0x45, 0x12, 0x00, 0x10, 0x01, 0x00, 0x00, 0x00, 0x00, 0x00, 0x00, 0x00, 0x00, 0x31,
    0x22, 0x12, 0x01, 0x00, 0x00, 0x00, 0x00, 0x00, 0x00, 0x00, 0x00, 0x00, 0x00, 0x20, 0x11, 0x11,
    0x11, 0x00, 0x00, 0x00, 0x00, 0x00, 0x00, 0x00,
};

static const uint8_t game_sprite_spose1[480] = {
    0x00, 0x00, 0x84, 0x77, 0x07, 0x00, 0x00, 0x00, 0x00, 0x00, 0x00, 0x30, 0x74, 0xa8, 0x77, 0x00,
    0x00, 0x00, 0x00, 0x00, 0x00, 0x33, 0xa4, 0x69, 0x99, 0x00, 0x00, 0x00, 0x00, 0x00, 0x00, 0x34,
    0x65, 0x77, 0x42, 0x02, 0x00, 0x00, 0x00, 0x00, 0x00, 0x59, 0x64, 0x9a, 0x22, 0x01, 0x00, 0x00,
    0x00, 0x00, 0x00, 0x62, 0x44, 0x52, 0x12, 0x11, 0x00, 0x00, 0x00, 0x00, 0x00, 0x77, 0x35, 0x27,
    0x22, 0x41, 0x00, 0x00, 0x00, 0x00, 0x00, 0x26, 0x22, 0x35, 0x12, 0x72, 0x01, 0x00, 0x00, 0x00,
    0x00, 0x22, 0x24, 0x22, 0x12, 0x54, 0x01, 0x00, 0x00, 0x00, 0x00, 0x22, 0x12, 0x22, 0x12, 0x21,
    0x25, 0x00, 0x00, 0x00, 0x00, 0x22, 0x23, 0x22, 0x12, 0x41, 0x22, 0x01, 0x00, 0x00, 0x20, 0x22,
    0x22, 0x22, 0x12, 0x41, 0x11, 0x01, 0x00, 0x00, 0x20, 0x22, 0x24, 0x32, 0x12, 0x22, 0x52, 0x02,
    0x00, 0x00, 0x20, 0x24, 0x22, 0x22, 0x41, 0x12, 0x85, 0x25, 0x00, 0x00, 0x20, 0x13, 0x22, 0x12,
    0x21, 0x12, 0x22, 0x12, 0x00, 0x00, 0x22, 0x22, 0x31, 0x42, 0x12, 0x52, 0x41, 0x14, 0x00, 0x00,
    0x12, 0x12, 0x11, 0x11, 0x11, 0x64, 0x52, 0x14, 0x00, 0x00, 0x42, 0x11, 0x01, 0x11, 0x12, 0x42,
    0x22, 0x01, 0x00, 0x00, 0x62, 0x14, 0x02, 0x10, 0x11, 0x11, 0x11, 0x01, 0x00, 0x00, 0x82, 0x22,
    0x02, 0x10, 0x11, 0x42, 0x23, 0x01, 0x00, 0x00, 0x41, 0x21, 0x02, 0x21, 0x11, 0x74, 0x22, 0x21,
    0x00, 0x00, 0x12, 0x22, 0x14, 0x11, 0x11, 0x23, 0x11, 0x11, 0x00, 0x00, 0x11, 0x21, 0x24, 0x42,
    0x23, 0x12, 0x32, 0x12, 0x01, 0x00, 0x31, 0x21, 0x12, 0x71, 0x15, 0x11, 0x11, 0x12, 0x01, 0x00,
    0x40, 0x21, 0x22, 0x85, 0x14, 0x21, 0x42, 0x24, 0x01, 0x00, 0x40, 0x22, 0x13, 0x76, 0x14, 0x11,
    0x11, 0x11, 0x01, 0x00, 0x20, 0x22, 0x65, 0x68, 0x00, 0x11, 0x43, 0x23, 0x01, 0x00, 0x00, 0x21,
    0x54, 0x05, 0x00, 0x11, 0x42, 0x23, 0x01, 0x00, 0x00, 0x11, 0x11, 0x01, 0x00, 0x10, 0x11, 0x11,
    0x01, 0x00, 0x00, 0x21, 0x22, 0x02, 0x00, 0x10, 0x21, 0x12, 0x01, 0x00, 0x00, 0x21, 0x11, 0x01,
    0x00, 0x10, 0x11, 0x11, 0x01, 0x00, 0x00, 0x21, 0x22, 0x00, 0x00, 0x00, 0x22, 0x12, 0x01, 0x00,
    0x00, 0x11, 0x21, 0x00, 0x00, 0x00, 0x53, 0x12, 0x00, 0x00, 0x00, 0x22, 0x22, 0x02, 0x00, 0x00,
    0x21, 0x22, 0x02, 0x00, 0x00, 0x42, 0x22, 0x02, 0x00, 0x00, 0x21, 0x52, 0x02, 0x00, 0x00, 0x22,
    0x22, 0x03, 0x00, 0x00, 0x42, 0x63, 0x02, 0x00, 0x00, 0x42, 0x22, 0x04, 0x00, 0x00, 0x21, 0x52,
    0x05, 0x00, 0x00, 0x21, 0x22, 0x05, 0x00, 0x00, 0x31, 0x44, 0x07, 0x00, 0x00, 0x31, 0x22, 0x04,
    0x00, 0x00, 0x21, 0x22, 0x28, 0x00, 0x00, 0x21, 0x22, 0x13, 0x00, 0x00, 0x11, 0x22, 0x24, 0x00,
    0x00, 0x21, 0x11, 0x12, 0x00, 0x00, 0x21, 0x34, 0x23, 0x02, 0x10, 0x43, 0x12, 0x22, 0x00, 0x00,
    0x11, 0x22, 0x22, 0x01, 0x21, 0x75, 0x46, 0x22, 0x00, 0x00, 0x21, 0x43, 0x22, 0x01, 0x22, 0x32,
    0x34, 0x22, 0x00, 0x00, 0x21, 0x22, 0x22, 0x01, 0x11, 0x11, 0x11, 0x01, 0x00, 0x00, 0x32, 0x55,
    0x24, 0x22, 0x00, 0x00, 0x00, 0x00, 0x00, 0x10, 0x42, 0x44, 0x23, 0x22, 0x00, 0x00, 0x00, 0x00,
    0x00, 0x10, 0x21, 0x22, 0x12, 0x01, 0x00, 0x00, 0x00, 0x00, 0x00, 0x00, 0x11, 0x11, 0x01, 0x00,
};

static const uint8_t game_sprite_sposf1[528] = {
    0x00, 0x00, 0x00, 0x45, 0x84, 0x77, 0x00, 0x00, 0x00, 0x00, 0x00, 0x00, 0x00, 0x50, 0x74, 0x98,
    0x68, 0x07, 0x00, 0x00, 0x00, 0x00, 0x00, 0x00, 0x40, 0x96, 0xa8, 0x69, 0x06, 0x00, 0x00, 0x00,
    0x00, 0x00, 0x00, 0x54, 0x98, 0x65, 0x97, 0x27, 0x00, 0x00, 0x00, 0x00, 0x00, 0x00, 0x64, 0xbb,
    0x64, 0xaa, 0x29, 0x00, 0x00, 0x00, 0x00, 0x00, 0x00, 0x64, 0x32, 0x44, 0x22, 0x25, 0x00, 0x00,
    0x00, 0x00, 0x00, 0x00, 0x63, 0x99, 0x35, 0x87, 0x22, 0x02, 0x00, 0x00, 0x00, 0x00, 0x00, 0x52,
    0x96, 0x34, 0x37, 0x22, 0x25, 0x00, 0x00, 0x00, 0x00, 0x00, 0x40, 0x45, 0x24, 0x23, 0x21, 0x67,
    0x02, 0x00, 0x00, 0x00, 0x00, 0x20, 0x22, 0x11, 0x22, 0x21, 0x35, 0x22, 0x00, 0x00, 0x00, 0x00,
    0x22, 0x65, 0x22, 0x22, 0x51, 0x49, 0x22, 0x00, 0x00, 0x00, 0x00, 0x33, 0x96, 0x22, 0x22, 0x41,
    0x6b, 0x22, 0x00, 0x00, 0x00, 0x10, 0x22, 0x42, 0x22, 0x22, 0x21, 0x66, 0x22, 0x00, 0x00, 0x00,
    0x20, 0x43, 0x93, 0x25, 0x12, 0x43, 0x22, 0x22, 0x00, 0x00, 0x00, 0x30, 0x77, 0x53, 0x25, 0x11,
    0x95, 0x12, 0x22, 0x00, 0x00, 0x00, 0x51, 0x46, 0x02, 0x45, 0x22, 0x44, 0x24, 0x22, 0x00, 0x00,
    0x00, 0x31, 0x23, 0x01, 0x44, 0x22, 0x23, 0x13, 0x22, 0x00, 0x00, 0x00, 0x21, 0x11, 0x01, 0x22,
    0x42, 0x48, 0x12, 0x12, 0x00, 0x00, 0x00, 0x32, 0x22, 0x01, 0x54, 0x83, 0x59, 0x11, 0x12, 0x00,
    0x00, 0x00, 0x54, 0x22, 0x01, 0x30, 0x95, 0x38, 0x21, 0x12, 0x00, 0x00, 0x10, 0x34, 0x43, 0x02,
    0x10, 0x74, 0x25, 0x21, 0x11, 0x00, 0x00, 0x10, 0x93, 0x9e, 0x69, 0x72, 0x27, 0x11, 0x11, 0x11,
    0x01, 0x00, 0x20, 0xd3, 0xdd, 0x9b, 0x94, 0x49, 0x11, 0x31, 0x12, 0x01, 0x00, 0x30, 0xf4, 0xff,
    0xbf, 0x84, 0x47, 0x11, 0x23, 0x12, 0x01, 0x00, 0x30, 0xf8, 0xff, 0x9e, 0x74, 0x45, 0x21, 0x56,
    0x24, 0x01, 0x00, 0x54, 0xe9, 0xed, 0x9e, 0x54, 0x12, 0x11, 0x36, 0x12, 0x01, 0x00, 0x55, 0x99,
    0xee, 0x9e, 0x23, 0x00, 0x11, 0x77, 0x24, 0x01, 0x00, 0x00, 0x75, 0x78, 0x57, 0x00, 0x00, 0x11,
    0x75, 0x24, 0x01, 0x00, 0x00, 0x60, 0x44, 0x44, 0x01, 0x00, 0x10, 0x43, 0x12, 0x01, 0x00, 0x00,
    0x00, 0x21, 0x22, 0x01, 0x00, 0x10, 0x43, 0x12, 0x01, 0x00, 0x00, 0x00, 0x21, 0x11, 0x00, 0x00,
    0x10, 0x21, 0x11, 0x01, 0x00, 0x00, 0x00, 0x21, 0x22, 0x00, 0x00, 0x00, 0x33, 0x12, 0x01, 0x00,
    0x00, 0x00, 0x21, 0x22, 0x00, 0x00, 0x00, 0x76, 0x13, 0x00, 0x00, 0x00, 0x00, 0x73, 0x23, 0x00,
    0x00, 0x00, 0x46, 0x22, 0x02, 0x00, 0x00, 0x00, 0x83, 0x24, 0x00, 0x00, 0x00, 0x56, 0x52, 0x02,
    0x00, 0x00, 0x00, 0x63, 0x25, 0x00, 0x00, 0x00, 0x65, 0x64, 0x02, 0x00, 0x00, 0x10, 0x72, 0x35,
    0x01, 0x00, 0x00, 0x73, 0x54, 0x05, 0x00, 0x00, 0x10, 0x62, 0x25, 0x02, 0x00, 0x00, 0x83, 0x46,
    0x07, 0x00, 0x00, 0x20, 0x52, 0x24, 0x02, 0x00, 0x00, 0x83, 0x35, 0x28, 0x00, 0x00, 0x10, 0x32,
    0x22, 0x14, 0x00, 0x00, 0x52, 0x25, 0x24, 0x00, 0x00, 0x10, 0x33, 0x12, 0x13, 0x00, 0x00, 0x41,
    0x46, 0x23, 0x02, 0x00, 0x50, 0x78, 0x35, 0x22, 0x00, 0x00, 0x31, 0x23, 0x22, 0x01, 0x00, 0x72,
    0x88, 0x68, 0x22, 0x00, 0x00, 0x21, 0x44, 0x22, 0x01, 0x00, 0x32, 0x33, 0x44, 0x22, 0x00, 0x00,
    0x42, 0x44, 0x22, 0x01, 0x00, 0x11, 0x11, 0x11, 0x02, 0x00, 0x00, 0x96, 0x79, 0x24, 0x22, 0x00,
    0x00, 0x00, 0x00, 0x00, 0x00, 0x20, 0x43, 0x44, 0x23, 0x22, 0x00, 0x00, 0x00, 0x00, 0x00, 0x00,
    0x10, 0x21, 0x22, 0x12, 0x01, 0x00, 0x00, 0x00, 0x00, 0x00, 0x00, 0x00, 0x11, 0x11, 0x01, 0x00,
};

static const uint8_t game_sprite_sposg1[648] = {
    0x00, 0x00, 0x00, 0x00, 0x00, 0x21, 0x13, 0x00, 0x00, 0x00, 0x00, 0x00, 0x00, 0x00, 0x00, 0x00,
    0x40, 0x00, 0x31, 0x63, 0x15, 0x00, 0x00, 0x00, 0x00, 0x00, 0x00, 0x00, 0x00, 0x00, 0x04, 0x41,
    0x32, 0x48, 0x16, 0x50, 0x00, 0x00, 0x00, 0x00, 0x00, 0x00, 0x40, 0x00, 0x40, 0x33, 0x43, 0x95,
    0x03, 0x00, 0x00, 0x00, 0x00, 0x00, 0x00, 0x00, 0x00, 0x00, 0x34, 0x43, 0x93, 0x48, 0x02, 0x00,
    0x00, 0x00, 0x00, 0x00, 0x00, 0x00, 0x10, 0x32, 0x34, 0x33, 0x8a, 0x24, 0x22, 0x00, 0x00, 0x00,
    0x00, 0x00, 0x00, 0x11, 0x22, 0x42, 0x33, 0x86, 0x36, 0x41, 0x15, 0x00, 0x00, 0x00, 0x00, 0x00,
    0x10, 0x34, 0x22, 0x33, 0x53, 0x44, 0x12, 0x85, 0x12, 0x00, 0x00, 0x00, 0x00, 0x10, 0x42, 0x35,
    0x11, 0x22, 0x25, 0x11, 0x31, 0x25, 0x25, 0x00, 0x00, 0x00, 0x00, 0x11, 0x22, 0x14, 0x51, 0x46,
    0x14, 0x21, 0x32, 0x42, 0x11, 0x00, 0x00, 0x00, 0x30, 0x33, 0x12, 0x11, 0x21, 0x24, 0x11, 0x12,
    0x51, 0x44, 0x12, 0x00, 0x00, 0x10, 0x11, 0x11, 0x11, 0x41, 0x21, 0x14, 0x22, 0x13, 0x34, 0x12,
    0x02, 0x00, 0x00, 0x11, 0x11, 0x11, 0x11, 0x22, 0x12, 0x11, 0x22, 0x11, 0x12, 0x52, 0x01, 0x00,
    0x10, 0x48, 0x12, 0x12, 0x12, 0x42, 0x21, 0x11, 0x11, 0x10, 0x21, 0x34, 0x00, 0x00, 0x51, 0x14,
    0x10, 0x11, 0x12, 0x21, 0x11, 0x11, 0x01, 0x10, 0x21, 0x12, 0x00, 0x12, 0x22, 0x01, 0x20, 0x13,
    0x42, 0x21, 0x12, 0x11, 0x00, 0x10, 0x11, 0x01, 0x10, 0x11, 0x11, 0x00, 0x22, 0x11, 0x11, 0x11,
    0x11, 0x00, 0x10, 0x11, 0x21, 0x11, 0x52, 0x12, 0x00, 0x10, 0x21, 0x12, 0x22, 0x22, 0x22, 0x11,
    0x51, 0x88, 0x06, 0x21, 0x44, 0x01, 0x00, 0x21, 0x21, 0x23, 0x11, 0x11, 0x11, 0x00, 0x86, 0x49,
    0x20, 0x42, 0x12, 0x00, 0x10, 0x33, 0x12, 0x21, 0x22, 0x22, 0x02, 0x40, 0x66, 0x03, 0x20, 0x23,
    0x00, 0x10, 0x23, 0x11, 0x11, 0x11, 0x11, 0x21, 0x00, 0x30, 0x02, 0x00, 0x22, 0x01, 0x00, 0x21,
    0x22, 0x21, 0x21, 0x22, 0x33, 0x02, 0x00, 0x00, 0x00, 0x10, 0x12, 0x00, 0x33, 0x12, 0x11, 0x11,
    0x11, 0x11, 0x01, 0x00, 0x00, 0x00, 0x00, 0x11, 0x01, 0x22, 0x11, 0x11, 0x01, 0x11, 0x32, 0x44,
    0x01, 0x00, 0x00, 0x00, 0x60, 0x9b, 0x15, 0x12, 0x11, 0x01, 0x00, 0x11, 0x52, 0x14, 0x00, 0x00,
    0x00, 0x00, 0xa6, 0x26, 0x21, 0x11, 0x01, 0x00, 0x10, 0x11, 0x11, 0x01, 0x00, 0x00, 0x00, 0x42,
    0x37, 0x22, 0x12, 0x11, 0x00, 0x00, 0x10, 0x21, 0x13, 0x00, 0x00, 0x00, 0x20, 0x22, 0x22, 0x11,
    0x12, 0x00, 0x00, 0x00, 0x11, 0x11, 0x01, 0x00, 0x00, 0x00, 0x22, 0x12, 0x11, 0x11, 0x01, 0x00,
    0x00, 0x10, 0x21, 0x13, 0x00, 0x00, 0x00, 0x00, 0x12, 0x00, 0x21, 0x12, 0x00, 0x00, 0x00, 0x11,
    0x11, 0x01, 0x00, 0x00, 0x00, 0x00, 0x00, 0x10, 0x53, 0x01, 0x00, 0x00, 0x00, 0x21, 0x12, 0x00,
    0x00, 0x00, 0x00, 0x00, 0x20, 0x22, 0x02, 0x00, 0x00, 0x00, 0x10, 0x21, 0x01, 0x00, 0x00, 0x00,
    0x00, 0x00, 0x42, 0x24, 0x00, 0x00, 0x00, 0x00, 0x11, 0x11, 0x01, 0x00, 0x00, 0x00, 0x00, 0x22,
    0x23, 0x02, 0x00, 0x00, 0x00, 0x10, 0x21, 0x24, 0x00, 0x00, 0x00, 0x00, 0x20, 0x74, 0x22, 0x00,
    0x00, 0x00, 0x00, 0x10, 0x24, 0x22, 0x00, 0x00, 0x00, 0x00, 0x21, 0x22, 0x03, 0x00, 0x00, 0x00,
    0x00, 0x31, 0x42, 0x02, 0x00, 0x00, 0x00, 0x20, 0x44, 0x41, 0x00, 0x00, 0x00, 0x00, 0x10, 0x22,
    0x22, 0x01, 0x00, 0x00, 0x00, 0x21, 0x12, 0x03, 0x00, 0x00, 0x00, 0x00, 0x21, 0x22, 0x11, 0x00,
    0x00, 0x20, 0x94, 0x47, 0x12, 0x01, 0x00, 0x00, 0x00, 0x11, 0x61, 0x58, 0x12, 0x00, 0x10, 0x42,
    0x65, 0x66, 0x12, 0x00, 0x00, 0x00, 0x10, 0x31, 0x44, 0x23, 0x01, 0x00, 0x21, 0x21, 0x32, 0x44,
    0x22, 0x00, 0x00, 0x00, 0x21, 0x12, 0x21, 0x12, 0x00, 0x10, 0x11, 0x11, 0x21, 0x22, 0x02, 0x00,
    0x00, 0x10, 0x12, 0x11, 0x11, 0x01, 0x00, 0x20, 0x22, 0x11, 0x11, 0x11, 0x00, 0x00, 0x00, 0x11,
    0x31, 0x33, 0x12, 0x00, 0x00, 0x21, 0x87, 0x47, 0x11, 0x01, 0x00, 0x00, 0x10, 0x21, 0x64, 0x46,
    0x02, 0x00, 0x00, 0x21, 0x65, 0x44, 0x01, 0x00, 0x00, 0x00, 0x11, 0x52, 0x66, 0x23, 0x00, 0x00,
    0x00, 0x20, 0x11, 0x01, 0x00, 0x00, 0x00, 0x00, 0x21, 0x22, 0x11, 0x01, 0x00, 0x00, 0x00, 0x00,
    0x00, 0x00, 0x00, 0x00, 0x00, 0x10, 0x21, 0x11, 0x01, 0x00, 0x00, 0x00, 0x00, 0x00, 0x00, 0x00,
    0x00, 0x00, 0x00, 0x10, 0x11, 0x00, 0x00, 0x00,
};

static const uint8_t game_sprite_sposh0[624] = {
    0x00, 0x00, 0x00, 0x00, 0x00, 0x10, 0x22, 0x01, 0x00, 0x00, 0x00, 0x00, 0x00, 0x00, 0x00, 0x00,
    0x00, 0x00, 0x31, 0x73, 0x15, 0x00, 0x00, 0x00, 0x00, 0x00, 0x00, 0x00, 0x00, 0x00, 0x20, 0x33,
    0x43, 0x54, 0x02, 0x00, 0x00, 0x00, 0x00, 0x00, 0x00, 0x00, 0x00, 0x40, 0x33, 0x43, 0x95, 0x03,
    0x00, 0x00, 0x00, 0x00, 0x00, 0x00, 0x00, 0x20, 0x42, 0x33, 0x34, 0x89, 0x04, 0x00, 0x00, 0x00,
    0x00, 0x00, 0x00, 0x00, 0x41, 0x33, 0x34, 0x93, 0x8a, 0x14, 0x11, 0x00, 0x00, 0x00, 0x00, 0x00,
    0x10, 0x12, 0x26, 0x33, 0x63, 0x44, 0x12, 0x58, 0x11, 0x00, 0x00, 0x00, 0x00, 0x31, 0x17, 0x12,
    0x21, 0x32, 0x12, 0x11, 0x47, 0x25, 0x00, 0x00, 0x00, 0x20, 0x21, 0x45, 0x11, 0x51, 0x46, 0x14,
    0x11, 0x35, 0x25, 0x01, 0x00, 0x00, 0x20, 0x12, 0x22, 0x12, 0x21, 0x32, 0x22, 0x12, 0x22, 0x24,
    0x11, 0x00, 0x00, 0x51, 0x78, 0x12, 0x41, 0x41, 0x11, 0x14, 0x12, 0x11, 0x11, 0x64, 0x01, 0x00,
    0x62, 0x6a, 0x11, 0x41, 0x21, 0x22, 0x11, 0x22, 0x11, 0x21, 0x42, 0x11, 0x00, 0x62, 0x46, 0x11,
    0x12, 0x12, 0x12, 0x21, 0x21, 0x02, 0x11, 0x11, 0x12, 0x00, 0x32, 0x24, 0x10, 0x14, 0x21, 0x11,
    0x12, 0x11, 0x01, 0x00, 0x11, 0x27, 0x10, 0x21, 0x12, 0x00, 0x30, 0x11, 0x22, 0x11, 0x51, 0x00,
    0x00, 0x21, 0x29, 0x10, 0x11, 0x01, 0x00, 0x10, 0x22, 0x12, 0x22, 0x41, 0x00, 0x00, 0x21, 0x28,
    0x21, 0x12, 0x01, 0x00, 0x20, 0x11, 0x11, 0x11, 0x02, 0x00, 0x00, 0x10, 0x36, 0x41, 0x25, 0x00,
    0x00, 0x20, 0x22, 0x22, 0x21, 0x02, 0x00, 0x00, 0x10, 0x35, 0x41, 0x16, 0x00, 0x00, 0x45, 0x23,
    0x20, 0x22, 0x02, 0x00, 0x00, 0x00, 0x23, 0x21, 0x15, 0x00, 0x00, 0x33, 0x04, 0x23, 0x22, 0x02,
    0x00, 0x00, 0x00, 0x22, 0x21, 0x14, 0x00, 0x00, 0x20, 0x02, 0x23, 0x22, 0x02, 0x00, 0x00, 0x00,
    0x11, 0x10, 0x13, 0x00, 0x00, 0x20, 0x42, 0x21, 0x22, 0x02, 0x00, 0x00, 0x00, 0x11, 0x00, 0x12,
    0x00, 0x00, 0x22, 0x22, 0x25, 0x11, 0x13, 0x00, 0x00, 0x60, 0x67, 0x00, 0x11, 0x00, 0x10, 0x11,
    0x22, 0x30, 0x11, 0x11, 0x00, 0x00, 0x64, 0x44, 0x00, 0x11, 0x00, 0x21, 0x12, 0x02, 0x40, 0x21,
    0x24, 0x01, 0x00, 0x64, 0x04, 0x00, 0x66, 0x05, 0x11, 0x11, 0x03, 0x00, 0x11, 0x11, 0x01, 0x00,
    0x50, 0x00, 0x00, 0x87, 0x47, 0x11, 0x11, 0x00, 0x00, 0x11, 0x11, 0x11, 0x00, 0x00, 0x00, 0x00,
    0x44, 0x14, 0x44, 0x11, 0x00, 0x00, 0x11, 0x32, 0x12, 0x00, 0x00, 0x00, 0x00, 0x00, 0x11, 0x11,
    0x11, 0x00, 0x00, 0x11, 0x11, 0x11, 0x00, 0x00, 0x00, 0x00, 0x00, 0x21, 0x23, 0x12, 0x11, 0x11,
    0x11, 0x11, 0x11, 0x00, 0x00, 0x00, 0x00, 0x12, 0x21, 0x11, 0x11, 0x00, 0x00, 0x20, 0x22, 0x12,
    0x00, 0x00, 0x11, 0x00, 0x21, 0x11, 0x11, 0x01, 0x00, 0x00, 0x20, 0x12, 0x11, 0x00, 0x00, 0x00,
    0x00, 0x21, 0x12, 0x11, 0x01, 0x00, 0x00, 0x10, 0x22, 0x12, 0x00, 0x00, 0x00, 0x11, 0x22, 0x11,
    0x11, 0x01, 0x00, 0x00, 0x10, 0x11, 0x11, 0x00, 0x00, 0x00, 0x11, 0x11, 0x11, 0x21, 0x02, 0x00,
    0x00, 0x00, 0x11, 0x21, 0x00, 0x00, 0x00, 0x00, 0x00, 0x11, 0x21, 0x02, 0x00, 0x00, 0x00, 0x20,
    0x13, 0x00, 0x00, 0x00, 0x00, 0x00, 0x31, 0x43, 0x02, 0x00, 0x00, 0x00, 0x10, 0x11, 0x00, 0x00,
    0x00, 0x00, 0x10, 0x21, 0x44, 0x01, 0x00, 0x00, 0x00, 0x10, 0x11, 0x00, 0x00, 0x00, 0x00, 0x21,
    0x22, 0x35, 0x01, 0x00, 0x00, 0x00, 0x21, 0x11, 0x01, 0x00, 0x00, 0x00, 0x42, 0x25, 0x24, 0x01,
    0x00, 0x00, 0x00, 0x21, 0x21, 0x01, 0x00, 0x00, 0x00, 0x11, 0x22, 0x22, 0x01, 0x00, 0x00, 0x00,
    0x21, 0x11, 0x11, 0x00, 0x00, 0x00, 0x32, 0x12, 0x22, 0x01, 0x00, 0x00, 0x00, 0x11, 0x32, 0x23,
    0x02, 0x00, 0x10, 0x11, 0x11, 0x15, 0x01, 0x00, 0x00, 0x20, 0x42, 0x44, 0x55, 0x14, 0x00, 0x10,
    0x43, 0x35, 0x12, 0x01, 0x00, 0x00, 0x20, 0x22, 0x22, 0x12, 0x11, 0x00, 0x00, 0x42, 0xa8, 0x12,
    0x01, 0x00, 0x00, 0x10, 0x11, 0x21, 0x12, 0x11, 0x00, 0x00, 0x11, 0x42, 0x13, 0x01, 0x00, 0x00,
    0x10, 0x21, 0x88, 0x36, 0x11, 0x00, 0x00, 0x00, 0x11, 0x01, 0x00, 0x00, 0x00, 0x00, 0x11, 0x22,
    0x12, 0x01, 0x00, 0x00, 0x00, 0x00, 0x00, 0x00, 0x00, 0x00, 0x00, 0x10, 0x11, 0x11, 0x00, 0x00,
};

static const uint8_t game_sprite_sposi0[744] = {
    0x00, 0x00, 0x00, 0x00, 0x00, 0x00, 0x50, 0x44, 0x84, 0x07, 0x00, 0x00, 0x00, 0x00, 0x00, 0x00,
    0x00, 0x00, 0x00, 0x00, 0x00, 0x50, 0x43, 0x43, 0x87, 0x00, 0x00, 0x00, 0x00, 0x00, 0x00, 0x00,
    0x00, 0x00, 0x00, 0x00, 0x00, 0x44, 0x33, 0xa4, 0x69, 0x00, 0x00, 0x00, 0x00, 0x00, 0x00, 0x00,
    0x00, 0x00, 0x00, 0x00, 0x40, 0x23, 0x53, 0x6a, 0x06, 0x00, 0x00, 0x00, 0x00, 0x00, 0x00, 0x00,
    0x00, 0x00, 0x00, 0x00, 0x44, 0x34, 0x65, 0x77, 0x02, 0x00, 0x00, 0x00, 0x00, 0x00, 0x00, 0x00,
    0x00, 0x00, 0x00, 0x40, 0x22, 0x46, 0x24, 0x25, 0x00, 0x00, 0x00, 0x00, 0x00, 0x00, 0x00, 0x00,
    0x00, 0x00, 0x00, 0x52, 0x77, 0x35, 0x27, 0x02, 0x00, 0x00, 0x00, 0x00, 0x00, 0x00, 0x00, 0x00,
    0x00, 0x10, 0x32, 0x84, 0x43, 0x73, 0x12, 0x00, 0x00, 0x00, 0x00, 0x00, 0x00, 0x00, 0x00, 0x00,
    0x10, 0x44, 0x42, 0x23, 0x24, 0x13, 0x21, 0x01, 0x00, 0x00, 0x00, 0x00, 0x00, 0x00, 0x00, 0x20,
    0x21, 0x26, 0x22, 0x21, 0x41, 0x21, 0x26, 0x11, 0x00, 0x00, 0x00, 0x00, 0x00, 0x00, 0x10, 0x67,
    0x21, 0x24, 0x22, 0x11, 0x22, 0x41, 0x21, 0x11, 0x00, 0x00, 0x00, 0x00, 0x00, 0x10, 0x11, 0x43,
    0x42, 0x44, 0x44, 0x32, 0x12, 0x12, 0x35, 0x01, 0x00, 0x00, 0x00, 0x00, 0x10, 0x34, 0x12, 0x22,
    0x42, 0x34, 0x54, 0x24, 0x23, 0x31, 0x22, 0x01, 0x00, 0x00, 0x00, 0x00, 0x91, 0x68, 0x12, 0x21,
    0x22, 0x42, 0x43, 0x12, 0x21, 0x12, 0x62, 0x00, 0x00, 0x00, 0x00, 0x61, 0x69, 0x12, 0x11, 0x11,
    0x22, 0x33, 0x13, 0x12, 0x11, 0x52, 0x26, 0x01, 0x00, 0x00, 0x20, 0x44, 0x23, 0x11, 0x22, 0x21,
    0x24, 0x32, 0x11, 0x01, 0x10, 0x22, 0x12, 0x00, 0x00, 0x10, 0x22, 0x22, 0x11, 0x11, 0x33, 0x32,
    0x23, 0x23, 0x32, 0x00, 0x10, 0x11, 0x01, 0x00, 0x10, 0x11, 0x11, 0x11, 0x10, 0x41, 0x31, 0x23,
    0x32, 0x22, 0x04, 0x00, 0x10, 0x11, 0x01, 0x00, 0x62, 0x11, 0x01, 0x00, 0x11, 0x23, 0x22, 0x22,
    0x22, 0x12, 0x00, 0x00, 0x81, 0x16, 0x00, 0x71, 0x17, 0x01, 0x00, 0x30, 0x23, 0x22, 0x22, 0x22,
    0x34, 0x03, 0x00, 0x10, 0x87, 0x02, 0x51, 0x49, 0x01, 0x00, 0x00, 0x00, 0x23, 0x32, 0x44, 0x03,
    0x00, 0x00, 0x00, 0x31, 0x26, 0x10, 0x75, 0x13, 0x00, 0x00, 0x00, 0x30, 0x33, 0x04, 0x33, 0x01,
    0x00, 0x06, 0x10, 0x42, 0x12, 0x21, 0x24, 0x01, 0x00, 0x00, 0x03, 0x43, 0x03, 0x00, 0x33, 0x34,
    0x40, 0x00, 0x10, 0x22, 0x11, 0x21, 0x11, 0x00, 0x00, 0x30, 0x24, 0x33, 0x30, 0x03, 0x45, 0x53,
    0x04, 0x00, 0x52, 0x45, 0x00, 0x82, 0xcb, 0x09, 0x21, 0x34, 0x00, 0x00, 0x00, 0x33, 0x32, 0x13,
    0x11, 0x91, 0xaa, 0x08, 0x80, 0x9a, 0x78, 0x10, 0x11, 0x11, 0x03, 0x00, 0x30, 0x40, 0x11, 0x42,
    0x12, 0x74, 0x67, 0x00, 0x87, 0x57, 0x00, 0x21, 0x23, 0x01, 0x00, 0x00, 0x00, 0x10, 0x11, 0x11,
    0x61, 0x55, 0x05, 0x50, 0x74, 0x00, 0x10, 0x11, 0x11, 0x00, 0x00, 0x00, 0x00, 0x21, 0x44, 0x12,
    0x00, 0x00, 0x00, 0x70, 0x00, 0x00, 0x21, 0x43, 0x01, 0x00, 0x00, 0x00, 0x10, 0x11, 0x11, 0x01,
    0x00, 0x00, 0x00, 0x00, 0x00, 0x10, 0x11, 0x11, 0x00, 0x00, 0x00, 0x10, 0x41, 0x45, 0x12, 0x00,
    0x00, 0x00, 0x00, 0x00, 0x00, 0x11, 0x22, 0x01, 0x00, 0x00, 0x00, 0x11, 0x11, 0x11, 0x01, 0x00,
    0x00, 0x00, 0x00, 0x00, 0x10, 0x11, 0x11, 0x01, 0x00, 0x00, 0x10, 0x32, 0x23, 0x01, 0x00, 0x00,
    0x00, 0x00, 0x00, 0x00, 0x11, 0x21, 0x12, 0x00, 0x00, 0x10, 0x11, 0x11, 0x11, 0x00, 0x00, 0x00,
    0x00, 0x00, 0x00, 0x00, 0x11, 0x11, 0x01, 0x00, 0x00, 0x11, 0x22, 0x11, 0x00, 0x00, 0x00, 0x00,
    0x10, 0x11, 0x11, 0x11, 0x21, 0x22, 0x22, 0x22, 0x11, 0x11, 0x11, 0x00, 0x00, 0x00, 0x00, 0x10,
    0x12, 0x11, 0x21, 0x11, 0x11, 0x21, 0x11, 0x11, 0x11, 0x11, 0x11, 0x11, 0x01, 0x00, 0x10, 0x21,
    0x21, 0x22, 0x12, 0x11, 0x01, 0x00, 0x00, 0x10, 0x32, 0x21, 0x12, 0x10, 0x11, 0x11, 0x21, 0x22,
    0x23, 0x12, 0x11, 0x14, 0x00, 0x00, 0x00, 0x11, 0x11, 0x62, 0x01, 0x00, 0x00, 0x11, 0x11, 0x21,
    0x11, 0x11, 0x11, 0x00, 0x00, 0x00, 0x10, 0x32, 0x12, 0x24, 0x00, 0x00, 0x00, 0x11, 0x11, 0x11,
    0x11, 0x42, 0x05, 0x00, 0x00, 0x00, 0x11, 0x11, 0x41, 0x15, 0x00, 0x00, 0x00, 0x00, 0x10, 0x27,
    0x11, 0x11, 0x00, 0x00, 0x00, 0x10, 0x42, 0x12, 0x52, 0x02, 0x00, 0x00, 0x00, 0x10, 0x43, 0x22,
    0x74, 0x01, 0x00, 0x00, 0x00, 0x11, 0x11, 0x11, 0x54, 0x00, 0x00, 0x00, 0x00, 0x51, 0x22, 0x11,
    0x11, 0x00, 0x00, 0x00, 0x00, 0x21, 0x25, 0x31, 0x13, 0x00, 0x00, 0x00, 0x10, 0x41, 0x76, 0x56,
    0x05, 0x00, 0x00, 0x00, 0x21, 0x54, 0x44, 0x22, 0x11, 0x00, 0x00, 0x00, 0x21, 0x84, 0x9a, 0x25,
    0x00, 0x00, 0x00, 0x10, 0x52, 0x45, 0x24, 0x22, 0x01, 0x00, 0x00, 0x10, 0x11, 0x32, 0x22, 0x02,
    0x00, 0x00, 0x00, 0x21, 0x32, 0x24, 0x22, 0x11, 0x00, 0x00, 0x00, 0x10, 0x11, 0x11, 0x11, 0x00,
    0x00, 0x00, 0x10, 0x11, 0x21, 0x12, 0x11, 0x00, 0x00, 0x00, 0x00, 0x00, 0x00, 0x00, 0x00, 0x00,
    0x00, 0x00, 0x10, 0x11, 0x11, 0x11, 0x00, 0x00,
};

static const uint8_t game_sprite_sposj0[464] = {
    0x00, 0x00, 0x00, 0x00, 0x00, 0x00, 0x40, 0x77, 0x77, 0x00, 0x00, 0x00, 0x00, 0x00, 0x00, 0x00,
    0x00, 0x00, 0x00, 0x00, 0x00, 0x30, 0x43, 0x69, 0x96, 0x00, 0x00, 0x00, 0x00, 0x00, 0x00, 0x00,
    0x00, 0x00, 0x00, 0x00, 0x00, 0x20, 0x53, 0x66, 0x96, 0x02, 0x00, 0x00, 0x00, 0x00, 0x00, 0x00,
    0x00, 0x00, 0x00, 0x00, 0x00, 0x40, 0x53, 0x97, 0x27, 0x02, 0x00, 0x00, 0x00, 0x00, 0x00, 0x00,
    0x00, 0x00, 0x00, 0x00, 0x00, 0x21, 0x46, 0x22, 0x25, 0x21, 0x11, 0x21, 0x00, 0x00, 0x00, 0x00,
    0x00, 0x00, 0x00, 0x00, 0x11, 0x72, 0x57, 0x87, 0x22, 0x11, 0x12, 0x56, 0x01, 0x00, 0x00, 0x00,
    0x00, 0x00, 0x00, 0x00, 0x51, 0x62, 0x22, 0x35, 0x23, 0x11, 0x44, 0x7b, 0x11, 0x12, 0x00, 0x00,
    0x00, 0x00, 0x22, 0x21, 0x14, 0x21, 0x21, 0x24, 0x22, 0x11, 0x21, 0x12, 0x53, 0x25, 0xb6, 0x59,
    0x00, 0x20, 0x84, 0x11, 0x22, 0x21, 0x22, 0x22, 0x22, 0x13, 0x11, 0x11, 0x32, 0x22, 0x95, 0x7b,
    0x00, 0x21, 0x66, 0x13, 0x12, 0x11, 0x21, 0x22, 0x11, 0x32, 0x11, 0x11, 0x22, 0x12, 0x86, 0x7c,
    0x97, 0x5c, 0x21, 0x11, 0x02, 0x10, 0x21, 0x11, 0x12, 0x00, 0x00, 0x00, 0x00, 0x10, 0x55, 0x56,
    0xb6, 0x79, 0x12, 0x02, 0x00, 0x00, 0x11, 0x24, 0x01, 0x03, 0x00, 0x00, 0x00, 0x00, 0x33, 0x43,
    0x86, 0x45, 0x03, 0x00, 0x00, 0x30, 0x33, 0x00, 0x03, 0x00, 0x30, 0x03, 0x00, 0x00, 0x30, 0x03,
    0x00, 0x00, 0x00, 0x00, 0x00, 0x30, 0x00, 0x30, 0x30, 0x00, 0x03, 0x00, 0x00, 0x00, 0x00, 0x00,
    0x00, 0x00, 0x00, 0x00, 0x10, 0x43, 0x33, 0x03, 0x30, 0x00, 0x30, 0x33, 0x00, 0x00, 0x00, 0x00,
    0x00, 0x00, 0x00, 0x00, 0x21, 0x21, 0x44, 0x00, 0x03, 0x00, 0x40, 0x43, 0x00, 0x00, 0x00, 0x00,
    0x00, 0x00, 0x00, 0x00, 0x31, 0x15, 0x21, 0x00, 0x03, 0x00, 0x12, 0x13, 0x03, 0x00, 0x00, 0x00,
    0x00, 0x00, 0x00, 0x00, 0x22, 0x51, 0x22, 0x03, 0x00, 0x11, 0x23, 0x32, 0x05, 0x00, 0x00, 0x00,
    0x00, 0x00, 0x00, 0x00, 0x11, 0x13, 0x11, 0x03, 0x10, 0x22, 0x41, 0x21, 0x02, 0x00, 0x00, 0x00,
    0x00, 0x00, 0x00, 0x00, 0x11, 0x11, 0x42, 0x22, 0x32, 0x12, 0x11, 0x11, 0x01, 0x00, 0x00, 0x00,
    0x00, 0x00, 0x00, 0x00, 0x21, 0x15, 0x11, 0x12, 0x11, 0x12, 0x11, 0x11, 0x00, 0x00, 0x00, 0x00,
    0x00, 0x00, 0x00, 0x00, 0x64, 0x62, 0x12, 0x11, 0x11, 0x11, 0x01, 0x00, 0x00, 0x00, 0x00, 0x00,
    0x00, 0x00, 0x10, 0x52, 0x22, 0x25, 0x11, 0x00, 0x10, 0x11, 0x31, 0x24, 0x00, 0x00, 0x00, 0x00,
    0x00, 0x00, 0x20, 0x64, 0x11, 0x11, 0x01, 0x00, 0x00, 0x21, 0x23, 0x64, 0x01, 0x00, 0x00, 0x00,
    0x00, 0x21, 0x22, 0x22, 0x11, 0x11, 0x11, 0x00, 0x00, 0x11, 0x11, 0x41, 0x12, 0x00, 0x00, 0x00,
    0x11, 0x22, 0x22, 0x11, 0x22, 0x21, 0x11, 0x11, 0x11, 0x11, 0x11, 0x11, 0x32, 0x02, 0x00, 0x00,
    0x11, 0x11, 0x11, 0x11, 0x22, 0x02, 0x00, 0x10, 0x11, 0x11, 0x11, 0x11, 0x11, 0x12, 0x00, 0x00,
    0x11, 0x11, 0x11, 0x21, 0x11, 0x00, 0x00, 0x00, 0x00, 0x10, 0x21, 0x23, 0x22, 0x12, 0x11, 0x22,
    0x00, 0x00, 0x00, 0x00, 0x00, 0x00, 0x00, 0x00, 0x00, 0x00, 0x10, 0x11, 0x11, 0x00, 0x00, 0x00,
};

static const uint8_t game_sprite_sposk0[384] = {
    0x00, 0x00, 0x00, 0x00, 0x00, 0x00, 0x00, 0x00, 0x00, 0x00, 0x00, 0x00, 0x00, 0x00, 0x64, 0x55,
    0x00, 0x00, 0x00, 0x00, 0x00, 0x00, 0x00, 0x00, 0x00, 0x00, 0x00, 0x00, 0x00, 0x00, 0x96, 0x8a,
    0x00, 0x00, 0x00, 0x00, 0x00, 0x00, 0x00, 0x00, 0x00, 0x00, 0x00, 0x00, 0x00, 0x00, 0xb7, 0xab,
    0x00, 0x00, 0x00, 0x00, 0x00, 0x00, 0x00, 0x00, 0x00, 0x00, 0x00, 0x00, 0x00, 0x00, 0x23, 0x45,
    0x00, 0x40, 0x87, 0x09, 0x00, 0x00, 0x00, 0x00, 0x00, 0x00, 0x00, 0x00, 0x00, 0x00, 0x21, 0x14,
    0x00, 0x80, 0xbb, 0x0a, 0x00, 0x00, 0x00, 0x00, 0x00, 0x00, 0x00, 0x00, 0x00, 0x00, 0x32, 0x06,
    0x00, 0x00, 0x11, 0x01, 0x00, 0x00, 0x00, 0x00, 0x32, 0x23, 0x02, 0x00, 0x00, 0x00, 0x82, 0x06,
    0x00, 0x00, 0x42, 0x01, 0x00, 0x00, 0x00, 0x30, 0x33, 0x67, 0x15, 0x00, 0x00, 0x00, 0x11, 0x01,
    0x00, 0x00, 0x21, 0x57, 0x02, 0x00, 0x00, 0x41, 0x33, 0x44, 0x25, 0x02, 0x11, 0x21, 0x24, 0x01,
    0x00, 0x00, 0x11, 0x74, 0x22, 0x02, 0x11, 0x42, 0x33, 0x54, 0x19, 0x21, 0x12, 0x52, 0x27, 0x01,
    0x00, 0x00, 0x10, 0x34, 0x33, 0x23, 0x42, 0x34, 0x33, 0xba, 0x19, 0x42, 0x12, 0x62, 0x14, 0x00,
    0x00, 0x00, 0x00, 0x11, 0x11, 0x62, 0x22, 0x22, 0x33, 0x79, 0x17, 0x41, 0x11, 0x22, 0x00, 0x00,
    0x00, 0x00, 0x00, 0x00, 0x10, 0x11, 0x11, 0x11, 0x35, 0x76, 0x11, 0x31, 0x11, 0x13, 0x00, 0x00,
    0x00, 0x00, 0x00, 0x00, 0x00, 0x00, 0x11, 0x34, 0x45, 0x14, 0x12, 0x13, 0x11, 0x01, 0x00, 0x00,
    0x00, 0x20, 0x11, 0x01, 0x00, 0x00, 0x00, 0x34, 0x33, 0x22, 0x12, 0x12, 0x12, 0x00, 0x00, 0x00,
    0x00, 0x42, 0x35, 0x11, 0x00, 0x00, 0x43, 0x11, 0x44, 0x12, 0x21, 0x11, 0x31, 0x22, 0x00, 0x00,
    0x50, 0x56, 0x34, 0x22, 0x22, 0x11, 0x00, 0x11, 0x24, 0x22, 0x11, 0x22, 0x33, 0x44, 0x01, 0x00,
    0x50, 0x55, 0x33, 0x22, 0x42, 0x22, 0x32, 0x22, 0x33, 0x22, 0x22, 0x33, 0x34, 0x44, 0x01, 0x00,
    0x40, 0x54, 0x33, 0x12, 0x22, 0x23, 0x12, 0x56, 0x35, 0x22, 0x42, 0x42, 0x32, 0x25, 0x01, 0x00,
    0x30, 0x42, 0x33, 0x22, 0x12, 0x22, 0x12, 0x53, 0x33, 0x23, 0x52, 0x21, 0x22, 0x23, 0x02, 0x00,
    0x11, 0x11, 0x11, 0x21, 0x11, 0x22, 0x12, 0x11, 0x11, 0x11, 0x11, 0x11, 0x22, 0x22, 0x02, 0x00,
    0x21, 0x22, 0x22, 0x21, 0x12, 0x11, 0x11, 0x11, 0x11, 0x11, 0x11, 0x11, 0x22, 0x22, 0x00, 0x00,
    0x10, 0x22, 0x22, 0x11, 0x11, 0x11, 0x11, 0x11, 0x22, 0x22, 0x21, 0x12, 0x21, 0x22, 0x00, 0x00,
    0x00, 0x00, 0x10, 0x11, 0x11, 0x11, 0x11, 0x03, 0x00, 0x00, 0x00, 0x20, 0x11, 0x22, 0x00, 0x00,
};

static const uint8_t game_sprite_sposl0[192] = {
    0x00, 0x00, 0x00, 0x00, 0x00, 0x00, 0x00, 0x00, 0x20, 0x12, 0x00, 0x00, 0x00, 0x00, 0x00, 0x00,
    0x00, 0x00, 0x00, 0x00, 0x00, 0x00, 0x00, 0x10, 0x11, 0x11, 0x01, 0x00, 0x00, 0x00, 0x00, 0x00,
    0x00, 0x00, 0x00, 0x00, 0x00, 0x00, 0x54, 0x23, 0x21, 0x12, 0x52, 0x00, 0x00, 0x00, 0x00, 0x00,
    0x00, 0x00, 0x00, 0x00, 0x00, 0x11, 0x21, 0x22, 0x12, 0x11, 0x22, 0x02, 0x00, 0x00, 0x00, 0x00,
    0x00, 0x00, 0x54, 0x13, 0x11, 0x45, 0x21, 0x21, 0x22, 0x13, 0x11, 0x13, 0x21, 0x22, 0x00, 0x00,
    0x00, 0x50, 0x45, 0x23, 0x22, 0x11, 0x11, 0x22, 0x11, 0x22, 0x11, 0x21, 0x43, 0x34, 0x00, 0x00,
    0x00, 0x50, 0x45, 0x23, 0x32, 0x22, 0x32, 0x22, 0x23, 0x21, 0x22, 0x33, 0x54, 0x34, 0x00, 0x00,
    0x00, 0x40, 0x45, 0x23, 0x21, 0x23, 0x12, 0x26, 0x35, 0x24, 0x12, 0x42, 0x42, 0x42, 0x13, 0x00,
    0x00, 0xa9, 0x42, 0x22, 0x12, 0x22, 0x22, 0x23, 0x31, 0x21, 0x22, 0x22, 0x22, 0x22, 0xa7, 0x09,
    0x00, 0x8b, 0x22, 0x22, 0x12, 0x22, 0x12, 0x22, 0x32, 0x22, 0x21, 0x22, 0x22, 0x22, 0x86, 0x0b,
    0x60, 0x65, 0x22, 0x22, 0x11, 0x11, 0x11, 0x22, 0x02, 0x22, 0x11, 0x12, 0x21, 0x32, 0x67, 0x66,
    0x00, 0x00, 0x00, 0x11, 0x11, 0x11, 0x11, 0x00, 0x00, 0x00, 0x00, 0x20, 0x11, 0x02, 0x00, 0x00,
};

static const uint8_t game_sprite_trooa1[640] = {
    0x00, 0x00, 0x00, 0x55, 0x55, 0x55, 0x15, 0x63, 0x03, 0x55, 0x55, 0x05, 0x00, 0x00, 0x00, 0x00,
    0x00, 0x00, 0x50, 0x34, 0x33, 0x33, 0x53, 0x85, 0x57, 0x34, 0x32, 0x03, 0x00, 0x00, 0x00, 0x00,
    0x00, 0x00, 0x40, 0x13, 0x31, 0x33, 0x42, 0xa5, 0x48, 0x23, 0x12, 0x03, 0x00, 0x00, 0x00, 0x00,
    0x00, 0x00, 0x00, 0x21, 0x32, 0x64, 0x36, 0x74, 0x25, 0x54, 0x45, 0x02, 0x00, 0x00, 0x00, 0x00,
    0x00, 0x00, 0x10, 0x11, 0x21, 0x53, 0x56, 0x52, 0x44, 0x46, 0x34, 0x13, 0x00, 0x00, 0x00, 0x00,
    0x00, 0x00, 0x10, 0x11, 0x11, 0x12, 0x42, 0x65, 0x45, 0x12, 0x21, 0x11, 0x00, 0x00, 0x00, 0x00,
    0x00, 0x00, 0x10, 0x22, 0x23, 0x32, 0x29, 0x43, 0x24, 0x12, 0x11, 0x11, 0x00, 0x00, 0x00, 0x00,
    0x00, 0x00, 0x10, 0x32, 0x33, 0x22, 0x23, 0x11, 0x41, 0x21, 0x32, 0x12, 0x00, 0x00, 0x00, 0x00,
    0x00, 0x00, 0x10, 0x21, 0x22, 0x22, 0x22, 0x22, 0x22, 0x22, 0x22, 0x02, 0x00, 0x00, 0x00, 0x00,
    0x00, 0x00, 0x00, 0x00, 0x22, 0x63, 0x87, 0xa3, 0x68, 0x34, 0x12, 0x00, 0x00, 0x00, 0x00, 0x00,
    0x00, 0x00, 0x00, 0x00, 0x32, 0x64, 0x35, 0x22, 0x44, 0x34, 0x15, 0x00, 0x00, 0x00, 0x00, 0x00,
    0x00, 0x00, 0x00, 0x60, 0x13, 0x41, 0x26, 0x61, 0x27, 0x22, 0x84, 0x05, 0x00, 0x00, 0x00, 0x00,
    0x00, 0x00, 0x00, 0x43, 0x12, 0x42, 0x32, 0x22, 0x52, 0x22, 0x42, 0x08, 0x00, 0x00, 0x00, 0x00,
    0x00, 0x00, 0x50, 0x15, 0x21, 0x42, 0x36, 0x42, 0x15, 0x12, 0x20, 0x83, 0x04, 0x00, 0x00, 0x00,
    0x00, 0x00, 0x60, 0x12, 0x22, 0x42, 0x23, 0x21, 0x42, 0x22, 0x02, 0x82, 0x07, 0x00, 0x00, 0x00,
    0x00, 0x00, 0x23, 0x21, 0x22, 0x22, 0x26, 0x72, 0x17, 0x11, 0x62, 0x24, 0x34, 0x00, 0x00, 0x00,
    0x00, 0x00, 0x14, 0x13, 0x11, 0x41, 0x54, 0x21, 0x23, 0x01, 0x41, 0x07, 0x61, 0x03, 0x00, 0x00,
    0x00, 0x50, 0x15, 0x00, 0x00, 0x20, 0x24, 0x42, 0x25, 0x00, 0x10, 0x52, 0x20, 0x34, 0x00, 0x00,
    0x00, 0x24, 0x04, 0x00, 0x00, 0x20, 0x23, 0x22, 0x22, 0x00, 0x00, 0x61, 0x03, 0x42, 0x00, 0x00,
    0x40, 0x33, 0x02, 0x00, 0x00, 0x20, 0x44, 0x42, 0x35, 0x05, 0x00, 0x20, 0x05, 0x40, 0x04, 0x00,
    0x40, 0x42, 0x01, 0x00, 0x00, 0x43, 0x23, 0x22, 0x82, 0x29, 0x00, 0x10, 0x04, 0x30, 0x05, 0x00,
    0x20, 0x20, 0x01, 0x00, 0x20, 0x82, 0x46, 0x44, 0x54, 0x43, 0x04, 0x00, 0x41, 0x10, 0x42, 0x00,
    0x24, 0x20, 0x01, 0x00, 0x50, 0x32, 0x25, 0x22, 0x22, 0x82, 0x35, 0x00, 0x40, 0x00, 0x41, 0x00,
    0x04, 0x10, 0x00, 0x00, 0x53, 0x39, 0x61, 0x43, 0x36, 0x49, 0x51, 0x02, 0x40, 0x04, 0x20, 0x03,
    0x03, 0x10, 0x00, 0x00, 0x23, 0x65, 0x32, 0x22, 0x63, 0x29, 0x52, 0x42, 0x20, 0x03, 0x20, 0x03,
    0x02, 0x10, 0x00, 0x40, 0x23, 0x41, 0x54, 0x53, 0x56, 0x53, 0x39, 0x24, 0x05, 0x02, 0x20, 0x03,
    0x02, 0x10, 0x00, 0x40, 0x52, 0x24, 0x22, 0x22, 0x22, 0x82, 0x29, 0x24, 0x04, 0x02, 0x00, 0x02,
    0x30, 0x20, 0x00, 0x30, 0x52, 0x29, 0x52, 0x34, 0x24, 0x83, 0x23, 0x03, 0x03, 0x02, 0x00, 0x02,
    0x00, 0x23, 0x00, 0x00, 0x32, 0x58, 0x32, 0x22, 0x22, 0x45, 0x22, 0x03, 0x03, 0x02, 0x00, 0x30,
    0x00, 0x20, 0x00, 0x00, 0x23, 0x63, 0x44, 0x33, 0x34, 0x24, 0x24, 0x02, 0x02, 0x01, 0x00, 0x30,
    0x00, 0x20, 0x01, 0x00, 0x53, 0x33, 0x24, 0x24, 0x22, 0x53, 0x28, 0x02, 0x02, 0x01, 0x00, 0x20,
    0x00, 0x00, 0x00, 0x00, 0x40, 0x38, 0x41, 0x43, 0x13, 0x73, 0x22, 0x22, 0x00, 0x01, 0x00, 0x20,
    0x00, 0x00, 0x00, 0x00, 0x20, 0x65, 0x22, 0x22, 0x22, 0x35, 0x24, 0x22, 0x00, 0x01, 0x00, 0x20,
    0x00, 0x00, 0x00, 0x01, 0x70, 0x43, 0x44, 0x32, 0x14, 0x81, 0x27, 0x22, 0x00, 0x00, 0x00, 0x40,
    0x00, 0x00, 0x00, 0x00, 0x50, 0x38, 0x22, 0x22, 0x22, 0x73, 0x22, 0x82, 0x05, 0x00, 0x00, 0x00,
    0x00, 0x00, 0x00, 0x00, 0x00, 0x55, 0x33, 0x42, 0x34, 0x43, 0x25, 0x45, 0x05, 0x00, 0x00, 0x00,
    0x00, 0x00, 0x00, 0x00, 0x00, 0x95, 0x26, 0x33, 0x22, 0x52, 0x53, 0x73, 0x03, 0x00, 0x00, 0x00,
    0x00, 0x00, 0x00, 0x00, 0x00, 0x83, 0x24, 0x22, 0x42, 0x29, 0x52, 0x50, 0x00, 0x00, 0x00, 0x00,
    0x00, 0x00, 0x00, 0x00, 0x00, 0x55, 0x28, 0x33, 0x42, 0x15, 0x35, 0x30, 0x00, 0x00, 0x00, 0x00,
    0x00, 0x00, 0x00, 0x00, 0x00, 0x50, 0x20, 0x22, 0x22, 0x00, 0x03, 0x00, 0x00, 0x00, 0x00, 0x00,
};

static const uint8_t game_sprite_troob1[624] = {
    0x00, 0x00, 0x00, 0x00, 0x55, 0x55, 0x20, 0x64, 0x04, 0x50, 0x55, 0x05, 0x00, 0x00, 0x00, 0x00,
    0x00, 0x00, 0x00, 0x55, 0x44, 0x44, 0x55, 0x77, 0x56, 0x45, 0x44, 0x54, 0x00, 0x00, 0x00, 0x00,
    0x00, 0x00, 0x00, 0x45, 0x33, 0x33, 0x54, 0x78, 0x57, 0x34, 0x33, 0x43, 0x00, 0x00, 0x00, 0x00,
    0x00, 0x00, 0x00, 0x34, 0x33, 0x54, 0x43, 0xa6, 0x26, 0x53, 0x34, 0x32, 0x00, 0x00, 0x00, 0x00,
    0x00, 0x00, 0x00, 0x10, 0x32, 0x65, 0x26, 0x75, 0x45, 0x66, 0x34, 0x11, 0x00, 0x00, 0x00, 0x00,
    0x00, 0x00, 0x00, 0x11, 0x11, 0x42, 0x35, 0x54, 0x54, 0x45, 0x12, 0x11, 0x00, 0x00, 0x00, 0x00,
    0x00, 0x00, 0x00, 0x11, 0x12, 0x21, 0x41, 0x65, 0x35, 0x21, 0x12, 0x11, 0x00, 0x00, 0x00, 0x00,
    0x00, 0x00, 0x00, 0x21, 0x43, 0x32, 0x25, 0x43, 0x23, 0x35, 0x42, 0x23, 0x00, 0x00, 0x00, 0x00,
    0x00, 0x00, 0x00, 0x21, 0x33, 0x22, 0x12, 0x11, 0x21, 0x22, 0x32, 0x23, 0x00, 0x00, 0x00, 0x00,
    0x00, 0x00, 0x00, 0x00, 0x21, 0x22, 0x44, 0x45, 0x45, 0x22, 0x22, 0x02, 0x00, 0x00, 0x00, 0x00,
    0x00, 0x00, 0x00, 0x00, 0x30, 0x32, 0x97, 0x38, 0x96, 0x48, 0x12, 0x00, 0x00, 0x00, 0x00, 0x00,
    0x00, 0x00, 0x00, 0x40, 0x46, 0x42, 0x33, 0x27, 0x24, 0x43, 0x44, 0x00, 0x00, 0x00, 0x00, 0x00,
    0x00, 0x00, 0x00, 0x85, 0x24, 0x22, 0x72, 0x28, 0x58, 0x23, 0x42, 0x00, 0x00, 0x00, 0x00, 0x00,
    0x00, 0x00, 0x50, 0x37, 0x00, 0x21, 0x23, 0x37, 0x27, 0x24, 0x21, 0x57, 0x00, 0x00, 0x00, 0x00,
    0x00, 0x00, 0x84, 0x02, 0x45, 0x22, 0x25, 0x12, 0x62, 0x14, 0x32, 0x42, 0x05, 0x00, 0x00, 0x00,
    0x00, 0x00, 0x67, 0x40, 0x23, 0x22, 0x25, 0x35, 0x46, 0x15, 0x32, 0x21, 0x66, 0x00, 0x00, 0x00,
    0x00, 0x00, 0x26, 0x24, 0x01, 0x20, 0x33, 0x22, 0x43, 0x26, 0x10, 0x64, 0x21, 0x55, 0x00, 0x00,
    0x00, 0x40, 0x24, 0x23, 0x00, 0x00, 0x22, 0x36, 0x27, 0x22, 0x00, 0x22, 0x14, 0x42, 0x05, 0x00,
    0x00, 0x50, 0x22, 0x22, 0x00, 0x00, 0x32, 0x12, 0x42, 0x03, 0x00, 0x10, 0x63, 0x00, 0x42, 0x00,
    0x00, 0x50, 0x22, 0x00, 0x00, 0x20, 0x25, 0x26, 0x33, 0x52, 0x00, 0x00, 0x21, 0x06, 0x40, 0x04,
    0x00, 0x50, 0x22, 0x00, 0x00, 0x20, 0x39, 0x22, 0x22, 0x93, 0x02, 0x00, 0x10, 0x06, 0x20, 0x04,
    0x00, 0x40, 0x01, 0x00, 0x00, 0x44, 0x53, 0x25, 0x44, 0x37, 0x44, 0x00, 0x00, 0x42, 0x00, 0x02,
    0x00, 0x30, 0x00, 0x00, 0x30, 0x85, 0x32, 0x22, 0x32, 0x22, 0x58, 0x03, 0x00, 0x32, 0x00, 0x42,
    0x00, 0x23, 0x00, 0x00, 0x50, 0x41, 0x29, 0x25, 0x34, 0x91, 0x14, 0x35, 0x00, 0x20, 0x00, 0x40,
    0x40, 0x22, 0x00, 0x00, 0x24, 0x22, 0x39, 0x22, 0x32, 0x92, 0x22, 0x45, 0x00, 0x20, 0x04, 0x40,
    0x20, 0x40, 0x00, 0x00, 0x24, 0x58, 0x33, 0x26, 0x25, 0x33, 0x89, 0x43, 0x00, 0x00, 0x04, 0x40,
    0x00, 0x20, 0x00, 0x00, 0x23, 0x72, 0x23, 0x33, 0x25, 0x63, 0x27, 0x32, 0x00, 0x00, 0x03, 0x04,
    0x03, 0x30, 0x00, 0x00, 0x22, 0x34, 0x25, 0x26, 0x23, 0x72, 0x42, 0x22, 0x00, 0x00, 0x22, 0x00,
    0x02, 0x30, 0x00, 0x00, 0x20, 0x87, 0x22, 0x34, 0x25, 0x22, 0x78, 0x22, 0x00, 0x00, 0x02, 0x00,
    0x00, 0x20, 0x00, 0x00, 0x20, 0x72, 0x33, 0x25, 0x33, 0x32, 0x27, 0x02, 0x00, 0x00, 0x02, 0x00,
    0x00, 0x00, 0x00, 0x00, 0x00, 0x48, 0x22, 0x25, 0x25, 0x22, 0x84, 0x02, 0x00, 0x00, 0x02, 0x00,
    0x00, 0x00, 0x00, 0x00, 0x00, 0x73, 0x23, 0x22, 0x32, 0x32, 0x37, 0x02, 0x00, 0x00, 0x00, 0x00,
    0x00, 0x00, 0x00, 0x00, 0x00, 0x34, 0x25, 0x23, 0x25, 0x52, 0x43, 0x02, 0x00, 0x00, 0x00, 0x00,
    0x00, 0x00, 0x00, 0x00, 0x00, 0x75, 0x22, 0x22, 0x42, 0x22, 0x57, 0x02, 0x00, 0x00, 0x00, 0x00,
    0x00, 0x00, 0x00, 0x00, 0x00, 0x53, 0x24, 0x23, 0x24, 0x42, 0x35, 0x02, 0x00, 0x00, 0x00, 0x00,
    0x00, 0x00, 0x00, 0x00, 0x00, 0x45, 0x23, 0x22, 0x33, 0x32, 0x54, 0x05, 0x00, 0x00, 0x00, 0x00,
    0x00, 0x00, 0x00, 0x00, 0x00, 0x58, 0x24, 0x22, 0x22, 0x42, 0x25, 0x05, 0x00, 0x00, 0x00, 0x00,
    0x00, 0x00, 0x00, 0x00, 0x00, 0x29, 0x24, 0x22, 0x23, 0x42, 0x52, 0x03, 0x00, 0x00, 0x00, 0x00,
    0x00, 0x00, 0x00, 0x00, 0x00, 0x54, 0x22, 0x22, 0x22, 0x22, 0x30, 0x00, 0x00, 0x00, 0x00, 0x00,
};

static const uint8_t game_sprite_trooc1[640] = {
    0x00, 0x00, 0x00, 0x00, 0x50, 0x55, 0x55, 0x30, 0x36, 0x51, 0x55, 0x55, 0x55, 0x00, 0x00, 0x00,
    0x00, 0x00, 0x00, 0x00, 0x30, 0x23, 0x43, 0x75, 0x58, 0x35, 0x33, 0x33, 0x43, 0x05, 0x00, 0x00,
    0x00, 0x00, 0x00, 0x00, 0x30, 0x21, 0x32, 0x84, 0x5a, 0x24, 0x33, 0x13, 0x31, 0x04, 0x00, 0x00,
    0x00, 0x00, 0x00, 0x00, 0x20, 0x54, 0x45, 0x52, 0x47, 0x63, 0x46, 0x23, 0x12, 0x00, 0x00, 0x00,
    0x00, 0x00, 0x00, 0x00, 0x31, 0x43, 0x64, 0x44, 0x25, 0x65, 0x35, 0x12, 0x11, 0x01, 0x00, 0x00,
    0x00, 0x00, 0x00, 0x00, 0x11, 0x12, 0x21, 0x54, 0x56, 0x24, 0x21, 0x11, 0x11, 0x01, 0x00, 0x00,
    0x00, 0x00, 0x00, 0x00, 0x11, 0x11, 0x21, 0x42, 0x34, 0x92, 0x23, 0x32, 0x22, 0x01, 0x00, 0x00,
    0x00, 0x00, 0x00, 0x00, 0x21, 0x23, 0x12, 0x14, 0x11, 0x32, 0x22, 0x33, 0x23, 0x01, 0x00, 0x00,
    0x00, 0x00, 0x00, 0x00, 0x20, 0x22, 0x22, 0x22, 0x22, 0x22, 0x22, 0x22, 0x12, 0x01, 0x00, 0x00,
    0x00, 0x00, 0x00, 0x00, 0x00, 0x21, 0x43, 0x86, 0x3a, 0x78, 0x36, 0x22, 0x00, 0x00, 0x00, 0x00,
    0x00, 0x00, 0x00, 0x00, 0x00, 0x51, 0x43, 0x44, 0x22, 0x53, 0x46, 0x23, 0x00, 0x00, 0x00, 0x00,
    0x00, 0x00, 0x00, 0x00, 0x50, 0x48, 0x22, 0x72, 0x16, 0x62, 0x14, 0x31, 0x06, 0x00, 0x00, 0x00,
    0x00, 0x00, 0x00, 0x00, 0x80, 0x24, 0x22, 0x25, 0x22, 0x23, 0x24, 0x21, 0x34, 0x00, 0x00, 0x00,
    0x00, 0x00, 0x00, 0x40, 0x38, 0x02, 0x21, 0x51, 0x24, 0x63, 0x24, 0x12, 0x51, 0x05, 0x00, 0x00,
    0x00, 0x00, 0x00, 0x70, 0x28, 0x20, 0x22, 0x24, 0x12, 0x32, 0x24, 0x22, 0x21, 0x06, 0x00, 0x00,
    0x00, 0x00, 0x00, 0x43, 0x42, 0x26, 0x11, 0x71, 0x27, 0x62, 0x22, 0x22, 0x12, 0x32, 0x00, 0x00,
    0x00, 0x00, 0x30, 0x16, 0x70, 0x14, 0x10, 0x32, 0x12, 0x45, 0x14, 0x11, 0x31, 0x41, 0x00, 0x00,
    0x00, 0x00, 0x43, 0x02, 0x25, 0x01, 0x00, 0x52, 0x24, 0x42, 0x02, 0x00, 0x00, 0x51, 0x05, 0x00,
    0x00, 0x00, 0x24, 0x30, 0x16, 0x00, 0x00, 0x22, 0x22, 0x32, 0x02, 0x00, 0x00, 0x40, 0x42, 0x00,
    0x00, 0x40, 0x04, 0x50, 0x02, 0x00, 0x50, 0x53, 0x24, 0x44, 0x02, 0x00, 0x00, 0x20, 0x33, 0x04,
    0x00, 0x50, 0x03, 0x40, 0x01, 0x00, 0x92, 0x28, 0x22, 0x32, 0x34, 0x00, 0x00, 0x10, 0x24, 0x04,
    0x00, 0x24, 0x01, 0x14, 0x00, 0x40, 0x34, 0x45, 0x44, 0x64, 0x28, 0x02, 0x00, 0x10, 0x02, 0x02,
    0x00, 0x14, 0x00, 0x04, 0x00, 0x53, 0x28, 0x22, 0x22, 0x52, 0x23, 0x05, 0x00, 0x10, 0x02, 0x42,
    0x30, 0x02, 0x40, 0x04, 0x20, 0x15, 0x94, 0x63, 0x34, 0x16, 0x93, 0x35, 0x00, 0x00, 0x01, 0x40,
    0x30, 0x02, 0x30, 0x02, 0x24, 0x25, 0x92, 0x36, 0x22, 0x23, 0x56, 0x32, 0x00, 0x00, 0x01, 0x30,
    0x30, 0x02, 0x20, 0x50, 0x42, 0x93, 0x35, 0x65, 0x35, 0x45, 0x14, 0x32, 0x04, 0x00, 0x01, 0x20,
    0x20, 0x00, 0x20, 0x40, 0x42, 0x92, 0x28, 0x22, 0x22, 0x22, 0x42, 0x25, 0x04, 0x00, 0x01, 0x20,
    0x20, 0x00, 0x20, 0x30, 0x30, 0x32, 0x38, 0x42, 0x43, 0x25, 0x92, 0x25, 0x03, 0x00, 0x02, 0x03,
    0x03, 0x00, 0x20, 0x30, 0x30, 0x22, 0x54, 0x22, 0x22, 0x23, 0x85, 0x23, 0x00, 0x00, 0x32, 0x00,
    0x03, 0x00, 0x10, 0x20, 0x20, 0x42, 0x42, 0x43, 0x33, 0x44, 0x36, 0x32, 0x00, 0x00, 0x02, 0x00,
    0x02, 0x00, 0x10, 0x20, 0x20, 0x82, 0x35, 0x22, 0x42, 0x42, 0x33, 0x35, 0x00, 0x10, 0x02, 0x00,
    0x02, 0x00, 0x10, 0x00, 0x22, 0x22, 0x37, 0x31, 0x34, 0x14, 0x83, 0x04, 0x00, 0x00, 0x00, 0x00,
    0x02, 0x00, 0x10, 0x00, 0x22, 0x42, 0x53, 0x22, 0x22, 0x22, 0x56, 0x02, 0x00, 0x00, 0x00, 0x00,
    0x04, 0x00, 0x00, 0x00, 0x22, 0x72, 0x18, 0x41, 0x23, 0x44, 0x34, 0x07, 0x10, 0x00, 0x00, 0x00,
    0x00, 0x00, 0x00, 0x50, 0x28, 0x22, 0x37, 0x22, 0x22, 0x22, 0x83, 0x05, 0x00, 0x00, 0x00, 0x00,
    0x00, 0x00, 0x00, 0x50, 0x54, 0x52, 0x34, 0x43, 0x24, 0x33, 0x55, 0x00, 0x00, 0x00, 0x00, 0x00,
    0x00, 0x00, 0x00, 0x30, 0x37, 0x35, 0x25, 0x22, 0x33, 0x62, 0x59, 0x00, 0x00, 0x00, 0x00, 0x00,
    0x00, 0x00, 0x00, 0x00, 0x05, 0x25, 0x92, 0x24, 0x22, 0x42, 0x38, 0x00, 0x00, 0x00, 0x00, 0x00,
    0x00, 0x00, 0x00, 0x00, 0x03, 0x53, 0x51, 0x24, 0x33, 0x82, 0x55, 0x00, 0x00, 0x00, 0x00, 0x00,
    0x00, 0x00, 0x00, 0x00, 0x00, 0x30, 0x00, 0x22, 0x22, 0x02, 0x05, 0x00, 0x00, 0x00, 0x00, 0x00,
};

static const uint8_t game_sprite_trood1[624] = {
    0x00, 0x00, 0x00, 0x00, 0x50, 0x55, 0x05, 0x40, 0x46, 0x02, 0x55, 0x55, 0x00, 0x00, 0x00, 0x00,
    0x00, 0x00, 0x00, 0x00, 0x45, 0x44, 0x54, 0x65, 0x77, 0x55, 0x44, 0x44, 0x55, 0x00, 0x00, 0x00,
    0x00, 0x00, 0x00, 0x00, 0x34, 0x33, 0x43, 0x75, 0x87, 0x45, 0x33, 0x33, 0x54, 0x00, 0x00, 0x00,
    0x00, 0x00, 0x00, 0x00, 0x23, 0x43, 0x35, 0x62, 0x6a, 0x34, 0x45, 0x33, 0x43, 0x00, 0x00, 0x00,
    0x00, 0x00, 0x00, 0x00, 0x11, 0x43, 0x66, 0x54, 0x57, 0x62, 0x56, 0x23, 0x01, 0x00, 0x00, 0x00,
    0x00, 0x00, 0x00, 0x00, 0x11, 0x21, 0x54, 0x45, 0x45, 0x53, 0x24, 0x11, 0x11, 0x00, 0x00, 0x00,
    0x00, 0x00, 0x00, 0x00, 0x11, 0x21, 0x12, 0x53, 0x56, 0x14, 0x12, 0x21, 0x11, 0x00, 0x00, 0x00,
    0x00, 0x00, 0x00, 0x00, 0x32, 0x24, 0x53, 0x32, 0x34, 0x52, 0x23, 0x34, 0x12, 0x00, 0x00, 0x00,
    0x00, 0x00, 0x00, 0x00, 0x32, 0x23, 0x22, 0x12, 0x11, 0x21, 0x22, 0x33, 0x12, 0x00, 0x00, 0x00,
    0x00, 0x00, 0x00, 0x00, 0x20, 0x22, 0x22, 0x54, 0x54, 0x44, 0x22, 0x12, 0x00, 0x00, 0x00, 0x00,
    0x00, 0x00, 0x00, 0x00, 0x00, 0x21, 0x84, 0x69, 0x83, 0x79, 0x23, 0x03, 0x00, 0x00, 0x00, 0x00,
    0x00, 0x00, 0x00, 0x00, 0x00, 0x44, 0x34, 0x42, 0x72, 0x33, 0x24, 0x64, 0x04, 0x00, 0x00, 0x00,
    0x00, 0x00, 0x00, 0x00, 0x00, 0x24, 0x32, 0x85, 0x82, 0x27, 0x22, 0x42, 0x58, 0x00, 0x00, 0x00,
    0x00, 0x00, 0x00, 0x00, 0x75, 0x12, 0x42, 0x72, 0x73, 0x32, 0x12, 0x00, 0x73, 0x05, 0x00, 0x00,
    0x00, 0x00, 0x00, 0x50, 0x24, 0x23, 0x41, 0x26, 0x21, 0x52, 0x22, 0x54, 0x20, 0x48, 0x00, 0x00,
    0x00, 0x00, 0x00, 0x66, 0x12, 0x23, 0x51, 0x64, 0x53, 0x52, 0x22, 0x32, 0x04, 0x76, 0x00, 0x00,
    0x00, 0x00, 0x55, 0x12, 0x46, 0x01, 0x62, 0x34, 0x22, 0x33, 0x02, 0x10, 0x42, 0x62, 0x00, 0x00,
    0x00, 0x50, 0x24, 0x41, 0x22, 0x00, 0x22, 0x72, 0x63, 0x22, 0x00, 0x00, 0x32, 0x42, 0x04, 0x00,
    0x00, 0x24, 0x00, 0x36, 0x01, 0x00, 0x30, 0x24, 0x21, 0x23, 0x00, 0x00, 0x22, 0x22, 0x05, 0x00,
    0x40, 0x04, 0x60, 0x12, 0x00, 0x00, 0x25, 0x33, 0x62, 0x52, 0x02, 0x00, 0x00, 0x22, 0x05, 0x00,
    0x40, 0x02, 0x60, 0x01, 0x00, 0x20, 0x39, 0x22, 0x22, 0x93, 0x02, 0x00, 0x00, 0x22, 0x05, 0x00,
    0x20, 0x00, 0x24, 0x00, 0x00, 0x44, 0x73, 0x44, 0x52, 0x35, 0x44, 0x00, 0x00, 0x10, 0x04, 0x00,
    0x24, 0x00, 0x23, 0x00, 0x30, 0x85, 0x22, 0x23, 0x22, 0x23, 0x58, 0x03, 0x00, 0x00, 0x03, 0x00,
    0x04, 0x00, 0x02, 0x00, 0x53, 0x41, 0x19, 0x43, 0x52, 0x92, 0x14, 0x05, 0x00, 0x00, 0x32, 0x00,
    0x04, 0x40, 0x02, 0x00, 0x54, 0x22, 0x29, 0x23, 0x22, 0x93, 0x22, 0x42, 0x00, 0x00, 0x22, 0x04,
    0x04, 0x40, 0x00, 0x00, 0x34, 0x98, 0x33, 0x52, 0x62, 0x33, 0x85, 0x42, 0x00, 0x00, 0x04, 0x02,
    0x40, 0x30, 0x00, 0x00, 0x23, 0x72, 0x36, 0x52, 0x33, 0x32, 0x27, 0x32, 0x00, 0x00, 0x02, 0x00,
    0x00, 0x22, 0x00, 0x00, 0x22, 0x24, 0x27, 0x32, 0x62, 0x52, 0x43, 0x22, 0x00, 0x00, 0x03, 0x30,
    0x00, 0x20, 0x00, 0x00, 0x22, 0x87, 0x22, 0x52, 0x43, 0x22, 0x78, 0x02, 0x00, 0x00, 0x03, 0x20,
    0x00, 0x20, 0x00, 0x00, 0x20, 0x72, 0x23, 0x33, 0x52, 0x33, 0x27, 0x02, 0x00, 0x00, 0x02, 0x00,
    0x00, 0x20, 0x00, 0x00, 0x20, 0x48, 0x22, 0x52, 0x52, 0x22, 0x84, 0x00, 0x00, 0x00, 0x00, 0x00,
    0x00, 0x00, 0x00, 0x00, 0x20, 0x73, 0x23, 0x23, 0x22, 0x32, 0x37, 0x00, 0x00, 0x00, 0x00, 0x00,
    0x00, 0x00, 0x00, 0x00, 0x20, 0x34, 0x25, 0x52, 0x32, 0x52, 0x43, 0x00, 0x00, 0x00, 0x00, 0x00,
    0x00, 0x00, 0x00, 0x00, 0x20, 0x75, 0x22, 0x24, 0x22, 0x22, 0x57, 0x00, 0x00, 0x00, 0x00, 0x00,
    0x00, 0x00, 0x00, 0x00, 0x20, 0x53, 0x24, 0x42, 0x32, 0x42, 0x35, 0x00, 0x00, 0x00, 0x00, 0x00,
    0x00, 0x00, 0x00, 0x00, 0x50, 0x45, 0x23, 0x33, 0x22, 0x32, 0x54, 0x00, 0x00, 0x00, 0x00, 0x00,
    0x00, 0x00, 0x00, 0x00, 0x50, 0x52, 0x24, 0x22, 0x22, 0x42, 0x85, 0x00, 0x00, 0x00, 0x00, 0x00,
    0x00, 0x00, 0x00, 0x00, 0x30, 0x25, 0x24, 0x32, 0x22, 0x42, 0x92, 0x00, 0x00, 0x00, 0x00, 0x00,
    0x00, 0x00, 0x00, 0x00, 0x00, 0x03, 0x22, 0x22, 0x22, 0x22, 0x45, 0x00, 0x00, 0x00, 0x00, 0x00,
};

static const uint8_t game_sprite_trooe1[528] = {
    0x00, 0x55, 0x55, 0x05, 0x20, 0x54, 0x24, 0x00, 0x55, 0x55, 0x00, 0x00, 0x55, 0x55, 0x55, 0x31,
    0x76, 0x36, 0x55, 0x55, 0x55, 0x05, 0x50, 0x33, 0x33, 0x43, 0x55, 0x87, 0x58, 0x44, 0x33, 0x33,
    0x54, 0x40, 0x21, 0x32, 0x33, 0x54, 0x89, 0x59, 0x33, 0x33, 0x22, 0x43, 0x40, 0x32, 0x43, 0x45,
    0x42, 0xa6, 0x46, 0x43, 0x45, 0x33, 0x43, 0x00, 0x21, 0x53, 0x66, 0x24, 0x75, 0x25, 0x66, 0x46,
    0x23, 0x01, 0x10, 0x11, 0x21, 0x54, 0x35, 0x54, 0x34, 0x55, 0x24, 0x11, 0x11, 0x10, 0x11, 0x11,
    0x21, 0x65, 0x65, 0x65, 0x23, 0x11, 0x11, 0x11, 0x10, 0x65, 0x87, 0x48, 0x42, 0x65, 0x45, 0x41,
    0x22, 0x21, 0x11, 0x50, 0x24, 0x24, 0x22, 0x16, 0x22, 0x12, 0xb9, 0x67, 0x66, 0x13, 0x60, 0x32,
    0x23, 0x22, 0x56, 0x11, 0x11, 0x62, 0x37, 0x43, 0x13, 0x54, 0x22, 0x22, 0x22, 0x63, 0x22, 0x22,
    0x82, 0x25, 0x32, 0x03, 0x44, 0x00, 0x20, 0x34, 0x52, 0x48, 0x98, 0x48, 0x34, 0x43, 0x03, 0x43,
    0x00, 0x20, 0x64, 0x46, 0x23, 0x43, 0x36, 0x44, 0x43, 0x02, 0x32, 0x34, 0x23, 0x44, 0x32, 0x44,
    0x23, 0x44, 0x24, 0x43, 0x02, 0x00, 0x22, 0x12, 0x11, 0x26, 0x22, 0x32, 0x24, 0x21, 0x22, 0x00,
    0x00, 0x00, 0x10, 0x32, 0x32, 0x46, 0x26, 0x43, 0x02, 0x00, 0x00, 0x00, 0x00, 0x10, 0x22, 0x64,
    0x24, 0x65, 0x22, 0x02, 0x00, 0x00, 0x00, 0x00, 0x24, 0x21, 0x26, 0x12, 0x32, 0x24, 0x51, 0x00,
    0x00, 0x00, 0x60, 0x15, 0x11, 0x52, 0x37, 0x57, 0x11, 0x51, 0x46, 0x00, 0x00, 0x74, 0x14, 0x11,
    0x41, 0x22, 0x52, 0x11, 0x41, 0x57, 0x00, 0x00, 0x75, 0x04, 0x11, 0x51, 0x35, 0x54, 0x11, 0x40,
    0x56, 0x00, 0x00, 0x75, 0x03, 0x10, 0x62, 0x14, 0x64, 0x02, 0x30, 0x56, 0x00, 0x00, 0x74, 0x03,
    0x22, 0x72, 0x34, 0x64, 0x12, 0x20, 0x46, 0x00, 0x00, 0x73, 0x44, 0x35, 0x65, 0x43, 0x53, 0x45,
    0x31, 0x46, 0x00, 0x00, 0x62, 0x66, 0x89, 0x56, 0x22, 0x42, 0x69, 0x42, 0x46, 0x00, 0x00, 0x20,
    0x25, 0x53, 0x65, 0x44, 0x25, 0x28, 0x74, 0x24, 0x00, 0x00, 0x23, 0x83, 0x67, 0x33, 0x22, 0x22,
    0x76, 0x56, 0x02, 0x00, 0x00, 0x34, 0x52, 0x66, 0x42, 0x76, 0x24, 0x53, 0x26, 0x04, 0x00, 0x00,
    0x25, 0x72, 0x69, 0x23, 0x22, 0x32, 0x79, 0x22, 0x42, 0x00, 0x00, 0x53, 0x38, 0x77, 0x22, 0x45,
    0x22, 0x37, 0x32, 0x32, 0x00, 0x00, 0x33, 0x28, 0x53, 0x62, 0x35, 0x36, 0x23, 0x55, 0x42, 0x00,
    0x00, 0x12, 0x94, 0x22, 0x34, 0x22, 0x32, 0x42, 0x28, 0x42, 0x00, 0x00, 0x32, 0x74, 0x37, 0x42,
    0x43, 0x26, 0x55, 0x33, 0x22, 0x00, 0x00, 0x52, 0x28, 0x35, 0x22, 0x22, 0x32, 0x22, 0x55, 0x22,
    0x00, 0x00, 0x22, 0x47, 0x22, 0x22, 0x55, 0x24, 0x42, 0x28, 0x02, 0x00, 0x00, 0x52, 0x54, 0x25,
    0x22, 0x32, 0x22, 0x55, 0x53, 0x02, 0x00, 0x00, 0x42, 0x28, 0x22, 0x42, 0x55, 0x25, 0x22, 0x44,
    0x02, 0x00, 0x00, 0x22, 0x47, 0x11, 0x33, 0x33, 0x34, 0x41, 0x28, 0x00, 0x00, 0x00, 0x42, 0x54,
    0x35, 0x22, 0x55, 0x23, 0x55, 0x43, 0x00, 0x00, 0x00, 0x22, 0x27, 0x33, 0x43, 0x23, 0x25, 0x23,
    0x25, 0x00, 0x00, 0x00, 0x22, 0x55, 0x22, 0x24, 0x22, 0x22, 0x52, 0x27, 0x00, 0x00, 0x00, 0x42,
    0x83, 0x24, 0x22, 0x54, 0x23, 0x84, 0x45, 0x00, 0x00, 0x00, 0x35, 0x25, 0x33, 0x23, 0x43, 0x22,
    0x23, 0x34, 0x00, 0x00, 0x00, 0x87, 0x54, 0x23, 0x42, 0x32, 0x23, 0x53, 0x58, 0x00, 0x00, 0x00,
    0x95, 0x92, 0x24, 0x22, 0x22, 0x22, 0x94, 0x75, 0x00, 0x00, 0x00, 0x40, 0x25, 0x23, 0x32, 0x22,
    0x22, 0x23, 0x35, 0x00, 0x00, 0x00, 0x20, 0x03, 0x12, 0x22, 0x22, 0x22, 0x02, 0x05, 0x00, 0x00,
};

static const uint8_t game_sprite_troof1[576] = {
    0x00, 0x00, 0x00, 0x00, 0x50, 0x55, 0x05, 0x43, 0x56, 0x03, 0x55, 0x55, 0x00, 0x00, 0x00, 0x00,
    0x00, 0x00, 0x00, 0x00, 0x55, 0x45, 0x44, 0x45, 0x57, 0x55, 0x45, 0x44, 0x35, 0x33, 0x67, 0x00,
    0x00, 0x00, 0x00, 0x00, 0x14, 0x22, 0x33, 0x43, 0x56, 0x33, 0x33, 0x12, 0x02, 0x00, 0x41, 0x04,
    0x00, 0x00, 0x00, 0x00, 0x24, 0x52, 0x78, 0x36, 0x77, 0x54, 0x66, 0x36, 0x03, 0x00, 0x20, 0x06,
    0x00, 0x00, 0x00, 0x00, 0x30, 0x44, 0x23, 0x64, 0x77, 0x34, 0x32, 0x64, 0x00, 0x00, 0x00, 0x06,
    0x60, 0x22, 0x64, 0x00, 0x32, 0x23, 0x92, 0x21, 0x12, 0x11, 0x19, 0x31, 0x03, 0x00, 0x00, 0x42,
    0x35, 0x00, 0x20, 0x05, 0x12, 0x11, 0xb3, 0x11, 0x11, 0x11, 0x1b, 0x11, 0x02, 0x00, 0x00, 0x22,
    0x24, 0x00, 0x00, 0x04, 0x22, 0x12, 0x11, 0x11, 0x11, 0x11, 0x11, 0x31, 0x02, 0x00, 0x00, 0x14,
    0x52, 0x00, 0x00, 0x00, 0x20, 0x22, 0x22, 0x44, 0x51, 0x44, 0x11, 0x21, 0x00, 0x00, 0x54, 0x04,
    0x40, 0x45, 0x00, 0x00, 0x00, 0x22, 0x65, 0x45, 0x71, 0x57, 0x25, 0x01, 0x50, 0x67, 0x23, 0x01,
    0x20, 0x44, 0x54, 0x55, 0x24, 0x12, 0x44, 0x12, 0x21, 0x42, 0x44, 0x52, 0x76, 0x36, 0x11, 0x00,
    0x00, 0x20, 0x42, 0x34, 0x22, 0x11, 0x11, 0x25, 0x22, 0x45, 0x21, 0x22, 0x11, 0x00, 0x00, 0x00,
    0x00, 0x00, 0x00, 0x00, 0x00, 0x00, 0x22, 0x43, 0x42, 0x13, 0x02, 0x00, 0x00, 0x00, 0x00, 0x00,
    0x00, 0x00, 0x00, 0x00, 0x33, 0x22, 0x21, 0x24, 0x21, 0x44, 0x11, 0x42, 0x04, 0x00, 0x00, 0x00,
    0x00, 0x00, 0x50, 0x36, 0x23, 0x22, 0x11, 0x73, 0x72, 0x22, 0x11, 0x22, 0x75, 0x46, 0x00, 0x00,
    0x00, 0x00, 0x45, 0x14, 0x00, 0x00, 0x11, 0x42, 0x42, 0x12, 0x00, 0x00, 0x10, 0x62, 0x03, 0x00,
    0x00, 0x00, 0x36, 0x01, 0x00, 0x00, 0x10, 0x53, 0x52, 0x13, 0x00, 0x00, 0x00, 0x31, 0x46, 0x00,
    0x00, 0x60, 0x03, 0x00, 0x00, 0x00, 0x22, 0x22, 0x21, 0x22, 0x00, 0x00, 0x00, 0x00, 0x64, 0x00,
    0x00, 0x54, 0x01, 0x00, 0x00, 0x20, 0x89, 0x42, 0x21, 0x98, 0x02, 0x00, 0x00, 0x00, 0x63, 0x00,
    0x00, 0x43, 0x00, 0x00, 0x00, 0x43, 0x53, 0x44, 0x52, 0x35, 0x34, 0x00, 0x00, 0x00, 0x53, 0x00,
    0x00, 0x43, 0x00, 0x00, 0x30, 0x83, 0x22, 0x23, 0x22, 0x22, 0x38, 0x03, 0x00, 0x00, 0x54, 0x00,
    0x00, 0x42, 0x00, 0x00, 0x50, 0x42, 0x39, 0x43, 0x52, 0x93, 0x24, 0x05, 0x00, 0x00, 0x44, 0x00,
    0x00, 0x10, 0x04, 0x00, 0x30, 0x25, 0x77, 0x52, 0x23, 0x67, 0x35, 0x02, 0x00, 0x60, 0x02, 0x00,
    0x00, 0x10, 0x04, 0x00, 0x30, 0x93, 0x53, 0x52, 0x62, 0x35, 0x56, 0x02, 0x40, 0x56, 0x00, 0x00,
    0x00, 0x00, 0x51, 0x56, 0x20, 0x72, 0x26, 0x52, 0x33, 0x31, 0x52, 0x66, 0x46, 0x02, 0x00, 0x00,
    0x00, 0x00, 0x00, 0x20, 0x34, 0x22, 0x35, 0x22, 0x22, 0x22, 0x55, 0x02, 0x00, 0x00, 0x00, 0x00,
    0x00, 0x00, 0x00, 0x00, 0x20, 0x82, 0x22, 0x52, 0x43, 0x22, 0x28, 0x02, 0x00, 0x00, 0x00, 0x00,
    0x00, 0x00, 0x00, 0x00, 0x20, 0x35, 0x25, 0x22, 0x23, 0x52, 0x53, 0x02, 0x00, 0x00, 0x00, 0x00,
    0x00, 0x00, 0x00, 0x00, 0x20, 0x82, 0x11, 0x33, 0x42, 0x11, 0x28, 0x00, 0x00, 0x00, 0x00, 0x00,
    0x00, 0x00, 0x00, 0x00, 0x20, 0x72, 0x23, 0x23, 0x22, 0x32, 0x27, 0x00, 0x00, 0x00, 0x00, 0x00,
    0x00, 0x00, 0x00, 0x00, 0x20, 0x52, 0x33, 0x33, 0x52, 0x33, 0x25, 0x00, 0x00, 0x00, 0x00, 0x00,
    0x00, 0x00, 0x00, 0x00, 0x20, 0x54, 0x24, 0x42, 0x32, 0x42, 0x45, 0x00, 0x00, 0x00, 0x00, 0x00,
    0x00, 0x00, 0x00, 0x00, 0x50, 0x43, 0x33, 0x33, 0x22, 0x33, 0x34, 0x00, 0x00, 0x00, 0x00, 0x00,
    0x00, 0x00, 0x00, 0x00, 0x70, 0x88, 0x23, 0x22, 0x32, 0x32, 0x58, 0x00, 0x00, 0x00, 0x00, 0x00,
    0x00, 0x00, 0x00, 0x00, 0x30, 0x27, 0x24, 0x32, 0x22, 0x42, 0x52, 0x00, 0x00, 0x00, 0x00, 0x00,
    0x00, 0x00, 0x00, 0x00, 0x00, 0x02, 0x12, 0x22, 0x22, 0x21, 0x05, 0x00, 0x00, 0x00, 0x00, 0x00,
};

static const uint8_t game_sprite_troog1[448] = {
    0x00, 0x00, 0x00, 0x00, 0x00, 0x00, 0x00, 0x00, 0x00, 0x00, 0x00, 0x00, 0x00, 0x00, 0x66, 0x00,
    0x00, 0x00, 0x00, 0x00, 0x00, 0x00, 0x55, 0x30, 0x54, 0x03, 0x55, 0x05, 0x00, 0x60, 0x05, 0x00,
    0x30, 0x64, 0x00, 0x00, 0x00, 0x50, 0x45, 0x54, 0x74, 0x55, 0x44, 0x04, 0x00, 0x60, 0x00, 0x00,
    0x00, 0x00, 0x04, 0x00, 0x00, 0x20, 0x52, 0x67, 0x73, 0x64, 0x67, 0x03, 0x00, 0x40, 0x00, 0x00,
    0x00, 0x00, 0x50, 0x00, 0x00, 0x20, 0x44, 0x42, 0x96, 0x34, 0x43, 0x06, 0x00, 0x30, 0x00, 0x00,
    0x00, 0x00, 0x50, 0x00, 0x00, 0x40, 0x23, 0x19, 0x22, 0x21, 0x12, 0x03, 0x00, 0x06, 0x00, 0x00,
    0x00, 0x00, 0x40, 0x00, 0x00, 0x10, 0x11, 0x1b, 0x11, 0x31, 0x13, 0x01, 0x00, 0x06, 0x00, 0x00,
    0x00, 0x00, 0x20, 0x05, 0x00, 0x10, 0x22, 0x42, 0x54, 0x34, 0x11, 0x02, 0x46, 0x04, 0x00, 0x00,
    0x00, 0x00, 0x00, 0x64, 0x04, 0x00, 0x22, 0x56, 0x54, 0x67, 0x23, 0x55, 0x33, 0x00, 0x00, 0x00,
    0x00, 0x00, 0x00, 0x30, 0x55, 0x44, 0x12, 0x12, 0x28, 0x11, 0x22, 0x22, 0x00, 0x00, 0x00, 0x00,
    0x00, 0x00, 0x00, 0x00, 0x00, 0x00, 0x00, 0x32, 0x24, 0x23, 0x01, 0x00, 0x00, 0x00, 0x00, 0x00,
    0x00, 0x00, 0x00, 0x00, 0x00, 0x00, 0x23, 0x32, 0x44, 0x22, 0x32, 0x44, 0x00, 0x00, 0x00, 0x00,
    0x00, 0x00, 0x00, 0x00, 0x00, 0x34, 0x02, 0x31, 0x22, 0x22, 0x00, 0x41, 0x05, 0x00, 0x00, 0x00,
    0x00, 0x00, 0x00, 0x00, 0x40, 0x14, 0x00, 0x31, 0x25, 0x03, 0x00, 0x20, 0x44, 0x00, 0x00, 0x00,
    0x00, 0x00, 0x00, 0x00, 0x60, 0x00, 0x00, 0x53, 0x43, 0x43, 0x00, 0x00, 0x50, 0x00, 0x00, 0x00,
    0x00, 0x00, 0x00, 0x00, 0x40, 0x00, 0x20, 0x39, 0x34, 0x49, 0x02, 0x00, 0x40, 0x04, 0x00, 0x00,
    0x00, 0x00, 0x00, 0x00, 0x30, 0x00, 0x83, 0x32, 0x22, 0x62, 0x35, 0x00, 0x20, 0x05, 0x00, 0x00,
    0x00, 0x00, 0x00, 0x00, 0x20, 0x40, 0x22, 0x36, 0x22, 0x76, 0x22, 0x00, 0x20, 0x05, 0x00, 0x00,
    0x00, 0x00, 0x00, 0x00, 0x20, 0x40, 0x93, 0x25, 0x35, 0x25, 0x28, 0x00, 0x00, 0x05, 0x00, 0x00,
    0x00, 0x00, 0x00, 0x00, 0x20, 0x30, 0x72, 0x22, 0x55, 0x81, 0x22, 0x00, 0x00, 0x04, 0x00, 0x00,
    0x00, 0x00, 0x00, 0x00, 0x20, 0x20, 0x55, 0x24, 0x22, 0x22, 0x28, 0x00, 0x00, 0x02, 0x00, 0x00,
    0x00, 0x00, 0x00, 0x00, 0x04, 0x00, 0x35, 0x23, 0x32, 0x52, 0x24, 0x00, 0x00, 0x40, 0x04, 0x00,
    0x00, 0x00, 0x00, 0x50, 0x03, 0x00, 0x82, 0x31, 0x33, 0x41, 0x07, 0x00, 0x00, 0x00, 0x00, 0x00,
    0x00, 0x00, 0x00, 0x04, 0x00, 0x00, 0x34, 0x23, 0x55, 0x53, 0x04, 0x00, 0x00, 0x00, 0x00, 0x00,
    0x00, 0x00, 0x00, 0x00, 0x00, 0x00, 0x54, 0x22, 0x54, 0x82, 0x03, 0x00, 0x00, 0x00, 0x00, 0x00,
    0x00, 0x00, 0x00, 0x00, 0x00, 0x00, 0x43, 0x33, 0x43, 0x23, 0x05, 0x00, 0x00, 0x00, 0x00, 0x00,
    0x00, 0x00, 0x00, 0x00, 0x00, 0x00, 0x59, 0x22, 0x22, 0x92, 0x08, 0x00, 0x00, 0x00, 0x00, 0x00,
    0x00, 0x00, 0x00, 0x00, 0x00, 0x00, 0x14, 0x22, 0x22, 0x22, 0x07, 0x00, 0x00, 0x00, 0x00, 0x00,
};

static const uint8_t game_sprite_trooh1[656] = {
    0x00, 0x00, 0x00, 0x00, 0x00, 0x00, 0x00, 0x55, 0x55, 0x05, 0x00, 0x00, 0x00, 0x00, 0x00, 0x00,
    0x00, 0x00, 0x00, 0x00, 0x00, 0x00, 0x00, 0x44, 0x44, 0x54, 0x00, 0x00, 0x00, 0x00, 0x00, 0x00,
    0x00, 0x00, 0x00, 0x00, 0x00, 0x00, 0x50, 0x33, 0x44, 0x44, 0x05, 0x00, 0x00, 0x00, 0x00, 0x00,
    0x00, 0x00, 0x00, 0x00, 0x00, 0x00, 0x30, 0x63, 0xaa, 0x25, 0x64, 0x99, 0x00, 0x00, 0x00, 0x00,
    0x00, 0x00, 0x00, 0x00, 0x00, 0x00, 0x40, 0xa6, 0x66, 0x58, 0x64, 0x98, 0x78, 0x56, 0x05, 0x00,
    0x00, 0x00, 0x00, 0x00, 0x00, 0x00, 0x55, 0x27, 0x11, 0x21, 0x44, 0x67, 0x45, 0x44, 0x44, 0x05,
    0x00, 0x00, 0x00, 0x00, 0x00, 0x00, 0x65, 0x14, 0x42, 0x11, 0x42, 0x55, 0x43, 0x33, 0x43, 0x54,
    0x00, 0x50, 0x00, 0x00, 0x00, 0x00, 0x44, 0x13, 0xc9, 0x16, 0x11, 0x22, 0x42, 0x95, 0x37, 0x44,
    0x70, 0x04, 0x00, 0x00, 0x00, 0x00, 0x22, 0x23, 0x32, 0x11, 0x11, 0x21, 0x28, 0x52, 0x48, 0x44,
    0x40, 0x00, 0x00, 0x00, 0x00, 0x00, 0x22, 0x22, 0x32, 0x54, 0x12, 0x51, 0x4c, 0x42, 0x47, 0x04,
    0x08, 0x00, 0x00, 0x00, 0x00, 0x70, 0x36, 0x66, 0x66, 0x55, 0x82, 0x11, 0x15, 0x51, 0x46, 0x04,
    0x08, 0x00, 0x00, 0x00, 0x80, 0x78, 0x13, 0x45, 0x23, 0x22, 0x85, 0x13, 0x11, 0x62, 0x35, 0x00,
    0x06, 0x00, 0x00, 0x80, 0x68, 0x33, 0x42, 0x63, 0x88, 0x23, 0x31, 0x87, 0x32, 0x33, 0x04, 0x00,
    0x64, 0x00, 0x00, 0x97, 0x34, 0x02, 0x42, 0x65, 0x45, 0x22, 0x25, 0x64, 0x22, 0x23, 0x02, 0x00,
    0x50, 0x86, 0x68, 0x26, 0x00, 0x33, 0x21, 0x53, 0x47, 0x23, 0x84, 0x22, 0x42, 0x22, 0x00, 0x00,
    0x20, 0x54, 0x45, 0x03, 0x00, 0x34, 0x21, 0x85, 0x25, 0x55, 0x32, 0x23, 0x42, 0x04, 0x00, 0x00,
    0x00, 0x00, 0x00, 0x00, 0x55, 0x13, 0x22, 0x22, 0x12, 0x21, 0x23, 0x34, 0x43, 0x08, 0x00, 0x00,
    0x00, 0x00, 0x00, 0x00, 0x56, 0x12, 0x22, 0x64, 0x22, 0x22, 0x13, 0x23, 0x20, 0x58, 0x00, 0x00,
    0x00, 0x00, 0x00, 0x80, 0x23, 0x00, 0x22, 0x54, 0x12, 0x56, 0x42, 0x22, 0x05, 0x64, 0x00, 0x00,
    0x00, 0x00, 0x00, 0x57, 0x22, 0x00, 0x22, 0x65, 0x42, 0x42, 0x43, 0x22, 0x25, 0x64, 0x00, 0x00,
    0x00, 0x00, 0x60, 0x27, 0x00, 0x60, 0x34, 0x22, 0x11, 0x24, 0x02, 0x00, 0x62, 0x64, 0x00, 0x00,
    0x00, 0x00, 0x70, 0x03, 0x00, 0x76, 0x59, 0x43, 0x52, 0x33, 0x09, 0x00, 0x20, 0x45, 0x00, 0x00,
    0x00, 0x00, 0x50, 0x02, 0x00, 0x67, 0x99, 0x21, 0x21, 0x73, 0x08, 0x00, 0x20, 0x35, 0x00, 0x00,
    0x00, 0x00, 0x34, 0x00, 0x00, 0x77, 0x77, 0x65, 0x42, 0x77, 0x55, 0x45, 0x50, 0x45, 0x03, 0x00,
    0x00, 0x00, 0x24, 0x00, 0x50, 0x86, 0x68, 0x55, 0x42, 0x65, 0x98, 0x23, 0x60, 0x24, 0x04, 0x00,
    0x00, 0x00, 0x33, 0x00, 0x50, 0x23, 0x99, 0x32, 0x22, 0x82, 0x78, 0x00, 0x40, 0x34, 0x04, 0x00,
    0x00, 0x00, 0x33, 0x00, 0x50, 0x24, 0x87, 0x64, 0x23, 0x73, 0x77, 0x06, 0x45, 0x33, 0x04, 0x00,
    0x00, 0x00, 0x42, 0x40, 0x64, 0x98, 0x35, 0x54, 0x24, 0x33, 0x75, 0x08, 0x45, 0x00, 0x03, 0x00,
    0x00, 0x00, 0x43, 0x63, 0x54, 0x97, 0x48, 0x22, 0x12, 0x21, 0x88, 0x54, 0x04, 0x00, 0x53, 0x00,
    0x00, 0x00, 0x32, 0x54, 0x42, 0x12, 0x44, 0x42, 0x46, 0x52, 0x55, 0x46, 0x00, 0x00, 0x60, 0x00,
    0x00, 0x00, 0x42, 0x44, 0x42, 0x86, 0x48, 0x55, 0x56, 0x32, 0x93, 0x25, 0x00, 0x00, 0x60, 0x00,
    0x00, 0x20, 0x52, 0x33, 0x02, 0x74, 0x33, 0x22, 0x32, 0x21, 0x42, 0x72, 0x00, 0x00, 0x40, 0x00,
    0x00, 0x20, 0x53, 0x42, 0x00, 0x35, 0x22, 0x22, 0x54, 0x22, 0x44, 0x73, 0x00, 0x00, 0x40, 0x00,
    0x00, 0x20, 0x23, 0x43, 0x02, 0x33, 0x78, 0x44, 0x43, 0x12, 0x44, 0x88, 0x00, 0x00, 0x40, 0x00,
    0x00, 0x10, 0x22, 0x42, 0x45, 0x33, 0x31, 0x12, 0x21, 0x24, 0x24, 0x56, 0x00, 0x00, 0x00, 0x00,
    0x00, 0x00, 0x42, 0x42, 0x55, 0x32, 0x54, 0x22, 0x43, 0x24, 0x23, 0xb9, 0x00, 0x00, 0x00, 0x00,
    0x00, 0x00, 0x20, 0x43, 0x44, 0x24, 0x77, 0x22, 0x22, 0x22, 0x32, 0x11, 0x00, 0x00, 0x00, 0x00,
    0x00, 0x00, 0x10, 0x41, 0x44, 0x33, 0x22, 0x77, 0x21, 0x22, 0x32, 0x66, 0x00, 0x00, 0x00, 0x00,
    0x00, 0x00, 0x00, 0x10, 0x22, 0x22, 0x92, 0x23, 0x22, 0x12, 0x22, 0x54, 0x00, 0x00, 0x00, 0x00,
    0x00, 0x00, 0x00, 0x00, 0x52, 0x22, 0x32, 0x22, 0x21, 0x11, 0x21, 0x79, 0x00, 0x00, 0x00, 0x00,
    0x00, 0x00, 0x00, 0x00, 0x00, 0x07, 0x89, 0x76, 0x88, 0x11, 0x22, 0x00, 0x00, 0x00, 0x00, 0x00,
};

static const uint8_t game_sprite_trooi0[656] = {
    0x00, 0x00, 0x00, 0x00, 0x00, 0x00, 0x00, 0x55, 0x55, 0x05, 0x00, 0x00, 0x00, 0x00, 0x00, 0x00,
    0x00, 0x00, 0x00, 0x00, 0x00, 0x00, 0x00, 0x44, 0x44, 0x54, 0x00, 0x00, 0x00, 0x00, 0x00, 0x00,
    0x00, 0x00, 0x00, 0x00, 0x00, 0x00, 0x50, 0x33, 0x44, 0x44, 0x05, 0x00, 0x00, 0x00, 0x00, 0x00,
    0x00, 0x00, 0x00, 0x00, 0x00, 0x00, 0x30, 0x63, 0xaa, 0x25, 0x64, 0x99, 0x00, 0x00, 0x00, 0x00,
    0x00, 0x00, 0x00, 0x00, 0x00, 0x00, 0x40, 0xa6, 0x66, 0x58, 0x64, 0x98, 0x78, 0x56, 0x05, 0x00,
    0x00, 0x00, 0x00, 0x00, 0x00, 0x00, 0x55, 0x27, 0x11, 0x21, 0x44, 0x67, 0x45, 0x44, 0x44, 0x05,
    0x00, 0x00, 0x00, 0x00, 0x00, 0x00, 0x65, 0x14, 0x43, 0x11, 0x42, 0x55, 0x43, 0x33, 0x43, 0x54,
    0x00, 0x50, 0x00, 0x00, 0x00, 0x00, 0x44, 0x13, 0xc9, 0x16, 0x11, 0x22, 0x42, 0x95, 0x37, 0x44,
    0x70, 0x04, 0x00, 0x00, 0x00, 0x00, 0x22, 0x23, 0x33, 0x11, 0x11, 0x21, 0x28, 0x52, 0x48, 0x44,
    0x40, 0x00, 0x00, 0x00, 0x00, 0x00, 0x22, 0x22, 0x33, 0x54, 0x12, 0x51, 0x4c, 0x42, 0x47, 0x04,
    0x08, 0x00, 0x00, 0x00, 0x00, 0x70, 0x36, 0x66, 0x66, 0x55, 0x82, 0x11, 0x15, 0x51, 0x46, 0x04,
    0x08, 0x00, 0x00, 0x00, 0x80, 0x78, 0x13, 0x45, 0x23, 0x22, 0x85, 0x13, 0x11, 0x62, 0x35, 0x00,
    0x06, 0x00, 0x00, 0x80, 0x68, 0x33, 0x42, 0x63, 0x88, 0x23, 0x31, 0x87, 0x32, 0x33, 0x04, 0x00,
    0x64, 0x00, 0x00, 0x97, 0x34, 0x02, 0x42, 0x65, 0x45, 0x22, 0x25, 0x64, 0x22, 0x23, 0x02, 0x00,
    0x50, 0x86, 0x68, 0x26, 0x00, 0x33, 0x21, 0x53, 0x47, 0x23, 0x84, 0x22, 0x42, 0x22, 0x00, 0x00,
    0x20, 0x54, 0x45, 0x03, 0x00, 0x34, 0x21, 0x85, 0x25, 0x55, 0x32, 0x23, 0x42, 0x04, 0x00, 0x00,
    0x00, 0x00, 0x00, 0x00, 0x55, 0x13, 0x22, 0x22, 0x12, 0x34, 0x33, 0x34, 0x43, 0x08, 0x00, 0x00,
    0x00, 0x00, 0x00, 0x00, 0x56, 0x12, 0x22, 0x64, 0x22, 0x42, 0x33, 0x23, 0x20, 0x58, 0x00, 0x00,
    0x00, 0x00, 0x00, 0x80, 0x23, 0x00, 0x22, 0x54, 0x12, 0x56, 0x42, 0x22, 0x05, 0x64, 0x00, 0x00,
    0x00, 0x00, 0x00, 0x57, 0x22, 0x00, 0x22, 0x65, 0x42, 0x42, 0x43, 0x22, 0x25, 0x64, 0x00, 0x00,
    0x00, 0x00, 0x60, 0x27, 0x00, 0x60, 0x34, 0x22, 0x11, 0x24, 0x02, 0x00, 0x62, 0x64, 0x00, 0x00,
    0x00, 0x00, 0x70, 0x03, 0x00, 0x76, 0x59, 0x43, 0x52, 0x33, 0x09, 0x00, 0x20, 0x45, 0x00, 0x00,
    0x00, 0x00, 0x50, 0x02, 0x00, 0x67, 0x99, 0x21, 0x21, 0x73, 0x08, 0x00, 0x20, 0x35, 0x00, 0x00,
    0x00, 0x00, 0x34, 0x00, 0x00, 0x77, 0x77, 0x65, 0x42, 0x77, 0x55, 0x45, 0x50, 0x45, 0x03, 0x00,
    0x00, 0x00, 0x24, 0x00, 0x50, 0x86, 0x68, 0x55, 0x42, 0x65, 0x98, 0x23, 0x60, 0x24, 0x04, 0x00,
    0x00, 0x00, 0x33, 0x00, 0x50, 0x23, 0x99, 0x32, 0x22, 0x82, 0x78, 0x00, 0x40, 0x34, 0x04, 0x00,
    0x00, 0x00, 0x33, 0x00, 0x50, 0x24, 0x87, 0x64, 0x23, 0x73, 0x77, 0x06, 0x45, 0x33, 0x04, 0x00,
    0x00, 0x00, 0x42, 0x40, 0x64, 0x98, 0x35, 0x54, 0x24, 0x33, 0x75, 0x08, 0x45, 0x00, 0x03, 0x00,
    0x00, 0x00, 0x43, 0x63, 0x54, 0x97, 0x48, 0x22, 0x12, 0x21, 0x88, 0x54, 0x04, 0x00, 0x53, 0x00,
    0x00, 0x00, 0x32, 0x54, 0x42, 0x12, 0x44, 0x42, 0x46, 0x52, 0x55, 0x46, 0x00, 0x00, 0x60, 0x00,
    0x00, 0x00, 0x42, 0x44, 0x42, 0x86, 0x48, 0x55, 0x56, 0x32, 0x93, 0x25, 0x00, 0x00, 0x60, 0x00,
    0x00, 0x20, 0x52, 0x33, 0x02, 0x74, 0x33, 0x22, 0x32, 0x21, 0x42, 0x72, 0x00, 0x00, 0x40, 0x00,
    0x00, 0x20, 0x53, 0x42, 0x00, 0x35, 0x22, 0x22, 0x54, 0x22, 0x44, 0x73, 0x00, 0x00, 0x40, 0x00,
    0x00, 0x20, 0x23, 0x43, 0x02, 0x33, 0x78, 0x44, 0x43, 0x12, 0x44, 0x88, 0x00, 0x00, 0x40, 0x00,
    0x00, 0x10, 0x22, 0x42, 0x45, 0x33, 0x31, 0x12, 0x21, 0x24, 0x24, 0x56, 0x00, 0x00, 0x00, 0x00,
    0x00, 0x00, 0x42, 0x42, 0x55, 0x32, 0x54, 0x22, 0x43, 0x24, 0x23, 0xb9, 0x00, 0x00, 0x00, 0x00,
    0x00, 0x00, 0x20, 0x43, 0x44, 0x24, 0x77, 0x22, 0x22, 0x22, 0x32, 0x11, 0x00, 0x00, 0x00, 0x00,
    0x00, 0x00, 0x10, 0x41, 0x44, 0x33, 0x22, 0x77, 0x21, 0x22, 0x32, 0x66, 0x00, 0x00, 0x00, 0x00,
    0x00, 0x00, 0x00, 0x10, 0x22, 0x22, 0x92, 0x23, 0x22, 0x12, 0x22, 0x54, 0x00, 0x00, 0x00, 0x00,
    0x00, 0x00, 0x00, 0x00, 0x52, 0x22, 0x32, 0x22, 0x21, 0x11, 0x21, 0x79, 0x00, 0x00, 0x00, 0x00,
    0x00, 0x00, 0x00, 0x00, 0x00, 0x07, 0x89, 0x76, 0x88, 0x11, 0x22, 0x00, 0x00, 0x00, 0x00, 0x00,
};

static const uint8_t game_sprite_trooj0[576] = {
    0x00, 0x00, 0x00, 0x00, 0x00, 0x00, 0x00, 0x07, 0x00, 0x00, 0x00, 0x00, 0x00, 0x00, 0x00, 0x00,
    0x00, 0x00, 0x00, 0x00, 0x00, 0x00, 0x00, 0x00, 0x00, 0x40, 0x00, 0x00, 0x00, 0x00, 0x00, 0x00,
    0x00, 0x00, 0x00, 0x00, 0x00, 0x00, 0x00, 0x00, 0x00, 0x40, 0x44, 0x44, 0x04, 0x00, 0x00, 0x00,
    0x00, 0x00, 0x00, 0x00, 0x00, 0x00, 0x00, 0x03, 0x00, 0x40, 0x34, 0x43, 0x43, 0x00, 0x00, 0x00,
    0x00, 0x00, 0x00, 0x00, 0x00, 0x00, 0x50, 0x00, 0x00, 0x40, 0x53, 0x65, 0x34, 0x00, 0x00, 0x00,
    0x00, 0x00, 0x00, 0x00, 0x00, 0x00, 0x50, 0x03, 0x60, 0x44, 0x88, 0x46, 0x44, 0x44, 0x44, 0x00,
    0x00, 0x00, 0x00, 0x00, 0x00, 0x00, 0x37, 0x30, 0x27, 0x34, 0x67, 0x44, 0x43, 0x24, 0x33, 0x04,
    0x00, 0x00, 0x00, 0x00, 0x00, 0x00, 0x25, 0x30, 0x13, 0x33, 0x55, 0x33, 0x55, 0x45, 0x42, 0x04,
    0x00, 0x00, 0x00, 0x00, 0x00, 0x60, 0x02, 0x42, 0xb2, 0x11, 0x32, 0x13, 0x62, 0x69, 0x34, 0x03,
    0x00, 0x00, 0x00, 0x00, 0x60, 0x46, 0x30, 0x33, 0x12, 0x11, 0x11, 0x31, 0x62, 0x78, 0x33, 0x44,
    0x00, 0x00, 0x00, 0x00, 0x55, 0x04, 0x30, 0x20, 0x23, 0x11, 0x51, 0x6b, 0x62, 0x67, 0x34, 0x43,
    0x00, 0x00, 0x00, 0x00, 0x36, 0x02, 0x00, 0x83, 0x38, 0x22, 0x11, 0x31, 0x82, 0x66, 0x34, 0x43,
    0x00, 0x00, 0x00, 0x40, 0x04, 0x70, 0x24, 0x22, 0x32, 0x87, 0x11, 0x11, 0x26, 0x12, 0x33, 0x43,
    0x00, 0x00, 0x00, 0x20, 0x54, 0x24, 0x43, 0x67, 0x65, 0x45, 0x12, 0x21, 0x25, 0x64, 0x02, 0x00,
    0x00, 0x00, 0x00, 0x00, 0x22, 0x42, 0x66, 0x23, 0x42, 0x56, 0x12, 0x31, 0x36, 0x22, 0x00, 0x00,
    0x00, 0x00, 0x00, 0x40, 0x32, 0x36, 0x22, 0x44, 0x35, 0x32, 0x13, 0x31, 0x42, 0x36, 0x00, 0x00,
    0x00, 0x00, 0x60, 0x25, 0x34, 0x22, 0x45, 0x43, 0x34, 0x22, 0x11, 0x31, 0x25, 0x01, 0x00, 0x00,
    0x00, 0x00, 0x26, 0x51, 0x22, 0x00, 0x32, 0x43, 0x34, 0x22, 0x22, 0x21, 0x22, 0x02, 0x00, 0x00,
    0x00, 0x70, 0x13, 0x50, 0x02, 0x60, 0x24, 0x43, 0x15, 0x34, 0x12, 0x11, 0x02, 0x00, 0x00, 0x00,
    0x00, 0x36, 0x60, 0x14, 0x00, 0x40, 0x31, 0x26, 0x43, 0x22, 0x02, 0x00, 0x00, 0x00, 0x00, 0x00,
    0x60, 0x01, 0x15, 0x00, 0x70, 0x28, 0x36, 0x52, 0x34, 0x22, 0x00, 0x00, 0x00, 0x00, 0x00, 0x00,
    0x20, 0x40, 0x00, 0x50, 0x58, 0x65, 0x46, 0x12, 0x26, 0x00, 0x00, 0x00, 0x00, 0x00, 0x00, 0x00,
    0x20, 0x23, 0x80, 0x08, 0x57, 0x46, 0x12, 0x82, 0x23, 0x00, 0x00, 0x00, 0x00, 0x00, 0x00, 0x00,
    0x05, 0x00, 0x00, 0x55, 0x13, 0x21, 0x88, 0x23, 0x6a, 0x33, 0x00, 0x00, 0x00, 0x00, 0x00, 0x00,
    0x02, 0x50, 0x48, 0x54, 0x21, 0x46, 0x55, 0x96, 0x94, 0x33, 0x0a, 0x00, 0x00, 0x00, 0x00, 0x00,
    0x02, 0x00, 0x35, 0x21, 0x12, 0x82, 0x22, 0x85, 0x83, 0x32, 0x85, 0x00, 0x00, 0x00, 0x00, 0x00,
    0x00, 0x00, 0x23, 0x13, 0x61, 0x73, 0x57, 0x64, 0x56, 0x12, 0x52, 0x06, 0x00, 0x00, 0x00, 0x00,
    0x00, 0x23, 0x50, 0x22, 0x75, 0x27, 0x15, 0x63, 0x16, 0x00, 0x10, 0x63, 0x00, 0x00, 0x00, 0x00,
    0x00, 0x00, 0x20, 0x83, 0x47, 0x75, 0x31, 0x72, 0xa2, 0x00, 0x00, 0x40, 0x00, 0x00, 0x00, 0x00,
    0x00, 0x70, 0x28, 0x83, 0x77, 0x52, 0x42, 0x53, 0x72, 0x00, 0x00, 0x30, 0x00, 0x00, 0x00, 0x00,
    0x00, 0x00, 0x75, 0x82, 0x73, 0x17, 0x54, 0x28, 0x33, 0x00, 0x00, 0x00, 0x00, 0x00, 0x00, 0x00,
    0x00, 0x00, 0x50, 0x51, 0x12, 0x62, 0x22, 0x35, 0x26, 0x00, 0x00, 0x00, 0x00, 0x00, 0x00, 0x00,
    0x00, 0x00, 0x00, 0x21, 0x31, 0x35, 0x51, 0x42, 0x14, 0x00, 0x00, 0x00, 0x00, 0x00, 0x00, 0x00,
    0x00, 0x00, 0x00, 0x10, 0x12, 0x21, 0x23, 0x31, 0x01, 0x00, 0x00, 0x00, 0x00, 0x00, 0x00, 0x00,
    0x00, 0x00, 0x00, 0x00, 0x11, 0x31, 0x36, 0x12, 0x00, 0x00, 0x00, 0x00, 0x00, 0x00, 0x00, 0x00,
    0x00, 0x00, 0x00, 0x00, 0x00, 0x20, 0x11, 0x00, 0x00, 0x00, 0x00, 0x00, 0x00, 0x00, 0x00, 0x00,
};

static const uint8_t game_sprite_trook0[608] = {
    0x00, 0x00, 0x00, 0x00, 0x00, 0x05, 0x00, 0x00, 0x00, 0x00, 0x00, 0x00, 0x00, 0x00, 0x00, 0x00,
    0x00, 0x00, 0x00, 0x00, 0x00, 0x00, 0x00, 0x30, 0x80, 0x00, 0x00, 0x00, 0x00, 0x00, 0x00, 0x00,
    0x00, 0x00, 0x00, 0x00, 0x00, 0x00, 0x00, 0x00, 0x08, 0x00, 0x30, 0x23, 0x00, 0x00, 0x00, 0x00,
    0x00, 0x00, 0x00, 0x00, 0x00, 0x00, 0x00, 0x00, 0x00, 0x40, 0x44, 0x44, 0x04, 0x00, 0x00, 0x00,
    0x00, 0x00, 0x00, 0x00, 0x30, 0x04, 0x25, 0x00, 0x00, 0x48, 0x33, 0x43, 0x44, 0x55, 0x00, 0x00,
    0x00, 0x00, 0x00, 0x00, 0x00, 0x04, 0x05, 0x00, 0x30, 0x54, 0x45, 0x55, 0x44, 0x44, 0x44, 0x00,
    0x00, 0x00, 0x00, 0x00, 0x00, 0x46, 0x33, 0x00, 0x35, 0x76, 0x47, 0x63, 0x66, 0x32, 0x33, 0x04,
    0x00, 0x00, 0x00, 0x00, 0x60, 0x03, 0x22, 0x50, 0x33, 0x65, 0x73, 0x77, 0x78, 0x34, 0x34, 0x04,
    0x00, 0x00, 0x00, 0x00, 0x36, 0x00, 0x33, 0x26, 0x11, 0x11, 0x11, 0x41, 0x56, 0x56, 0x44, 0x03,
    0x00, 0x00, 0x00, 0x40, 0x06, 0x00, 0x03, 0x14, 0x11, 0x11, 0x11, 0x11, 0x43, 0x58, 0x34, 0x44,
    0x00, 0x00, 0x00, 0x40, 0x05, 0x00, 0x00, 0x24, 0x22, 0x21, 0x11, 0x11, 0x32, 0x58, 0x34, 0x44,
    0x00, 0x00, 0x00, 0x20, 0x52, 0x34, 0x12, 0x33, 0x87, 0x88, 0x88, 0x25, 0x42, 0x23, 0x32, 0x43,
    0x00, 0x00, 0x00, 0x00, 0x32, 0x34, 0x22, 0x63, 0x46, 0x44, 0x64, 0x27, 0x33, 0x44, 0x22, 0x43,
    0x00, 0x00, 0x00, 0x00, 0x00, 0x00, 0x22, 0x36, 0x44, 0x44, 0x22, 0x63, 0x22, 0x43, 0x22, 0x43,
    0x00, 0x00, 0x00, 0x00, 0x00, 0x20, 0x32, 0x34, 0x44, 0x67, 0x24, 0x62, 0x23, 0x32, 0x33, 0x40,
    0x00, 0x00, 0x60, 0x57, 0x34, 0x12, 0x62, 0x32, 0x32, 0x12, 0x52, 0x21, 0x22, 0x22, 0x00, 0x00,
    0x00, 0x00, 0x56, 0x34, 0x22, 0x22, 0x62, 0x44, 0x32, 0x22, 0x23, 0x22, 0x22, 0x22, 0x00, 0x00,
    0x00, 0x46, 0x23, 0x22, 0x02, 0x40, 0x54, 0x44, 0x22, 0x44, 0x23, 0x22, 0x22, 0x02, 0x00, 0x00,
    0x40, 0x32, 0x50, 0x77, 0x37, 0x33, 0x25, 0x43, 0x75, 0x12, 0x24, 0x02, 0x00, 0x00, 0x00, 0x00,
    0x20, 0x00, 0x00, 0x77, 0x48, 0x22, 0x25, 0x21, 0x47, 0x11, 0x22, 0x03, 0x00, 0x00, 0x00, 0x00,
    0x03, 0x00, 0x00, 0x22, 0x43, 0x33, 0x34, 0x75, 0x21, 0x23, 0x02, 0x00, 0x00, 0x00, 0x00, 0x00,
    0x02, 0x00, 0x70, 0x57, 0x35, 0x42, 0x23, 0x47, 0x54, 0x53, 0x00, 0x00, 0x00, 0x00, 0x00, 0x00,
    0x00, 0x00, 0x77, 0x55, 0x24, 0x32, 0x23, 0x24, 0x77, 0x44, 0x00, 0x00, 0x00, 0x00, 0x00, 0x00,
    0x00, 0x00, 0x00, 0x43, 0x25, 0x11, 0x54, 0x74, 0x55, 0x05, 0x00, 0x00, 0x00, 0x00, 0x00, 0x00,
    0x00, 0x00, 0x70, 0x22, 0x22, 0x34, 0x25, 0x74, 0x78, 0x06, 0x00, 0x00, 0x00, 0x00, 0x00, 0x00,
    0x00, 0x00, 0x55, 0x45, 0x34, 0x52, 0x32, 0x22, 0x55, 0x03, 0x54, 0x45, 0x44, 0x54, 0x00, 0x00,
    0x00, 0x00, 0x30, 0x44, 0x45, 0x32, 0x54, 0x24, 0x42, 0x32, 0x47, 0x44, 0x23, 0x22, 0x43, 0x00,
    0x00, 0x00, 0x77, 0x32, 0x22, 0x22, 0x42, 0x57, 0x43, 0x33, 0x43, 0x33, 0x22, 0x11, 0x22, 0x02,
    0x00, 0x00, 0x78, 0x54, 0x43, 0x22, 0x22, 0x55, 0x24, 0x74, 0x55, 0x23, 0x21, 0x00, 0x00, 0x30,
    0x00, 0x00, 0x57, 0x53, 0x43, 0x52, 0x47, 0x44, 0x22, 0x75, 0x37, 0x22, 0x03, 0x00, 0x00, 0x20,
    0x00, 0x00, 0x70, 0x35, 0x22, 0x52, 0x57, 0x22, 0x77, 0x77, 0x24, 0x00, 0x00, 0x00, 0x00, 0x00,
    0x00, 0x00, 0x85, 0x22, 0x23, 0x42, 0x23, 0x44, 0x87, 0x44, 0x02, 0x00, 0x00, 0x00, 0x00, 0x00,
    0x00, 0x00, 0x07, 0x33, 0x24, 0x41, 0x75, 0x55, 0x45, 0x22, 0x02, 0x00, 0x00, 0x00, 0x00, 0x00,
    0x00, 0x00, 0x00, 0x57, 0x24, 0x43, 0x33, 0x44, 0x47, 0x12, 0x02, 0x00, 0x00, 0x00, 0x00, 0x00,
    0x00, 0x00, 0x00, 0x77, 0x22, 0x23, 0x34, 0x33, 0x32, 0x02, 0x00, 0x00, 0x00, 0x00, 0x00, 0x00,
    0x00, 0x00, 0x00, 0x55, 0x43, 0x44, 0x34, 0x44, 0x42, 0x07, 0x00, 0x00, 0x00, 0x00, 0x00, 0x00,
    0x00, 0x00, 0x00, 0x50, 0x83, 0x54, 0x24, 0x35, 0x52, 0x57, 0x00, 0x00, 0x00, 0x00, 0x00, 0x00,
    0x00, 0x00, 0x00, 0x00, 0x50, 0x55, 0x57, 0x00, 0x00, 0x00, 0x00, 0x00, 0x00, 0x00, 0x00, 0x00,
};

static const uint8_t game_sprite_trool0[512] = {
    0x00, 0x00, 0x00, 0x00, 0x00, 0x00, 0x00, 0x00, 0x00, 0x00, 0x40, 0x55, 0x00, 0x00, 0x00, 0x00,
    0x00, 0x00, 0x00, 0x90, 0x03, 0x00, 0x00, 0x00, 0x00, 0x76, 0x66, 0x36, 0x05, 0x00, 0x00, 0x00,
    0x00, 0x00, 0x00, 0x90, 0x02, 0x00, 0x00, 0x00, 0x40, 0x78, 0x56, 0x55, 0x04, 0x00, 0x00, 0x00,
    0x00, 0x00, 0x00, 0x96, 0x00, 0x30, 0x00, 0x00, 0x45, 0x57, 0x42, 0x24, 0x74, 0x46, 0x05, 0x00,
    0x00, 0x00, 0x00, 0x87, 0x00, 0x40, 0x00, 0x33, 0x45, 0x12, 0x11, 0x11, 0x53, 0x66, 0x43, 0x00,
    0x00, 0x00, 0x00, 0x76, 0x00, 0x00, 0x00, 0x33, 0x44, 0x12, 0x11, 0x11, 0x41, 0x66, 0x44, 0x00,
    0x00, 0x00, 0x00, 0x64, 0x00, 0x04, 0x00, 0x44, 0x32, 0x12, 0x31, 0x21, 0x31, 0x34, 0x44, 0x00,
    0x00, 0x00, 0x00, 0x23, 0x87, 0x68, 0x45, 0x22, 0x32, 0x23, 0x24, 0x52, 0x32, 0x41, 0x55, 0x00,
    0x00, 0x00, 0x00, 0x20, 0x63, 0x67, 0x34, 0x22, 0x41, 0x33, 0x32, 0x33, 0x14, 0x11, 0x55, 0x00,
    0x00, 0x00, 0x00, 0x00, 0x22, 0x23, 0x32, 0x11, 0x32, 0x33, 0x22, 0x51, 0x24, 0x11, 0x54, 0x00,
    0x00, 0x00, 0x86, 0x88, 0x67, 0x45, 0x44, 0x24, 0x23, 0x22, 0x43, 0x88, 0x33, 0x12, 0x44, 0x00,
    0x00, 0x87, 0x68, 0x66, 0x44, 0x34, 0x22, 0x32, 0x22, 0x22, 0x63, 0x39, 0x77, 0x32, 0x04, 0x00,
    0x00, 0x46, 0x12, 0x22, 0x22, 0x12, 0x22, 0x77, 0x33, 0x32, 0x83, 0x24, 0x94, 0x26, 0x03, 0x00,
    0x46, 0x00, 0x00, 0x00, 0x70, 0x35, 0x76, 0x14, 0x22, 0x42, 0x54, 0x32, 0x54, 0x09, 0x00, 0x00,
    0x24, 0x00, 0x00, 0x00, 0x55, 0x33, 0x44, 0x22, 0x24, 0x34, 0x33, 0x04, 0x40, 0x09, 0x00, 0x00,
    0x02, 0x00, 0x00, 0x50, 0x44, 0x74, 0x36, 0x22, 0x35, 0x36, 0x33, 0x00, 0x40, 0x09, 0x00, 0x00,
    0x00, 0x00, 0x00, 0x50, 0x52, 0x26, 0x21, 0x44, 0x23, 0x23, 0x34, 0x00, 0x70, 0x07, 0x00, 0x00,
    0x00, 0x00, 0x00, 0x40, 0x64, 0x15, 0x73, 0x45, 0x56, 0x22, 0x33, 0x00, 0x80, 0x06, 0x00, 0x00,
    0x00, 0x00, 0x00, 0x40, 0x25, 0x12, 0x42, 0x45, 0x43, 0x22, 0x52, 0x00, 0x68, 0x05, 0x00, 0x00,
    0x00, 0x00, 0x50, 0x77, 0x66, 0x52, 0x76, 0x54, 0x24, 0x62, 0x47, 0x56, 0x04, 0x00, 0x00, 0x00,
    0x00, 0x00, 0x40, 0x55, 0x23, 0x22, 0x75, 0x44, 0x24, 0x78, 0x24, 0x06, 0x00, 0x00, 0x00, 0x00,
    0x00, 0x00, 0x00, 0x54, 0x32, 0x63, 0x57, 0x24, 0x42, 0x45, 0x22, 0x52, 0x00, 0x00, 0x00, 0x00,
    0x00, 0x00, 0x50, 0x77, 0x44, 0x52, 0x57, 0x22, 0x69, 0x54, 0x00, 0x00, 0x43, 0x05, 0x00, 0x00,
    0x00, 0x00, 0x40, 0x77, 0x32, 0x53, 0x75, 0x52, 0x28, 0x04, 0x00, 0x00, 0x00, 0x00, 0x00, 0x00,
    0x00, 0x00, 0x00, 0x44, 0x42, 0x36, 0x52, 0x62, 0x24, 0x00, 0x00, 0x00, 0x00, 0x00, 0x00, 0x00,
    0x00, 0x00, 0x00, 0x70, 0x35, 0x73, 0x57, 0x42, 0x22, 0x24, 0x34, 0x43, 0x44, 0x64, 0x00, 0x00,
    0x00, 0x00, 0x00, 0x77, 0x24, 0x73, 0x34, 0x52, 0x27, 0x27, 0x22, 0x22, 0x22, 0x42, 0x65, 0x00,
    0x00, 0x00, 0x00, 0x45, 0x22, 0x54, 0x52, 0x42, 0x55, 0x55, 0x24, 0x24, 0x44, 0x23, 0x43, 0x00,
    0x00, 0x00, 0x00, 0x00, 0x77, 0x21, 0x43, 0x54, 0x34, 0x23, 0x01, 0x00, 0x00, 0x00, 0x21, 0x04,
    0x00, 0x00, 0x00, 0x00, 0x57, 0x21, 0x72, 0x54, 0x75, 0x22, 0x00, 0x00, 0x00, 0x00, 0x20, 0x54,
    0x00, 0x00, 0x00, 0x00, 0x45, 0x52, 0x51, 0x25, 0x74, 0x00, 0x00, 0x00, 0x00, 0x00, 0x00, 0x42,
    0x00, 0x00, 0x00, 0x00, 0x00, 0x40, 0x45, 0x44, 0x04, 0x00, 0x00, 0x00, 0x00, 0x00, 0x00, 0x30,
};

static const uint8_t game_sprite_troom0[224] = {
    0x00, 0x00, 0x00, 0x00, 0x00, 0x00, 0x00, 0x00, 0x40, 0x04, 0x00, 0x00, 0x00, 0x00, 0x00, 0x00,
    0x00, 0x00, 0x00, 0x00, 0x00, 0x00, 0x00, 0x00, 0x44, 0x34, 0x43, 0x00, 0x00, 0x00, 0x00, 0x00,
    0x00, 0x00, 0x00, 0x00, 0x00, 0x00, 0x00, 0x10, 0x11, 0x11, 0x43, 0x04, 0x00, 0x00, 0x00, 0x00,
    0x00, 0x00, 0x00, 0x45, 0x00, 0x00, 0x00, 0x23, 0x14, 0x11, 0x42, 0x02, 0x00, 0x00, 0x00, 0x00,
    0x00, 0x00, 0x70, 0x14, 0x42, 0x53, 0x32, 0x22, 0x33, 0x24, 0x22, 0x02, 0x00, 0x00, 0x00, 0x00,
    0x00, 0x00, 0x70, 0x34, 0x44, 0x77, 0x34, 0x44, 0x42, 0x32, 0x44, 0x02, 0x00, 0x00, 0x00, 0x00,
    0x00, 0x00, 0x37, 0x22, 0x45, 0x15, 0x11, 0x22, 0x32, 0x34, 0x32, 0x64, 0x07, 0x00, 0x00, 0x00,
    0x00, 0x00, 0x48, 0x23, 0x33, 0x24, 0x11, 0x22, 0x31, 0x63, 0x22, 0x22, 0x73, 0x00, 0x00, 0x00,
    0x00, 0x00, 0x24, 0x25, 0x22, 0x32, 0x32, 0x32, 0x42, 0x23, 0x74, 0x00, 0x20, 0x64, 0x00, 0x00,
    0x00, 0x43, 0x23, 0x27, 0x55, 0x53, 0x32, 0x42, 0x21, 0x51, 0x22, 0x43, 0x68, 0x00, 0x52, 0x06,
    0x40, 0x44, 0x44, 0x11, 0x24, 0x23, 0x22, 0x22, 0x12, 0x22, 0x42, 0x33, 0x43, 0x88, 0x00, 0x00,
    0x00, 0x00, 0x00, 0x44, 0x22, 0x22, 0x44, 0x44, 0x44, 0x44, 0x42, 0x00, 0x00, 0x20, 0x74, 0x00,
    0x00, 0x00, 0x00, 0x00, 0x00, 0x00, 0x40, 0x23, 0x32, 0x33, 0x13, 0x00, 0x00, 0x00, 0x00, 0x00,
    0x00, 0x00, 0x00, 0x00, 0x00, 0x00, 0x02, 0x00, 0x00, 0x00, 0x00, 0x00, 0x00, 0x00, 0x00, 0x00,
};

static const uint8_t game_sprite_sarga1[720] = {
    0x00, 0x00, 0x00, 0x00, 0x00, 0x99, 0x99, 0x99, 0x08, 0x00, 0x00, 0x00, 0x00, 0x00, 0x00, 0x00,
    0x00, 0x00, 0x00, 0x80, 0xaa, 0xcb, 0xac, 0x0a, 0x00, 0x00, 0x00, 0x00, 0x00, 0x00, 0x00, 0x00,
    0x00, 0x70, 0x57, 0xaa, 0xaa, 0xaa, 0x9b, 0x88, 0x00, 0x00, 0x00, 0x00, 0x00, 0x00, 0x00, 0x00,
    0x70, 0x28, 0x87, 0x87, 0x88, 0x88, 0x78, 0x08, 0x00, 0x00, 0x00, 0x00, 0x00, 0x00, 0x00, 0x70,
    0x28, 0x74, 0x98, 0x98, 0x99, 0x78, 0x08, 0x00, 0x00, 0x00, 0x00, 0x00, 0x00, 0x00, 0x77, 0x48,
    0x63, 0x86, 0x77, 0x88, 0x88, 0x07, 0x00, 0x00, 0x00, 0x00, 0x00, 0x00, 0x00, 0x77, 0x47, 0x46,
    0x76, 0x65, 0x77, 0x56, 0x03, 0x00, 0x00, 0x00, 0x00, 0x00, 0x00, 0x00, 0x67, 0x35, 0x42, 0x34,
    0x33, 0x23, 0x32, 0x04, 0x00, 0x00, 0x00, 0x00, 0x00, 0x00, 0x00, 0x47, 0x34, 0x44, 0x44, 0x44,
    0x33, 0x33, 0x06, 0x00, 0x00, 0x00, 0x00, 0x00, 0x00, 0x00, 0x35, 0x33, 0x35, 0x52, 0x53, 0x34,
    0x53, 0x05, 0x00, 0x00, 0x00, 0x00, 0x00, 0x33, 0x44, 0x33, 0x42, 0x26, 0x62, 0x43, 0x24, 0x52,
    0x05, 0x00, 0x00, 0x00, 0x00, 0x00, 0x00, 0x80, 0x25, 0x33, 0x22, 0x26, 0x62, 0x35, 0x23, 0x05,
    0x00, 0x00, 0x00, 0x00, 0x00, 0x00, 0x00, 0x35, 0x23, 0x27, 0x62, 0x27, 0x44, 0x22, 0x06, 0x00,
    0x00, 0x00, 0x00, 0x00, 0x00, 0x00, 0x45, 0x63, 0x22, 0x26, 0x42, 0x34, 0x42, 0x06, 0x00, 0x00,
    0x00, 0x00, 0x00, 0x00, 0x00, 0x45, 0x43, 0x22, 0x77, 0x43, 0x45, 0x43, 0x05, 0x00, 0x00, 0x05,
    0x00, 0x00, 0x00, 0x00, 0x43, 0x36, 0x33, 0x45, 0x74, 0x35, 0x22, 0x04, 0x00, 0x00, 0x90, 0x00,
    0x00, 0x00, 0x00, 0x24, 0x33, 0x43, 0x47, 0x34, 0x33, 0x22, 0x02, 0x00, 0x00, 0x78, 0x00, 0x00,
    0x00, 0x40, 0x32, 0x64, 0x33, 0x34, 0x33, 0x43, 0x34, 0x02, 0x00, 0xa8, 0x05, 0x00, 0x00, 0x00,
    0x36, 0x00, 0x58, 0x24, 0x33, 0x54, 0x55, 0x45, 0x64, 0x85, 0x05, 0x00, 0x00, 0x00, 0x00, 0x06,
    0x00, 0x57, 0x45, 0x52, 0x55, 0x56, 0x66, 0x54, 0x46, 0x00, 0x00, 0x00, 0x00, 0x00, 0x00, 0x00,
    0x36, 0x98, 0x84, 0x89, 0x78, 0x77, 0x64, 0x00, 0x00, 0x00, 0x00, 0x00, 0x00, 0x00, 0x40, 0x35,
    0xa7, 0x96, 0x9a, 0x78, 0x77, 0x45, 0x00, 0x00, 0x00, 0x00, 0x00, 0x00, 0x00, 0x44, 0x93, 0xa8,
    0x98, 0x89, 0x78, 0x67, 0x44, 0x00, 0x00, 0x00, 0x00, 0x00, 0x00, 0x39, 0x87, 0x87, 0xa8, 0xbb,
    0xab, 0x89, 0x57, 0x03, 0x00, 0x00, 0x00, 0x00, 0x00, 0x40, 0x43, 0x00, 0x85, 0xba, 0xba, 0xab,
    0x7a, 0x37, 0x04, 0x00, 0x00, 0x00, 0x00, 0x00, 0x38, 0x00, 0x00, 0x87, 0xa8, 0xab, 0x89, 0x78,
    0x57, 0x03, 0x00, 0x00, 0x00, 0x00, 0x00, 0x03, 0x00, 0x00, 0x87, 0xa8, 0xbb, 0xab, 0x89, 0x57,
    0x03, 0x00, 0x00, 0x00, 0x00, 0x00, 0x05, 0x00, 0x60, 0x95, 0xba, 0xbb, 0x9a, 0x78, 0x47, 0x03,
    0x00, 0x00, 0x00, 0x00, 0x00, 0x68, 0x00, 0x60, 0x85, 0xbb, 0xaa, 0xaa, 0x7a, 0x37, 0x04, 0x00,
    0x00, 0x00, 0x00, 0x00, 0x78, 0x55, 0x50, 0x86, 0xba, 0xbc, 0x9a, 0x78, 0x58, 0x03, 0x00, 0x00,
    0x00, 0x00, 0x00, 0x80, 0x06, 0x50, 0xa6, 0xbb, 0xab, 0x88, 0x98, 0xa8, 0x07, 0x00, 0x00, 0x00,
    0x00, 0x00, 0x00, 0x05, 0x59, 0xb6, 0xbb, 0xaa, 0x88, 0x67, 0x33, 0x7a, 0x00, 0x00, 0x00, 0x00,
    0x00, 0x00, 0x00, 0x56, 0xb7, 0xaa, 0xaa, 0x89, 0x58, 0x34, 0x83, 0x07, 0x00, 0x00, 0x00, 0x00,
    0x00, 0x00, 0x65, 0xa7, 0xcc, 0xbc, 0xaa, 0x68, 0x34, 0xc4, 0x57, 0x87, 0x00, 0x00, 0x66, 0x00,
    0x00, 0x45, 0x95, 0xcc, 0x9b, 0x88, 0x77, 0x34, 0x34, 0x59, 0xaa, 0x89, 0x00, 0x88, 0x00, 0x50,
    0x53, 0x88, 0xbb, 0x9a, 0x99, 0x67, 0x34, 0x33, 0x5a, 0xbb, 0x99, 0x00, 0x65, 0x00, 0x99, 0x88,
    0xb8, 0xcc, 0xab, 0x9a, 0x68, 0x56, 0x33, 0x4a, 0xcc, 0x9b, 0x08, 0x50, 0x78, 0x60, 0x76, 0xa9,
    0xbb, 0xaa, 0xaa, 0x89, 0x89, 0x87, 0xb8, 0xbb, 0xbb, 0x87, 0x50, 0x00, 0x00, 0x87, 0xab, 0xaa,
    0x99, 0xaa, 0x9a, 0x79, 0xa9, 0xcb, 0xab, 0xab, 0x87, 0x00, 0x00, 0x00, 0x87, 0x98, 0x99, 0x98,
    0xaa, 0x9a, 0x88, 0xa8, 0xcb, 0xaa, 0x8a, 0x86, 0x00, 0x00, 0x00, 0x76, 0x97, 0x88, 0x88, 0x88,
    0x8a, 0x98, 0x99, 0x9a, 0x89, 0x88, 0x76, 0x00, 0x00, 0x00, 0x66, 0x65, 0x76, 0x77, 0x77, 0x67,
    0x66, 0x76, 0x87, 0x76, 0x67, 0x86, 0x00, 0x00, 0x00, 0x65, 0x66, 0x65, 0x66, 0x77, 0x67, 0x55,
    0x66, 0x66, 0x76, 0x67, 0x06, 0x00, 0x00, 0x00, 0x55, 0x55, 0x55, 0x66, 0x56, 0x56, 0x55, 0x55,
    0x55, 0x55, 0x56, 0x05, 0x00, 0x00, 0x00, 0x54, 0x65, 0x44, 0x54, 0x55, 0x45, 0x44, 0x54, 0x44,
    0x55, 0x54, 0x06, 0x00, 0x00, 0x00, 0x43, 0x64, 0x55, 0x45, 0x54, 0x55, 0x44, 0x44, 0x44, 0x44,
    0x44, 0x06, 0x00, 0x00, 0x00, 0x00, 0x34, 0x43, 0x44, 0x44, 0x33, 0x44, 0x34, 0x33, 0x33, 0x53,
    0x00, 0x00, 0x00, 0x00, 0x00, 0x00, 0x23, 0x33, 0x33, 0x33, 0x33, 0x33, 0x33, 0x00, 0x00, 0x00,
};

static const uint8_t game_sprite_sargb1[648] = {
    0x00, 0x00, 0x00, 0x00, 0x00, 0x90, 0x99, 0x99, 0x09, 0x00, 0x00, 0x00, 0x00, 0x00, 0x00, 0x00,
    0x00, 0x00, 0x80, 0x99, 0xcc, 0xac, 0x09, 0x00, 0x00, 0x00, 0x00, 0x00, 0x00, 0x00, 0x00, 0x77,
    0x53, 0xa9, 0xaa, 0x9a, 0x88, 0x08, 0x00, 0x00, 0x00, 0x00, 0x00, 0x00, 0x70, 0x36, 0x72, 0x88,
    0x88, 0x87, 0x77, 0x00, 0x00, 0x00, 0x00, 0x00, 0x00, 0x00, 0x76, 0x25, 0x84, 0x89, 0x79, 0x88,
    0x08, 0x00, 0x00, 0x00, 0x00, 0x00, 0x00, 0x67, 0x56, 0x34, 0x86, 0x77, 0x77, 0x56, 0x03, 0x00,
    0x00, 0x00, 0x00, 0x00, 0x70, 0x77, 0x44, 0x66, 0x57, 0x46, 0x33, 0x02, 0x00, 0x00, 0x00, 0x00,
    0x00, 0x00, 0x67, 0x35, 0x42, 0x33, 0x33, 0x36, 0x33, 0x00, 0x00, 0x00, 0x00, 0x00, 0x00, 0x57,
    0x43, 0x33, 0x33, 0x44, 0x37, 0x33, 0x05, 0x00, 0x00, 0x00, 0x00, 0x33, 0x34, 0x33, 0x53, 0x33,
    0x23, 0x56, 0x34, 0x53, 0x00, 0x00, 0x00, 0x00, 0x00, 0x48, 0x36, 0x22, 0x24, 0x22, 0x37, 0x74,
    0x22, 0x05, 0x00, 0x00, 0x00, 0x00, 0x00, 0x60, 0x32, 0x23, 0x27, 0x62, 0x27, 0x33, 0x23, 0x00,
    0x00, 0x00, 0x00, 0x00, 0x00, 0x30, 0x33, 0x23, 0x22, 0x22, 0x36, 0x24, 0x02, 0x00, 0x00, 0x00,
    0x00, 0x00, 0x70, 0x45, 0x43, 0x72, 0x72, 0x42, 0x33, 0x42, 0x00, 0x00, 0x00, 0x00, 0x00, 0x00,
    0x40, 0x33, 0x64, 0x22, 0x36, 0x34, 0x36, 0x02, 0x00, 0x00, 0x00, 0x00, 0x00, 0x40, 0x24, 0x36,
    0x44, 0x44, 0x44, 0x33, 0x22, 0x00, 0x00, 0x00, 0x00, 0x00, 0x00, 0x23, 0x33, 0x33, 0x54, 0x44,
    0x43, 0x44, 0x04, 0x00, 0x00, 0x00, 0x00, 0x00, 0x46, 0x50, 0x64, 0x33, 0x36, 0x33, 0x55, 0x55,
    0x00, 0x00, 0x00, 0x00, 0x00, 0x60, 0x00, 0x85, 0x45, 0x25, 0x33, 0x53, 0x65, 0x45, 0x04, 0x00,
    0x00, 0x00, 0x00, 0x00, 0x57, 0x65, 0x76, 0x34, 0x52, 0x66, 0x44, 0x54, 0x05, 0x00, 0x00, 0x00,
    0x00, 0x60, 0x45, 0x77, 0x87, 0x25, 0x67, 0x46, 0x23, 0x00, 0x70, 0x05, 0x00, 0x00, 0x40, 0x45,
    0xa5, 0x88, 0x78, 0xa3, 0x67, 0x35, 0x00, 0x00, 0x69, 0x30, 0x00, 0x47, 0x73, 0x67, 0xaa, 0x89,
    0x48, 0x6a, 0x34, 0x04, 0x00, 0x65, 0x00, 0x97, 0x33, 0x77, 0x76, 0x96, 0xaa, 0xbb, 0x8a, 0x36,
    0x04, 0x00, 0x00, 0x00, 0x78, 0x05, 0x00, 0x75, 0x67, 0xba, 0xba, 0xbb, 0x6a, 0x34, 0x00, 0x00,
    0x00, 0x00, 0x00, 0x00, 0x70, 0x66, 0xa7, 0x9b, 0xba, 0xaa, 0x46, 0x04, 0x00, 0x00, 0x00, 0x00,
    0x00, 0x00, 0x67, 0x66, 0xb9, 0xaa, 0xbb, 0x6b, 0x43, 0x00, 0x00, 0x00, 0x00, 0x00, 0x00, 0x50,
    0x77, 0x97, 0x9a, 0xba, 0x9b, 0x36, 0x03, 0x00, 0x00, 0x00, 0x00, 0x00, 0x00, 0x60, 0x86, 0xa9,
    0xa9, 0xbb, 0x7b, 0x44, 0x00, 0x00, 0x00, 0x00, 0x00, 0x00, 0x00, 0x65, 0x98, 0xa9, 0xbb, 0xbb,
    0x68, 0x03, 0x00, 0x00, 0x00, 0x00, 0x00, 0x00, 0x50, 0x85, 0x89, 0xaa, 0xba, 0x9b, 0x37, 0x04,
    0x00, 0x00, 0x00, 0x00, 0x00, 0x00, 0x65, 0x98, 0x98, 0xaa, 0xbb, 0x7a, 0x35, 0x00, 0x00, 0x00,
    0x00, 0x00, 0x00, 0x50, 0x86, 0x88, 0xc9, 0xbb, 0xab, 0xa8, 0x69, 0x66, 0x00, 0x00, 0x80, 0x67,
    0x00, 0x55, 0x66, 0x87, 0x9c, 0xaa, 0x9a, 0x57, 0x00, 0x90, 0x00, 0x00, 0xa5, 0x00, 0x46, 0x64,
    0x77, 0xa8, 0xaa, 0xaa, 0x99, 0x57, 0x00, 0x00, 0x00, 0x50, 0x07, 0x40, 0x53, 0x66, 0x86, 0xab,
    0xaa, 0x99, 0x78, 0x05, 0x00, 0x00, 0x00, 0x70, 0x9a, 0x56, 0x64, 0x66, 0x98, 0xab, 0x8a, 0x88,
    0x47, 0x06, 0x00, 0x00, 0x00, 0x00, 0x30, 0x54, 0x66, 0x76, 0x89, 0x99, 0x78, 0x87, 0x98, 0x07,
    0x00, 0x00, 0x00, 0x00, 0x50, 0x64, 0x77, 0x87, 0x88, 0x78, 0x77, 0x87, 0x78, 0x06, 0x00, 0x00,
    0x00, 0x00, 0x45, 0x64, 0x77, 0x88, 0x88, 0x77, 0x67, 0x87, 0x68, 0x00, 0x00, 0x00, 0x00, 0x50,
    0x43, 0x66, 0x77, 0x87, 0x78, 0x67, 0x76, 0x88, 0x06, 0x00, 0x00, 0x00, 0x00, 0x34, 0x65, 0x66,
    0x76, 0x77, 0x67, 0x66, 0x66, 0x46, 0x00, 0x00, 0x00, 0x00, 0x40, 0x44, 0x65, 0x66, 0x66, 0x66,
    0x66, 0x56, 0x66, 0x03, 0x00, 0x00, 0x00, 0x00, 0x44, 0x54, 0x65, 0x66, 0x66, 0x66, 0x56, 0x55,
    0x45, 0x00, 0x00, 0x00, 0x00, 0x30, 0x43, 0x44, 0x64, 0x66, 0x66, 0x44, 0x54, 0x34, 0x03, 0x00,
    0x00, 0x00, 0x00, 0x33, 0x43, 0x44, 0x44, 0x45, 0x44, 0x44, 0x44, 0x04, 0x00, 0x00, 0x00, 0x00,
    0x00, 0x40, 0x33, 0x33, 0x33, 0x33, 0x43, 0x33, 0x03, 0x00, 0x00, 0x00, 0x00, 0x00, 0x00, 0x30,
    0x23, 0x23, 0x33, 0x33, 0x33, 0x00, 0x00, 0x00,
};

static const uint8_t game_sprite_sargc1[720] = {
    0x00, 0x00, 0x00, 0x00, 0x00, 0x00, 0x80, 0x99, 0x99, 0x99, 0x00, 0x00, 0x00, 0x00, 0x00, 0x00,
    0x00, 0x00, 0x00, 0x00, 0x00, 0xa0, 0xca, 0xbc, 0xaa, 0x08, 0x00, 0x00, 0x00, 0x00, 0x00, 0x00,
    0x00, 0x00, 0x00, 0x88, 0xb9, 0xaa, 0xaa, 0xaa, 0x75, 0x07, 0x00, 0x00, 0x00, 0x00, 0x00, 0x00,
    0x00, 0x80, 0x87, 0x88, 0x88, 0x78, 0x78, 0x82, 0x07, 0x00, 0x00, 0x00, 0x00, 0x00, 0x00, 0x00,
    0x80, 0x87, 0x99, 0x89, 0x89, 0x47, 0x82, 0x07, 0x00, 0x00, 0x00, 0x00, 0x00, 0x00, 0x00, 0x70,
    0x88, 0x88, 0x77, 0x68, 0x36, 0x84, 0x77, 0x00, 0x00, 0x00, 0x00, 0x00, 0x00, 0x00, 0x30, 0x65,
    0x77, 0x56, 0x67, 0x64, 0x74, 0x77, 0x00, 0x00, 0x00, 0x00, 0x00, 0x00, 0x00, 0x40, 0x23, 0x32,
    0x33, 0x43, 0x24, 0x53, 0x76, 0x00, 0x00, 0x00, 0x00, 0x00, 0x00, 0x00, 0x60, 0x33, 0x33, 0x44,
    0x44, 0x44, 0x43, 0x74, 0x00, 0x00, 0x00, 0x00, 0x00, 0x00, 0x00, 0x50, 0x35, 0x43, 0x35, 0x25,
    0x53, 0x33, 0x53, 0x00, 0x00, 0x00, 0x00, 0x00, 0x00, 0x00, 0x50, 0x25, 0x42, 0x34, 0x26, 0x62,
    0x24, 0x33, 0x44, 0x33, 0x00, 0x00, 0x00, 0x00, 0x00, 0x50, 0x32, 0x53, 0x26, 0x62, 0x22, 0x33,
    0x52, 0x08, 0x00, 0x00, 0x00, 0x00, 0x00, 0x00, 0x60, 0x22, 0x44, 0x72, 0x26, 0x72, 0x32, 0x53,
    0x00, 0x00, 0x00, 0x00, 0x00, 0x00, 0x00, 0x60, 0x24, 0x43, 0x24, 0x62, 0x22, 0x36, 0x54, 0x00,
    0x00, 0x00, 0x00, 0x50, 0x00, 0x00, 0x50, 0x34, 0x54, 0x34, 0x77, 0x22, 0x34, 0x54, 0x00, 0x00,
    0x00, 0x00, 0x09, 0x00, 0x00, 0x40, 0x22, 0x53, 0x47, 0x54, 0x33, 0x63, 0x34, 0x00, 0x00, 0x00,
    0x00, 0x87, 0x00, 0x00, 0x20, 0x22, 0x33, 0x43, 0x74, 0x34, 0x33, 0x42, 0x00, 0x00, 0x00, 0x00,
    0x50, 0x8a, 0x00, 0x20, 0x43, 0x34, 0x33, 0x43, 0x33, 0x46, 0x23, 0x04, 0x00, 0x00, 0x00, 0x00,
    0x50, 0x58, 0x46, 0x54, 0x55, 0x45, 0x33, 0x42, 0x85, 0x00, 0x63, 0x00, 0x00, 0x00, 0x00, 0x00,
    0x64, 0x45, 0x56, 0x65, 0x55, 0x25, 0x54, 0x75, 0x00, 0x60, 0x00, 0x00, 0x00, 0x00, 0x00, 0x00,
    0x46, 0x77, 0x97, 0xa9, 0x48, 0x8a, 0x63, 0x00, 0x00, 0x00, 0x00, 0x00, 0x00, 0x00, 0x00, 0x54,
    0x77, 0x87, 0xa9, 0x69, 0x7a, 0x53, 0x04, 0x00, 0x00, 0x00, 0x00, 0x00, 0x00, 0x00, 0x44, 0x76,
    0x87, 0x98, 0x89, 0x8a, 0x39, 0x44, 0x00, 0x00, 0x00, 0x00, 0x00, 0x00, 0x00, 0x30, 0x75, 0x98,
    0xba, 0xbb, 0x9a, 0x78, 0x78, 0x93, 0x00, 0x00, 0x00, 0x00, 0x00, 0x00, 0x40, 0x73, 0xa7, 0xba,
    0xab, 0x9b, 0x58, 0x00, 0x34, 0x04, 0x00, 0x00, 0x00, 0x00, 0x00, 0x30, 0x75, 0x87, 0x98, 0xba,
    0x9a, 0x78, 0x00, 0x00, 0x83, 0x00, 0x00, 0x00, 0x00, 0x00, 0x30, 0x75, 0x98, 0xba, 0xbb, 0xab,
    0x79, 0x00, 0x00, 0x30, 0x00, 0x00, 0x00, 0x00, 0x00, 0x30, 0x74, 0x87, 0xa9, 0xbb, 0xab, 0x69,
    0x06, 0x00, 0x50, 0x00, 0x00, 0x00, 0x00, 0x00, 0x40, 0x73, 0xa7, 0xaa, 0xaa, 0xbb, 0x7a, 0x06,
    0x00, 0x86, 0x00, 0x00, 0x00, 0x00, 0x00, 0x30, 0x85, 0x87, 0xa9, 0xcb, 0xab, 0x8a, 0x05, 0x55,
    0x87, 0x00, 0x00, 0x00, 0x00, 0x00, 0x70, 0x8a, 0x79, 0x98, 0xbb, 0xab, 0x9a, 0x05, 0x60, 0x08,
    0x00, 0x00, 0x00, 0x00, 0x00, 0x87, 0x33, 0x86, 0x98, 0xaa, 0xab, 0x99, 0x95, 0x50, 0x00, 0x00,
    0x00, 0x00, 0x00, 0x70, 0x38, 0x43, 0x86, 0x98, 0xba, 0xab, 0x89, 0x66, 0x00, 0x00, 0x00, 0x00,
    0x00, 0x78, 0x75, 0x49, 0x44, 0x76, 0xaa, 0xbb, 0xab, 0x88, 0x57, 0x00, 0x00, 0x00, 0x00, 0x98,
    0xaa, 0x95, 0x55, 0x55, 0x76, 0xa9, 0xbb, 0x9a, 0x88, 0x66, 0x00, 0x00, 0x66, 0x00, 0x99, 0xbb,
    0x85, 0x67, 0x65, 0x87, 0x99, 0xaa, 0x89, 0x88, 0x77, 0x05, 0x00, 0x88, 0x80, 0xb9, 0xcc, 0x96,
    0x88, 0x76, 0x87, 0xa9, 0x9a, 0x88, 0x77, 0x77, 0x99, 0x00, 0x56, 0x78, 0xbb, 0xbb, 0xab, 0x89,
    0x98, 0x98, 0xa9, 0x89, 0x77, 0x77, 0x67, 0x06, 0x87, 0x05, 0x78, 0xba, 0xba, 0xcc, 0x9a, 0x98,
    0x99, 0xaa, 0x79, 0x77, 0x66, 0x66, 0x00, 0x00, 0x05, 0x68, 0xa9, 0xa9, 0xbc, 0x8a, 0x88, 0x99,
    0x99, 0x78, 0x67, 0x66, 0x56, 0x00, 0x00, 0x00, 0x67, 0x88, 0x88, 0xba, 0x9a, 0x89, 0x98, 0x88,
    0x77, 0x66, 0x55, 0x44, 0x00, 0x00, 0x00, 0x68, 0x76, 0x67, 0x78, 0x67, 0x66, 0x76, 0x76, 0x56,
    0x55, 0x44, 0x33, 0x00, 0x00, 0x00, 0x60, 0x76, 0x67, 0x66, 0x66, 0x55, 0x65, 0x76, 0x46, 0x44,
    0x44, 0x43, 0x00, 0x00, 0x00, 0x50, 0x65, 0x55, 0x55, 0x55, 0x55, 0x55, 0x56, 0x45, 0x44, 0x34,
    0x43, 0x00, 0x00, 0x00, 0x60, 0x44, 0x55, 0x44, 0x44, 0x44, 0x54, 0x44, 0x44, 0x34, 0x34, 0x33,
    0x00, 0x00, 0x00, 0x60, 0x44, 0x44, 0x44, 0x44, 0x44, 0x45, 0x44, 0x44, 0x33, 0x33, 0x33, 0x00,
    0x00, 0x00, 0x00, 0x34, 0x33, 0x43, 0x44, 0x44, 0x34, 0x44, 0x33, 0x33, 0x43, 0x00, 0x00, 0x00,
    0x00, 0x00, 0x00, 0x40, 0x33, 0x33, 0x33, 0x33, 0x33, 0x33, 0x43, 0x00, 0x00, 0x00, 0x00, 0x00,
};

static const uint8_t game_sprite_sargd1[720] = {
    0x00, 0x00, 0x00, 0x00, 0x00, 0x80, 0x99, 0x99, 0x09, 0x00, 0x00, 0x00, 0x00, 0x00, 0x00, 0x00,
    0x00, 0x00, 0x00, 0x00, 0xa9, 0xca, 0xbc, 0x89, 0x06, 0x00, 0x00, 0x00, 0x00, 0x00, 0x00, 0x00,
    0x00, 0x00, 0x88, 0xb9, 0xaa, 0xaa, 0x39, 0x77, 0x07, 0x00, 0x00, 0x00, 0x00, 0x00, 0x00, 0x00,
    0x80, 0x87, 0x87, 0x88, 0x88, 0x37, 0x66, 0x07, 0x00, 0x00, 0x00, 0x00, 0x00, 0x00, 0x00, 0x70,
    0x88, 0x97, 0x99, 0x78, 0x54, 0x77, 0x06, 0x00, 0x00, 0x00, 0x00, 0x00, 0x00, 0x00, 0x33, 0x75,
    0x87, 0x87, 0x66, 0x53, 0x66, 0x06, 0x00, 0x00, 0x00, 0x00, 0x00, 0x00, 0x00, 0x30, 0x32, 0x74,
    0x76, 0x46, 0x46, 0x78, 0x07, 0x00, 0x00, 0x00, 0x00, 0x00, 0x00, 0x00, 0x60, 0x33, 0x36, 0x33,
    0x43, 0x34, 0x55, 0x06, 0x00, 0x00, 0x00, 0x00, 0x00, 0x00, 0x00, 0x50, 0x35, 0x53, 0x47, 0x53,
    0x33, 0x43, 0x73, 0x00, 0x00, 0x00, 0x00, 0x00, 0x00, 0x00, 0x00, 0x35, 0x64, 0x25, 0x63, 0x53,
    0x33, 0x33, 0x44, 0x03, 0x00, 0x00, 0x00, 0x00, 0x00, 0x00, 0x25, 0x57, 0x74, 0x72, 0x42, 0x23,
    0x62, 0x47, 0x00, 0x00, 0x00, 0x00, 0x00, 0x00, 0x00, 0x32, 0x43, 0x62, 0x22, 0x22, 0x33, 0x63,
    0x00, 0x00, 0x00, 0x00, 0x00, 0x00, 0x00, 0x00, 0x42, 0x53, 0x26, 0x62, 0x32, 0x34, 0x03, 0x00,
    0x00, 0x00, 0x00, 0x00, 0x00, 0x00, 0x00, 0x34, 0x43, 0x74, 0x22, 0x47, 0x34, 0x74, 0x00, 0x00,
    0x00, 0x00, 0x00, 0x00, 0x00, 0x00, 0x62, 0x43, 0x64, 0x22, 0x42, 0x33, 0x03, 0x00, 0x00, 0x00,
    0x00, 0x00, 0x00, 0x00, 0x00, 0x32, 0x33, 0x44, 0x44, 0x34, 0x64, 0x42, 0x00, 0x00, 0x00, 0x00,
    0x00, 0x00, 0x00, 0x00, 0x44, 0x34, 0x43, 0x75, 0x34, 0x33, 0x33, 0x04, 0x00, 0x00, 0x00, 0x00,
    0x00, 0x00, 0x40, 0x55, 0x35, 0x33, 0x46, 0x63, 0x45, 0x45, 0x63, 0x00, 0x00, 0x00, 0x00, 0x00,
    0x00, 0x64, 0x55, 0x55, 0x33, 0x62, 0x55, 0x86, 0x05, 0x60, 0x00, 0x00, 0x00, 0x00, 0x00, 0x50,
    0x44, 0x64, 0x66, 0x35, 0x74, 0x67, 0x55, 0x05, 0x00, 0x00, 0x00, 0x00, 0x00, 0x87, 0x00, 0x32,
    0x63, 0x96, 0x57, 0x58, 0x67, 0x47, 0x05, 0x00, 0x00, 0x00, 0x00, 0x00, 0x09, 0x00, 0x00, 0x63,
    0x87, 0x7a, 0x88, 0x68, 0x56, 0x44, 0x00, 0x00, 0x00, 0x00, 0x00, 0x56, 0x05, 0x00, 0x44, 0x86,
    0x8a, 0x88, 0x67, 0x67, 0x37, 0x44, 0x00, 0x33, 0x00, 0x00, 0x50, 0x00, 0x00, 0x30, 0x86, 0xb8,
    0xab, 0x78, 0x67, 0x77, 0x78, 0x93, 0x77, 0x00, 0x00, 0x00, 0x00, 0x00, 0x40, 0x86, 0xba, 0xbb,
    0x99, 0x67, 0x57, 0x00, 0x50, 0x75, 0x00, 0x00, 0x00, 0x00, 0x00, 0x30, 0x86, 0xba, 0xaa, 0x99,
    0x67, 0x76, 0x00, 0x00, 0x00, 0x00, 0x00, 0x00, 0x00, 0x00, 0x30, 0x86, 0xbb, 0xba, 0x9a, 0x66,
    0x76, 0x00, 0x00, 0x00, 0x00, 0x00, 0x00, 0x00, 0x00, 0x30, 0x98, 0xab, 0xaa, 0x99, 0x67, 0x57,
    0x00, 0x00, 0x00, 0x00, 0x00, 0x00, 0x00, 0x00, 0x30, 0xa8, 0xbc, 0xaa, 0x79, 0x67, 0x05, 0x00,
    0x00, 0x00, 0x00, 0x00, 0x00, 0x00, 0x00, 0x50, 0xb8, 0xac, 0xbb, 0x7a, 0x77, 0x05, 0x00, 0x00,
    0x00, 0x00, 0x00, 0x00, 0x00, 0x00, 0x84, 0xba, 0xac, 0xaa, 0x79, 0x66, 0x05, 0x00, 0x00, 0x00,
    0x00, 0x00, 0x00, 0x00, 0x00, 0x63, 0xca, 0xac, 0xaa, 0x68, 0x66, 0x06, 0x00, 0x00, 0x00, 0x00,
    0x00, 0x00, 0x60, 0x96, 0x89, 0xcb, 0xbc, 0xbc, 0x69, 0x66, 0x07, 0x00, 0x00, 0x00, 0x00, 0x00,
    0x50, 0x09, 0x30, 0xa5, 0xcc, 0x9b, 0xab, 0x68, 0x66, 0x05, 0x00, 0x87, 0x00, 0x00, 0x00, 0x90,
    0x00, 0x65, 0xb8, 0xcc, 0x9b, 0x9a, 0x68, 0x56, 0x64, 0x00, 0x5a, 0x00, 0x00, 0x00, 0x00, 0x00,
    0x65, 0xa6, 0xbb, 0xaa, 0x9b, 0x67, 0x66, 0x44, 0x05, 0x57, 0x00, 0x00, 0x00, 0x00, 0x00, 0x54,
    0xa7, 0xbb, 0xba, 0x99, 0x67, 0x66, 0x64, 0x99, 0x07, 0x00, 0x00, 0x00, 0x00, 0x70, 0x88, 0xa9,
    0xab, 0x8a, 0x88, 0x67, 0x66, 0x35, 0x06, 0x00, 0x00, 0x00, 0x00, 0x00, 0x76, 0x98, 0xa9, 0xa9,
    0x8a, 0x78, 0x67, 0x66, 0x34, 0x00, 0x00, 0x00, 0x00, 0x00, 0x00, 0x86, 0x88, 0x9a, 0xaa, 0x88,
    0x77, 0x67, 0x46, 0x04, 0x00, 0x00, 0x00, 0x00, 0x00, 0x00, 0x76, 0x87, 0x87, 0x88, 0x78, 0x77,
    0x66, 0x46, 0x03, 0x00, 0x00, 0x00, 0x00, 0x00, 0x00, 0x54, 0x66, 0x67, 0x77, 0x77, 0x66, 0x66,
    0x55, 0x03, 0x00, 0x00, 0x00, 0x00, 0x00, 0x00, 0x54, 0x66, 0x66, 0x66, 0x66, 0x66, 0x56, 0x45,
    0x04, 0x00, 0x00, 0x00, 0x00, 0x00, 0x00, 0x44, 0x65, 0x56, 0x65, 0x66, 0x66, 0x56, 0x44, 0x04,
    0x00, 0x00, 0x00, 0x00, 0x00, 0x00, 0x33, 0x55, 0x55, 0x55, 0x55, 0x55, 0x44, 0x44, 0x03, 0x00,
    0x00, 0x00, 0x00, 0x00, 0x00, 0x30, 0x44, 0x44, 0x44, 0x44, 0x44, 0x44, 0x34, 0x03, 0x00, 0x00,
    0x00, 0x00, 0x00, 0x00, 0x00, 0x43, 0x43, 0x44, 0x33, 0x33, 0x33, 0x43, 0x00, 0x00, 0x00, 0x00,
    0x00, 0x00, 0x00, 0x00, 0x40, 0x33, 0x33, 0x33, 0x33, 0x32, 0x00, 0x00, 0x00, 0x00, 0x00, 0x00,
};

static const uint8_t game_sprite_sarge1[720] = {
    0x00, 0x00, 0x00, 0x00, 0x03, 0x99, 0x99, 0x99, 0x08, 0x00, 0x00, 0x00, 0x00, 0x00, 0x00, 0x00,
    0x00, 0x00, 0x00, 0x43, 0xa4, 0xcb, 0xac, 0x0a, 0x00, 0x00, 0x00, 0x00, 0x00, 0x00, 0x00, 0x00,
    0x00, 0x70, 0x67, 0x45, 0xaa, 0xaa, 0x9b, 0x88, 0x00, 0x00, 0x00, 0x00, 0x00, 0x00, 0x00, 0x00,
    0x70, 0x68, 0x56, 0x74, 0x88, 0x88, 0x78, 0x08, 0x00, 0x30, 0x00, 0x00, 0x00, 0x00, 0x00, 0x70,
    0x48, 0x55, 0x55, 0x88, 0x88, 0x78, 0x48, 0x55, 0x34, 0x00, 0x00, 0x00, 0x00, 0x00, 0x77, 0x48,
    0x34, 0x46, 0x55, 0x55, 0x55, 0x53, 0x56, 0x03, 0x00, 0x00, 0x00, 0x00, 0x00, 0x67, 0x46, 0x45,
    0x54, 0x45, 0x44, 0x55, 0x55, 0x44, 0x00, 0x00, 0x00, 0x00, 0x00, 0x00, 0x67, 0x45, 0x64, 0x45,
    0x43, 0x46, 0x32, 0x43, 0x45, 0x00, 0x00, 0x00, 0x30, 0x00, 0x00, 0x47, 0x43, 0x64, 0x46, 0x34,
    0x27, 0x43, 0x65, 0x34, 0x00, 0x00, 0x00, 0x30, 0x44, 0x44, 0x44, 0x44, 0x24, 0x37, 0x32, 0x32,
    0x73, 0x56, 0x33, 0x00, 0x00, 0x00, 0x00, 0x33, 0x54, 0x56, 0x43, 0x33, 0x34, 0x22, 0x12, 0x23,
    0x34, 0x00, 0x00, 0x00, 0x00, 0x00, 0x00, 0x33, 0x65, 0x25, 0x22, 0x12, 0x21, 0x22, 0x23, 0x34,
    0x00, 0x00, 0x00, 0x00, 0x00, 0x00, 0x00, 0x45, 0x36, 0x24, 0x22, 0x12, 0x32, 0x24, 0x36, 0x00,
    0x00, 0x00, 0x00, 0x00, 0x00, 0x00, 0x44, 0x74, 0x14, 0x12, 0x21, 0x42, 0x44, 0x36, 0x00, 0x00,
    0x00, 0x00, 0x00, 0x00, 0x00, 0x44, 0x25, 0x32, 0x17, 0x62, 0x23, 0x64, 0x36, 0x00, 0x00, 0x00,
    0x00, 0x00, 0x00, 0x00, 0x54, 0x24, 0x74, 0x33, 0x74, 0x43, 0x56, 0x45, 0x04, 0x00, 0x00, 0x00,
    0x00, 0x00, 0x00, 0x45, 0x53, 0x56, 0x35, 0x53, 0x37, 0x55, 0x55, 0x45, 0x00, 0x00, 0x00, 0x00,
    0x00, 0x33, 0x55, 0x65, 0x45, 0x34, 0x44, 0x56, 0x55, 0x35, 0x44, 0x00, 0x00, 0x00, 0x00, 0x33,
    0x33, 0x33, 0x33, 0x54, 0x26, 0x43, 0x26, 0x32, 0x53, 0x35, 0x00, 0x00, 0x00, 0x00, 0x00, 0x00,
    0x00, 0x46, 0x56, 0x45, 0x64, 0x52, 0x66, 0x34, 0x33, 0x00, 0x00, 0x00, 0x00, 0x00, 0x00, 0x40,
    0x64, 0xa8, 0x52, 0x46, 0x79, 0x56, 0x05, 0x00, 0x03, 0x00, 0x00, 0x00, 0x00, 0x00, 0x55, 0x63,
    0xa7, 0x66, 0x35, 0x88, 0x48, 0x45, 0x00, 0x00, 0x00, 0x00, 0x00, 0x77, 0x39, 0x87, 0x44, 0xa8,
    0x2b, 0xa2, 0x99, 0x68, 0x77, 0x78, 0x93, 0x77, 0x00, 0x00, 0x39, 0x73, 0x07, 0x30, 0xba, 0x3b,
    0x9a, 0x88, 0x68, 0x57, 0x70, 0x37, 0x93, 0x00, 0x00, 0x57, 0x05, 0x00, 0x50, 0xba, 0x3a, 0xab,
    0x8a, 0x68, 0x57, 0x00, 0x50, 0x75, 0x00, 0x00, 0x00, 0x00, 0x00, 0x40, 0xa8, 0xab, 0x89, 0x98,
    0x69, 0x77, 0x00, 0x00, 0x00, 0x00, 0x00, 0x00, 0x00, 0x00, 0x30, 0x86, 0xbb, 0xba, 0xaa, 0x69,
    0x76, 0x00, 0x00, 0x00, 0x00, 0x00, 0x00, 0x00, 0x00, 0x30, 0x98, 0xab, 0xaa, 0xa9, 0x69, 0x57,
    0x00, 0x00, 0x00, 0x00, 0x00, 0x00, 0x00, 0x00, 0x40, 0x98, 0xbb, 0xbb, 0xaa, 0x69, 0x07, 0x00,
    0x00, 0x00, 0x00, 0x00, 0x00, 0x00, 0x00, 0x30, 0xa8, 0xbc, 0xaa, 0x99, 0x89, 0x05, 0x00, 0x00,
    0x00, 0x00, 0x00, 0x00, 0x78, 0x00, 0x40, 0xa7, 0xbb, 0xaa, 0x9a, 0x89, 0x58, 0x00, 0x00, 0x00,
    0x00, 0x00, 0x00, 0xa5, 0x00, 0x56, 0x86, 0xbc, 0xaa, 0x9a, 0x88, 0x57, 0x00, 0x60, 0x06, 0x00,
    0x00, 0x00, 0x75, 0x50, 0x84, 0x86, 0xbc, 0xcb, 0x9b, 0x88, 0x58, 0x00, 0x76, 0x08, 0x00, 0x00,
    0x00, 0x70, 0x99, 0x66, 0x87, 0xac, 0xcb, 0x9a, 0x88, 0x58, 0x06, 0xa0, 0x05, 0x00, 0x00, 0x00,
    0x00, 0x60, 0x64, 0x88, 0x98, 0xa9, 0x99, 0x88, 0x48, 0x96, 0x7a, 0x00, 0x00, 0x00, 0x00, 0x00,
    0x50, 0x76, 0x78, 0xa7, 0xba, 0x89, 0x89, 0x38, 0x78, 0x57, 0x00, 0x00, 0x00, 0x00, 0x00, 0x46,
    0x65, 0x76, 0xa7, 0x9b, 0x79, 0x88, 0x58, 0x63, 0x00, 0x00, 0x00, 0x00, 0x00, 0x00, 0x66, 0x55,
    0x65, 0xb7, 0xaa, 0x89, 0x89, 0x78, 0x55, 0x00, 0x00, 0x00, 0x00, 0x00, 0x00, 0x65, 0x56, 0x66,
    0x97, 0x9a, 0x88, 0x77, 0x78, 0x54, 0x00, 0x00, 0x00, 0x00, 0x00, 0x00, 0x57, 0x75, 0x66, 0x87,
    0x88, 0x78, 0x77, 0x67, 0x54, 0x00, 0x00, 0x00, 0x00, 0x00, 0x00, 0x56, 0x55, 0x66, 0x76, 0x87,
    0x78, 0x67, 0x67, 0x53, 0x00, 0x00, 0x00, 0x00, 0x00, 0x00, 0x45, 0x54, 0x66, 0x76, 0x87, 0x68,
    0x66, 0x56, 0x43, 0x00, 0x00, 0x00, 0x00, 0x00, 0x00, 0x45, 0x54, 0x66, 0x65, 0x66, 0x66, 0x66,
    0x45, 0x44, 0x00, 0x00, 0x00, 0x00, 0x00, 0x00, 0x44, 0x54, 0x55, 0x65, 0x66, 0x66, 0x56, 0x45,
    0x44, 0x00, 0x00, 0x00, 0x00, 0x00, 0x00, 0x43, 0x44, 0x44, 0x64, 0x55, 0x55, 0x44, 0x44, 0x33,
    0x00, 0x00, 0x00, 0x00, 0x00, 0x00, 0x44, 0x44, 0x44, 0x44, 0x44, 0x44, 0x44, 0x34, 0x33, 0x00,
    0x00, 0x00, 0x00, 0x00, 0x00, 0x30, 0x33, 0x44, 0x34, 0x43, 0x33, 0x33, 0x43, 0x00, 0x00, 0x00,
    0x00, 0x00, 0x00, 0x00, 0x00, 0x33, 0x33, 0x33, 0x33, 0x33, 0x33, 0x03, 0x00, 0x00, 0x00, 0x00,
};

static const uint8_t game_sprite_sargf1[720] = {
    0x00, 0x00, 0x00, 0x54, 0x05, 0x99, 0x99, 0x99, 0x08, 0x00, 0x00, 0x00, 0x00, 0x00, 0x00, 0x00,
    0x00, 0x00, 0x54, 0x46, 0xa4, 0xcb, 0xac, 0x0a, 0x00, 0x00, 0x00, 0x00, 0x00, 0x04, 0x00, 0x00,
    0x00, 0x40, 0x55, 0x44, 0xaa, 0xaa, 0x9b, 0x88, 0x00, 0x00, 0x50, 0x66, 0x03, 0x00, 0x00, 0x00,
    0x40, 0x64, 0x46, 0x74, 0x88, 0x88, 0x78, 0x08, 0x40, 0x66, 0x66, 0x00, 0x00, 0x00, 0x00, 0x70,
    0x44, 0x65, 0x56, 0x84, 0x88, 0x78, 0x48, 0x45, 0x56, 0x55, 0x00, 0x00, 0x00, 0x00, 0x77, 0x44,
    0x33, 0x66, 0x55, 0x55, 0x55, 0x53, 0x76, 0x44, 0x35, 0x00, 0x00, 0x00, 0x00, 0x67, 0x36, 0x34,
    0x84, 0x36, 0x43, 0x65, 0x36, 0x44, 0x55, 0x03, 0x00, 0x00, 0x00, 0x00, 0x67, 0x35, 0x33, 0x93,
    0x35, 0x35, 0x75, 0x38, 0x43, 0x34, 0x00, 0x00, 0x54, 0x34, 0x00, 0x57, 0x56, 0x33, 0x93, 0x35,
    0x35, 0xa5, 0x37, 0x53, 0x03, 0x00, 0x00, 0x44, 0x45, 0x44, 0x64, 0x68, 0x24, 0x33, 0x32, 0x33,
    0x98, 0x35, 0x44, 0x00, 0x00, 0x00, 0x30, 0x54, 0x65, 0x33, 0x73, 0x39, 0x33, 0x22, 0x22, 0x23,
    0x33, 0x03, 0x00, 0x00, 0x00, 0x00, 0x43, 0x55, 0x33, 0x23, 0x22, 0x12, 0x22, 0x22, 0x43, 0x34,
    0x03, 0x00, 0x00, 0x00, 0x00, 0x33, 0x53, 0x33, 0x33, 0x24, 0x22, 0x12, 0x22, 0x33, 0x35, 0x03,
    0x00, 0x00, 0x00, 0x00, 0x00, 0x33, 0x65, 0x58, 0x14, 0x13, 0x21, 0x32, 0x54, 0x37, 0x00, 0x00,
    0x00, 0x00, 0x00, 0x00, 0x00, 0x54, 0x25, 0x22, 0x15, 0x52, 0x33, 0x64, 0x55, 0x33, 0x00, 0x00,
    0x00, 0x00, 0x00, 0x00, 0x44, 0x34, 0x34, 0x33, 0x34, 0x43, 0x43, 0x54, 0x35, 0x00, 0x00, 0x00,
    0x00, 0x00, 0x30, 0x44, 0x85, 0x38, 0x33, 0x22, 0x33, 0x33, 0x53, 0x56, 0x00, 0x00, 0x00, 0x00,
    0x00, 0x43, 0x44, 0x75, 0x34, 0x35, 0x23, 0x84, 0x46, 0x33, 0x54, 0x03, 0x00, 0x00, 0x00, 0x53,
    0x55, 0x44, 0x43, 0x55, 0x48, 0x55, 0x64, 0x46, 0x34, 0x33, 0x45, 0x00, 0x00, 0x00, 0x55, 0x34,
    0x33, 0x23, 0x75, 0x38, 0x54, 0x44, 0x54, 0x54, 0x44, 0x54, 0x00, 0x00, 0x30, 0x45, 0x33, 0x00,
    0x36, 0x64, 0x44, 0x43, 0x34, 0x44, 0x44, 0x55, 0x43, 0x05, 0x00, 0x30, 0x33, 0x03, 0x40, 0x64,
    0x53, 0x35, 0x44, 0x44, 0x44, 0x34, 0x33, 0x34, 0x33, 0x00, 0x00, 0x30, 0x03, 0x54, 0x43, 0x37,
    0x43, 0x44, 0x43, 0x44, 0x75, 0x78, 0x79, 0x07, 0x00, 0x00, 0x70, 0x97, 0x87, 0x34, 0x98, 0x53,
    0x44, 0x45, 0x44, 0x55, 0x70, 0x33, 0x79, 0x00, 0x00, 0x97, 0x33, 0x07, 0x40, 0x99, 0x49, 0x34,
    0x44, 0x44, 0x56, 0x00, 0x55, 0x87, 0x00, 0x00, 0x78, 0x55, 0x00, 0x40, 0x97, 0x39, 0x43, 0x44,
    0x55, 0x76, 0x00, 0x00, 0x00, 0x00, 0x00, 0x00, 0x00, 0x00, 0x30, 0x86, 0x39, 0x55, 0x65, 0x66,
    0x76, 0x00, 0x00, 0x00, 0x00, 0x00, 0x00, 0x00, 0x00, 0x30, 0x98, 0x7b, 0x66, 0x86, 0x67, 0x57,
    0x00, 0x00, 0x00, 0x00, 0x00, 0x00, 0x00, 0x00, 0x40, 0x98, 0x7b, 0x76, 0x86, 0x66, 0x07, 0x00,
    0x00, 0x00, 0x00, 0x00, 0x00, 0x00, 0x00, 0x30, 0xa8, 0x7c, 0x76, 0x77, 0x67, 0x05, 0x00, 0x00,
    0x00, 0x00, 0x00, 0x00, 0x80, 0x06, 0x30, 0xa8, 0xbb, 0xaa, 0x8a, 0x67, 0x56, 0x00, 0x00, 0x00,
    0x00, 0x00, 0x00, 0x50, 0x00, 0x56, 0xa6, 0xbc, 0xaa, 0x8a, 0x66, 0x56, 0x00, 0x66, 0x00, 0x00,
    0x00, 0x00, 0x50, 0x50, 0xa4, 0xb8, 0xbc, 0xcb, 0x8b, 0x66, 0x56, 0x00, 0x87, 0x00, 0x00, 0x00,
    0x00, 0x70, 0x97, 0x76, 0xb9, 0xac, 0xcb, 0x7a, 0x66, 0x56, 0x06, 0x5a, 0x00, 0x00, 0x00, 0x00,
    0x00, 0x60, 0x93, 0xcb, 0x9c, 0xa9, 0x79, 0x67, 0x46, 0x96, 0x77, 0x00, 0x00, 0x00, 0x00, 0x00,
    0x50, 0x96, 0xba, 0xab, 0xba, 0x69, 0x66, 0x36, 0x78, 0x57, 0x00, 0x00, 0x00, 0x00, 0x00, 0x46,
    0x95, 0xba, 0xab, 0x9b, 0x69, 0x66, 0x56, 0x63, 0x00, 0x00, 0x00, 0x00, 0x00, 0x00, 0x76, 0x86,
    0xaa, 0xba, 0xaa, 0x89, 0x68, 0x66, 0x55, 0x00, 0x00, 0x00, 0x00, 0x00, 0x00, 0x86, 0x98, 0xaa,
    0xaa, 0x9a, 0x88, 0x77, 0x67, 0x54, 0x00, 0x00, 0x00, 0x00, 0x00, 0x00, 0x89, 0xa8, 0x99, 0xa9,
    0x88, 0x78, 0x77, 0x46, 0x54, 0x00, 0x00, 0x00, 0x00, 0x00, 0x00, 0x88, 0x78, 0x88, 0x88, 0x88,
    0x78, 0x67, 0x46, 0x53, 0x00, 0x00, 0x00, 0x00, 0x00, 0x00, 0x77, 0x76, 0x87, 0x87, 0x88, 0x68,
    0x66, 0x46, 0x43, 0x00, 0x00, 0x00, 0x00, 0x00, 0x00, 0x65, 0x66, 0x66, 0x66, 0x66, 0x66, 0x66,
    0x45, 0x44, 0x00, 0x00, 0x00, 0x00, 0x00, 0x00, 0x54, 0x55, 0x66, 0x66, 0x66, 0x66, 0x56, 0x45,
    0x44, 0x00, 0x00, 0x00, 0x00, 0x00, 0x00, 0x43, 0x45, 0x44, 0x64, 0x66, 0x56, 0x44, 0x44, 0x33,
    0x00, 0x00, 0x00, 0x00, 0x00, 0x00, 0x44, 0x44, 0x44, 0x44, 0x54, 0x44, 0x44, 0x34, 0x33, 0x00,
    0x00, 0x00, 0x00, 0x00, 0x00, 0x30, 0x33, 0x44, 0x34, 0x43, 0x33, 0x33, 0x43, 0x00, 0x00, 0x00,
    0x00, 0x00, 0x00, 0x00, 0x00, 0x33, 0x33, 0x33, 0x33, 0x33, 0x33, 0x03, 0x00, 0x00, 0x00, 0x00,
};

static const uint8_t game_sprite_sargg1[648] = {
    0x00, 0x00, 0x00, 0x00, 0x00, 0x99, 0x99, 0x99, 0x00, 0x00, 0x00, 0x00, 0x00, 0x00, 0x00, 0x00,
    0x00, 0x00, 0xa9, 0xcc, 0x9b, 0x89, 0x00, 0x00, 0x00, 0x00, 0x00, 0x00, 0x00, 0x00, 0x88, 0x98,
    0xaa, 0xaa, 0x59, 0x73, 0x07, 0x00, 0x00, 0x00, 0x00, 0x00, 0x00, 0x70, 0x87, 0x87, 0x88, 0x78,
    0x32, 0x76, 0x00, 0x00, 0x00, 0x00, 0x00, 0x00, 0x00, 0x88, 0x78, 0x89, 0x79, 0x24, 0x75, 0x06,
    0x00, 0x00, 0x00, 0x00, 0x00, 0x00, 0x53, 0x76, 0x77, 0x87, 0x36, 0x54, 0x66, 0x07, 0x00, 0x00,
    0x00, 0x00, 0x00, 0x00, 0x23, 0x42, 0x43, 0x34, 0x23, 0x64, 0x76, 0x00, 0x00, 0x00, 0x00, 0x00,
    0x00, 0x30, 0x33, 0x36, 0x33, 0x44, 0x32, 0x65, 0x07, 0x00, 0x00, 0x00, 0x00, 0x00, 0x00, 0x35,
    0x33, 0x47, 0x54, 0x33, 0x43, 0x53, 0x07, 0x00, 0x00, 0x00, 0x00, 0x00, 0x50, 0x33, 0x54, 0x26,
    0x36, 0x53, 0x33, 0x33, 0x34, 0x03, 0x00, 0x00, 0x00, 0x00, 0x24, 0x32, 0x24, 0x62, 0x22, 0x36,
    0x52, 0x06, 0x00, 0x00, 0x00, 0x00, 0x00, 0x20, 0x33, 0x23, 0x67, 0x22, 0x27, 0x33, 0x62, 0x00,
    0x00, 0x00, 0x00, 0x00, 0x00, 0x22, 0x34, 0x26, 0x62, 0x22, 0x33, 0x33, 0x00, 0x00, 0x00, 0x00,
    0x00, 0x00, 0x40, 0x32, 0x43, 0x72, 0x72, 0x42, 0x43, 0x75, 0x00, 0x00, 0x00, 0x00, 0x00, 0x00,
    0x22, 0x33, 0x35, 0x25, 0x53, 0x33, 0x34, 0x00, 0x00, 0x00, 0x00, 0x00, 0x00, 0x20, 0x32, 0x43,
    0x44, 0x44, 0x34, 0x26, 0x44, 0x00, 0x00, 0x00, 0x00, 0x00, 0x00, 0x44, 0x44, 0x43, 0x74, 0x34,
    0x33, 0x23, 0x03, 0x00, 0x00, 0x00, 0x00, 0x00, 0x50, 0x55, 0x35, 0x33, 0x34, 0x63, 0x54, 0x40,
    0x06, 0x00, 0x00, 0x00, 0x50, 0x45, 0x44, 0x66, 0x25, 0x73, 0x67, 0x56, 0x75, 0x00, 0x00, 0x00,
    0x00, 0xa0, 0x68, 0x45, 0x64, 0x66, 0x42, 0x66, 0x66, 0x55, 0x06, 0x00, 0x00, 0x00, 0x75, 0x00,
    0x20, 0x43, 0x66, 0x27, 0x55, 0x67, 0x46, 0x65, 0x00, 0x00, 0x00, 0x60, 0x09, 0x00, 0x30, 0x65,
    0xa7, 0x73, 0x88, 0x66, 0x45, 0x45, 0x00, 0x00, 0x00, 0x00, 0x00, 0x00, 0x40, 0x63, 0xa8, 0xab,
    0x78, 0x67, 0x67, 0x77, 0x33, 0x79, 0x00, 0x00, 0x00, 0x00, 0x53, 0xa6, 0xba, 0x89, 0x88, 0x76,
    0x57, 0x77, 0x37, 0x79, 0x00, 0x00, 0x00, 0x30, 0x64, 0xba, 0xbb, 0x8a, 0x6a, 0x77, 0x05, 0x00,
    0x75, 0x08, 0x00, 0x00, 0x00, 0x34, 0xa6, 0xba, 0x9a, 0x98, 0x66, 0x76, 0x00, 0x00, 0x00, 0x00,
    0x00, 0x00, 0x30, 0x83, 0xbb, 0xaa, 0x89, 0x69, 0x77, 0x05, 0x00, 0x00, 0x00, 0x00, 0x00, 0x00,
    0x44, 0xb8, 0xbc, 0xab, 0x88, 0x76, 0x05, 0x00, 0x00, 0x00, 0x00, 0x00, 0x00, 0x40, 0x83, 0xcc,
    0xab, 0x89, 0x67, 0x65, 0x00, 0x00, 0x00, 0x00, 0x00, 0x00, 0x00, 0x53, 0xc8, 0xab, 0xab, 0x78,
    0x57, 0x05, 0x00, 0x00, 0x00, 0x00, 0x00, 0x00, 0x53, 0xa6, 0xbc, 0xaa, 0x88, 0x66, 0x56, 0x00,
    0x00, 0x00, 0x00, 0x00, 0x66, 0x96, 0x8a, 0xcb, 0xbb, 0x9b, 0x68, 0x76, 0x05, 0x00, 0x00, 0x00,
    0x00, 0x75, 0x88, 0x78, 0xb9, 0xab, 0xab, 0x78, 0x66, 0x55, 0x00, 0x60, 0x06, 0x00, 0x90, 0x00,
    0x50, 0xa7, 0xbc, 0x99, 0x8a, 0x67, 0x56, 0x05, 0x60, 0x87, 0x00, 0x00, 0x00, 0x50, 0x96, 0xba,
    0xaa, 0x9a, 0x68, 0x66, 0x35, 0x04, 0x70, 0x05, 0x00, 0x00, 0x60, 0x74, 0xa9, 0xab, 0xba, 0x89,
    0x66, 0x46, 0x65, 0xa9, 0x07, 0x00, 0x00, 0x60, 0x67, 0xa8, 0xba, 0xaa, 0x89, 0x68, 0x66, 0x55,
    0x88, 0x57, 0x00, 0x00, 0x00, 0xa7, 0x99, 0xaa, 0xab, 0x8a, 0x78, 0x66, 0x56, 0x34, 0x00, 0x00,
    0x00, 0x00, 0x96, 0x88, 0x9a, 0xa9, 0x88, 0x78, 0x77, 0x46, 0x54, 0x03, 0x00, 0x00, 0x00, 0x60,
    0x88, 0x78, 0x88, 0x88, 0x88, 0x77, 0x66, 0x34, 0x35, 0x00, 0x00, 0x00, 0x00, 0x76, 0x67, 0x77,
    0x88, 0x88, 0x68, 0x66, 0x46, 0x43, 0x03, 0x00, 0x00, 0x00, 0x30, 0x65, 0x76, 0x67, 0x78, 0x87,
    0x66, 0x66, 0x35, 0x54, 0x00, 0x00, 0x00, 0x00, 0x44, 0x55, 0x65, 0x66, 0x66, 0x66, 0x56, 0x45,
    0x44, 0x04, 0x00, 0x00, 0x00, 0x30, 0x43, 0x45, 0x44, 0x66, 0x66, 0x45, 0x44, 0x34, 0x53, 0x00,
    0x00, 0x00, 0x00, 0x40, 0x44, 0x44, 0x44, 0x54, 0x44, 0x44, 0x34, 0x33, 0x00, 0x00, 0x00, 0x00,
    0x00, 0x23, 0x55, 0x44, 0x54, 0x44, 0x33, 0x34, 0x23, 0x00, 0x00, 0x00, 0x00, 0x00, 0x00, 0x20,
    0x22, 0x22, 0x22, 0x22, 0x32, 0x02, 0x00, 0x00, 0x00, 0x00, 0x00, 0x00, 0x00, 0x00, 0x22, 0x22,
    0x22, 0x22, 0x02, 0x00, 0x00, 0x00, 0x00, 0x00,
};

static const uint8_t game_sprite_sargh1[744] = {
    0x00, 0x00, 0x00, 0x00, 0x00, 0x00, 0x00, 0x98, 0x99, 0x99, 0x99, 0x08, 0x00, 0x00, 0x00, 0x00,
    0x00, 0x00, 0x00, 0x00, 0x00, 0x00, 0xa9, 0xca, 0xcc, 0xab, 0x9a, 0x06, 0x00, 0x00, 0x00, 0x00,
    0x00, 0x00, 0x00, 0x00, 0x80, 0xa9, 0x8b, 0x77, 0x98, 0x99, 0x75, 0x07, 0x00, 0x00, 0x00, 0x00,
    0x00, 0x00, 0x00, 0x80, 0x98, 0xbb, 0xaa, 0xaa, 0xaa, 0x2a, 0x78, 0x00, 0x00, 0x00, 0x00, 0x00,
    0x00, 0x00, 0x80, 0x87, 0x89, 0x99, 0x98, 0x88, 0x47, 0x82, 0x07, 0x00, 0x00, 0x00, 0x00, 0x00,
    0x00, 0x00, 0x87, 0x88, 0x87, 0x77, 0x88, 0x66, 0x43, 0x78, 0x07, 0x00, 0x00, 0x00, 0x00, 0x00,
    0x00, 0x33, 0x65, 0x77, 0x67, 0x75, 0x66, 0x64, 0x74, 0x77, 0x00, 0x00, 0x00, 0x00, 0x00, 0x00,
    0x00, 0x23, 0x33, 0x44, 0x43, 0x44, 0x34, 0x23, 0x66, 0x07, 0x00, 0x00, 0x00, 0x00, 0x00, 0x00,
    0x40, 0x23, 0x42, 0x33, 0x33, 0x43, 0x24, 0x53, 0x76, 0x00, 0x00, 0x00, 0x00, 0x00, 0x00, 0x00,
    0x36, 0x33, 0x36, 0x44, 0x44, 0x44, 0x34, 0x44, 0x07, 0x00, 0x00, 0x00, 0x00, 0x00, 0x00, 0x58,
    0x35, 0x33, 0x54, 0x53, 0x23, 0x53, 0x33, 0x53, 0x07, 0x00, 0x00, 0x00, 0x00, 0x00, 0x70, 0x55,
    0x22, 0x43, 0x34, 0x26, 0x22, 0x46, 0x32, 0x33, 0x44, 0x33, 0x00, 0x00, 0x00, 0x00, 0x57, 0x32,
    0x33, 0x65, 0x22, 0x62, 0x22, 0x33, 0x52, 0x86, 0x00, 0x00, 0x00, 0x00, 0x00, 0x70, 0x26, 0x42,
    0x43, 0x72, 0x26, 0x22, 0x27, 0x33, 0x65, 0x00, 0x00, 0x00, 0x00, 0x00, 0x00, 0x68, 0x24, 0x33,
    0x44, 0x22, 0x62, 0x22, 0x36, 0x54, 0x07, 0x00, 0x00, 0x00, 0x00, 0x00, 0x75, 0x25, 0x63, 0x67,
    0x65, 0x32, 0x36, 0x53, 0x33, 0x04, 0x00, 0x00, 0x00, 0x00, 0x00, 0x56, 0x46, 0x22, 0x43, 0x75,
    0x44, 0x53, 0x33, 0x63, 0x34, 0x00, 0x00, 0x00, 0x00, 0x00, 0x96, 0x40, 0x22, 0x32, 0x33, 0x43,
    0x54, 0x47, 0x33, 0x23, 0x44, 0x00, 0x00, 0x00, 0x00, 0x50, 0x87, 0x44, 0x46, 0x44, 0x33, 0x33,
    0x46, 0x33, 0x46, 0x03, 0x00, 0x00, 0x00, 0x00, 0x00, 0x00, 0x45, 0x64, 0x55, 0x55, 0x45, 0x33,
    0x23, 0x54, 0x08, 0x00, 0x00, 0x00, 0x00, 0x00, 0x00, 0x00, 0x43, 0x57, 0x55, 0x56, 0x55, 0x22,
    0x54, 0x75, 0x00, 0x00, 0x00, 0x00, 0x00, 0x00, 0x00, 0x30, 0x75, 0x56, 0x65, 0x76, 0x26, 0x53,
    0x46, 0x06, 0x00, 0x00, 0x00, 0x00, 0x00, 0x00, 0x00, 0x43, 0x76, 0x77, 0x99, 0x8a, 0x42, 0x8a,
    0x63, 0x40, 0x07, 0x00, 0x00, 0x00, 0x00, 0x00, 0x40, 0x53, 0x77, 0x88, 0xa9, 0x39, 0xa6, 0x37,
    0x45, 0x37, 0x93, 0x00, 0x00, 0x00, 0x00, 0x00, 0x53, 0x74, 0x87, 0x88, 0x99, 0x84, 0x8a, 0x39,
    0x74, 0x37, 0x03, 0x00, 0x00, 0x00, 0x00, 0x30, 0x34, 0x87, 0x98, 0xba, 0xbb, 0xab, 0x89, 0x87,
    0x00, 0x60, 0x08, 0x00, 0x00, 0x00, 0x00, 0x40, 0x73, 0x87, 0x98, 0xba, 0xbb, 0x9b, 0x58, 0x00,
    0x55, 0x87, 0x00, 0x00, 0x00, 0x00, 0x00, 0x34, 0x77, 0xa7, 0xaa, 0xaa, 0xba, 0xab, 0x67, 0x00,
    0x00, 0x00, 0x00, 0x00, 0x00, 0x00, 0x87, 0x3a, 0x76, 0x88, 0xba, 0xcc, 0xab, 0x9a, 0x95, 0x00,
    0x00, 0x00, 0x00, 0x00, 0x00, 0x70, 0x39, 0x64, 0x86, 0x98, 0xbb, 0xbb, 0xaa, 0x68, 0x06, 0x00,
    0x00, 0x00, 0x00, 0x00, 0x00, 0x97, 0x44, 0x66, 0xa7, 0xa9, 0xaa, 0xab, 0x89, 0x57, 0x00, 0x00,
    0x00, 0x00, 0x00, 0x78, 0x07, 0x44, 0x64, 0x76, 0x9a, 0xaa, 0xbb, 0x9a, 0x57, 0x00, 0x60, 0x06,
    0x00, 0x80, 0xa9, 0x7a, 0x59, 0x55, 0x76, 0xa7, 0xaa, 0xcb, 0xab, 0x69, 0x66, 0x60, 0x88, 0x00,
    0x70, 0x99, 0xbb, 0x89, 0x56, 0x76, 0x88, 0xb9, 0xbb, 0xab, 0x88, 0x77, 0x05, 0x60, 0x05, 0x80,
    0x98, 0xcb, 0xac, 0x89, 0x76, 0x87, 0xa8, 0xbb, 0xab, 0x89, 0x78, 0x77, 0x09, 0x55, 0x00, 0x87,
    0xcb, 0xcc, 0x9a, 0x78, 0x88, 0x98, 0xaa, 0xaa, 0x89, 0x88, 0x67, 0x87, 0x56, 0x00, 0x78, 0xa8,
    0xab, 0xbb, 0x9b, 0x98, 0x99, 0x99, 0xaa, 0x88, 0x77, 0x67, 0x56, 0x00, 0x00, 0x80, 0x76, 0x99,
    0xa9, 0xbb, 0x9a, 0x98, 0x99, 0x89, 0x78, 0x67, 0x66, 0x56, 0x04, 0x00, 0x00, 0x67, 0x88, 0x88,
    0x99, 0xaa, 0x89, 0x88, 0x89, 0x78, 0x67, 0x56, 0x45, 0x34, 0x00, 0x00, 0x70, 0x76, 0x76, 0x77,
    0x88, 0x88, 0x88, 0x88, 0x77, 0x67, 0x55, 0x55, 0x44, 0x03, 0x00, 0x00, 0x68, 0x65, 0x77, 0x87,
    0x67, 0x66, 0x76, 0x77, 0x66, 0x55, 0x45, 0x34, 0x43, 0x00, 0x00, 0x00, 0x56, 0x76, 0x67, 0x66,
    0x66, 0x66, 0x66, 0x67, 0x45, 0x44, 0x44, 0x43, 0x04, 0x00, 0x00, 0x50, 0x54, 0x56, 0x65, 0x55,
    0x55, 0x55, 0x55, 0x45, 0x44, 0x44, 0x33, 0x44, 0x00, 0x00, 0x00, 0x46, 0x44, 0x55, 0x44, 0x44,
    0x44, 0x54, 0x44, 0x44, 0x34, 0x34, 0x33, 0x04, 0x00, 0x00, 0x60, 0x44, 0x44, 0x44, 0x44, 0x44,
    0x55, 0x44, 0x44, 0x34, 0x33, 0x33, 0x03, 0x00, 0x00, 0x00, 0x50, 0x34, 0x43, 0x44, 0x44, 0x55,
    0x44, 0x34, 0x33, 0x33, 0x33, 0x02, 0x00, 0x00, 0x00, 0x00, 0x40, 0x33, 0x43, 0x44, 0x44, 0x44,
    0x43, 0x33, 0x33, 0x33, 0x03, 0x00, 0x00, 0x00, 0x00, 0x00, 0x00, 0x40, 0x33, 0x33, 0x33, 0x33,
    0x33, 0x33, 0x43, 0x00, 0x00, 0x00, 0x00, 0x00,
};

static const uint8_t game_sprite_sargi0[720] = {
    0x00, 0x00, 0x00, 0x00, 0x03, 0x00, 0xa0, 0xaa, 0x00, 0x00, 0x00, 0x00, 0x00, 0x00, 0x00, 0x00,
    0x00, 0x00, 0x53, 0xaa, 0x00, 0x80, 0x88, 0x88, 0x78, 0x00, 0x00, 0x00, 0x00, 0x00, 0x00, 0x00,
    0x77, 0x22, 0x64, 0x83, 0x48, 0x43, 0x34, 0x32, 0x07, 0x00, 0x00, 0x00, 0x00, 0x00, 0x70, 0x66,
    0x32, 0x43, 0x33, 0x33, 0x33, 0x24, 0x43, 0x03, 0x00, 0x00, 0x00, 0x00, 0x00, 0x70, 0x56, 0x23,
    0x34, 0x34, 0x44, 0x34, 0x33, 0x63, 0x05, 0x00, 0x00, 0x00, 0x00, 0x00, 0x70, 0x44, 0x43, 0x44,
    0x23, 0x34, 0x45, 0x33, 0x55, 0x04, 0x00, 0x00, 0x00, 0x00, 0x00, 0x57, 0x33, 0x53, 0x33, 0x43,
    0x34, 0x44, 0x23, 0x35, 0x05, 0x00, 0x00, 0x00, 0x00, 0x28, 0x33, 0x32, 0x24, 0x37, 0x24, 0x23,
    0x56, 0x36, 0x42, 0x04, 0x00, 0x00, 0x00, 0x00, 0x00, 0x56, 0x32, 0x23, 0x33, 0x44, 0x84, 0x62,
    0x26, 0x52, 0x44, 0x00, 0x00, 0x00, 0x00, 0x00, 0x56, 0x33, 0x72, 0x43, 0x34, 0x82, 0x68, 0x23,
    0x44, 0x34, 0x00, 0x00, 0x00, 0x00, 0x00, 0x57, 0x34, 0x26, 0x22, 0x22, 0x34, 0x58, 0x35, 0x44,
    0x33, 0x00, 0x00, 0x00, 0x00, 0x00, 0x40, 0x33, 0x35, 0x33, 0x33, 0x64, 0x56, 0x24, 0x52, 0x34,
    0x00, 0x00, 0x00, 0x00, 0x00, 0x30, 0x32, 0x33, 0x33, 0x23, 0x63, 0x33, 0x23, 0x22, 0x33, 0x00,
    0x00, 0x00, 0x00, 0x00, 0x24, 0x32, 0x33, 0x54, 0x33, 0x36, 0x33, 0x44, 0x23, 0x45, 0x00, 0x50,
    0x00, 0x00, 0x00, 0x23, 0x43, 0x36, 0x63, 0x43, 0x63, 0x55, 0x55, 0x44, 0x55, 0x00, 0x55, 0x06,
    0x00, 0x60, 0x00, 0x70, 0x55, 0x24, 0x43, 0x82, 0x68, 0x66, 0x86, 0x33, 0x60, 0x80, 0x57, 0x00,
    0x00, 0x00, 0x60, 0x64, 0x25, 0x23, 0x34, 0x68, 0x69, 0x44, 0x45, 0x58, 0x5a, 0x00, 0x00, 0x00,
    0x00, 0x00, 0x36, 0x23, 0x24, 0x33, 0x98, 0x78, 0x34, 0x64, 0x44, 0x00, 0x00, 0x00, 0x00, 0x00,
    0x00, 0x00, 0x80, 0x38, 0x43, 0x88, 0x88, 0x55, 0x43, 0x00, 0x00, 0x00, 0x00, 0x00, 0x00, 0x00,
    0x00, 0xa0, 0x68, 0x32, 0x84, 0x76, 0x34, 0x03, 0x00, 0x00, 0x00, 0x00, 0x00, 0x00, 0x70, 0x34,
    0x88, 0xaa, 0x35, 0x86, 0x89, 0x43, 0x44, 0x00, 0x00, 0x00, 0x00, 0x00, 0x00, 0x00, 0x00, 0xa9,
    0xb8, 0x25, 0x87, 0x7b, 0x54, 0x34, 0x00, 0x00, 0x00, 0x00, 0x00, 0x00, 0x39, 0x87, 0x87, 0xb8,
    0x26, 0x82, 0x75, 0x43, 0x33, 0x00, 0x00, 0x00, 0x00, 0x00, 0x00, 0x33, 0x07, 0x95, 0x6a, 0x36,
    0x83, 0x85, 0x47, 0x45, 0x00, 0x00, 0x00, 0x00, 0x00, 0x38, 0x00, 0x00, 0x87, 0x58, 0x33, 0x65,
    0x78, 0x57, 0x03, 0x00, 0x00, 0x00, 0x00, 0x00, 0x03, 0x00, 0x00, 0x87, 0x58, 0x35, 0x85, 0x88,
    0x57, 0x03, 0x00, 0x00, 0x00, 0x00, 0x00, 0x05, 0x00, 0x60, 0x95, 0x6a, 0x45, 0x85, 0x89, 0x47,
    0x03, 0x00, 0x00, 0x00, 0x00, 0x00, 0x07, 0x00, 0x80, 0x85, 0x6b, 0x55, 0xb8, 0x9a, 0x37, 0x04,
    0x00, 0x00, 0x00, 0x00, 0x00, 0x78, 0x55, 0x50, 0x86, 0x35, 0x56, 0xab, 0x89, 0x58, 0x03, 0x00,
    0x00, 0x00, 0x00, 0x00, 0x80, 0x06, 0x50, 0xa6, 0x25, 0x63, 0x88, 0x98, 0xa8, 0x07, 0x00, 0x00,
    0x00, 0x00, 0x00, 0x00, 0x05, 0x59, 0x56, 0x35, 0x68, 0x88, 0x67, 0x33, 0x7a, 0x00, 0x00, 0x00,
    0x00, 0x00, 0x00, 0x00, 0x56, 0x57, 0x85, 0xa6, 0x89, 0x58, 0x34, 0x83, 0x07, 0x00, 0x00, 0x00,
    0x00, 0x00, 0x00, 0x65, 0x58, 0xc2, 0xb6, 0xaa, 0x79, 0x44, 0xa3, 0x07, 0x00, 0x00, 0x00, 0x66,
    0x00, 0x00, 0x45, 0x95, 0xc6, 0x9b, 0x88, 0x77, 0x34, 0x34, 0x59, 0xaa, 0x89, 0x00, 0x88, 0x00,
    0x50, 0x53, 0x88, 0xbb, 0x9a, 0x99, 0x67, 0x34, 0x33, 0x5a, 0xb8, 0x99, 0x00, 0x65, 0x00, 0x99,
    0x88, 0xb8, 0xcc, 0xab, 0x9a, 0x68, 0x56, 0x33, 0x5a, 0x83, 0x9b, 0x08, 0x55, 0x99, 0x78, 0x76,
    0xc7, 0xcc, 0xbb, 0x9a, 0x78, 0x67, 0x86, 0x56, 0x83, 0xbc, 0x07, 0x50, 0x00, 0x00, 0x87, 0xab,
    0xaa, 0x99, 0xaa, 0x33, 0x57, 0x59, 0x24, 0x83, 0xab, 0x87, 0x00, 0x00, 0x00, 0x87, 0x98, 0x99,
    0x98, 0xaa, 0x38, 0x23, 0x35, 0x32, 0x88, 0x9a, 0x86, 0x00, 0x00, 0x00, 0x76, 0x97, 0x88, 0x88,
    0x88, 0x8a, 0x22, 0x33, 0x88, 0x88, 0x88, 0x76, 0x00, 0x00, 0x00, 0x76, 0x76, 0x55, 0x75, 0x88,
    0x88, 0x88, 0x83, 0x88, 0x66, 0x66, 0x76, 0x00, 0x00, 0x00, 0x65, 0x46, 0x22, 0x55, 0x77, 0x67,
    0x55, 0x66, 0x66, 0x76, 0x67, 0x06, 0x00, 0x00, 0x00, 0x54, 0x85, 0x88, 0x68, 0x56, 0x56, 0x55,
    0x55, 0x55, 0x55, 0x56, 0x05, 0x00, 0x00, 0x00, 0x43, 0x65, 0x44, 0x54, 0x55, 0x45, 0x44, 0x44,
    0x44, 0x55, 0x44, 0x06, 0x00, 0x00, 0x00, 0x33, 0x63, 0x55, 0x45, 0x54, 0x55, 0x44, 0x44, 0x44,
    0x44, 0x44, 0x06, 0x00, 0x00, 0x00, 0x20, 0x33, 0x55, 0x55, 0x45, 0x54, 0x44, 0x44, 0x54, 0x25,
    0x42, 0x00, 0x00, 0x00, 0x00, 0x00, 0x20, 0x23, 0x22, 0x22, 0x22, 0x22, 0x22, 0x22, 0x32, 0x00,
    0x00, 0x00, 0x00, 0x00, 0x00, 0x00, 0x20, 0x22, 0x22, 0x22, 0x22, 0x22, 0x22, 0x00, 0x00, 0x00,
};

static const uint8_t game_sprite_sargj0[768] = {
    0x00, 0x00, 0x00, 0x00, 0x00, 0x00, 0x00, 0x56, 0x00, 0x00, 0x00, 0x00, 0x00, 0x00, 0x00, 0x00,
    0x00, 0x00, 0x00, 0x00, 0x00, 0x02, 0x08, 0x00, 0x99, 0x00, 0x00, 0x00, 0x00, 0x00, 0x00, 0x00,
    0x00, 0x22, 0x03, 0x60, 0x27, 0x23, 0x44, 0x77, 0x46, 0x77, 0x76, 0x00, 0x20, 0x34, 0x02, 0x00,
    0x00, 0x32, 0x04, 0x55, 0x33, 0x32, 0x55, 0x77, 0x34, 0x65, 0x56, 0x00, 0x00, 0x44, 0x04, 0x00,
    0x00, 0x43, 0x04, 0x45, 0x23, 0x33, 0x62, 0x22, 0x33, 0x33, 0x23, 0x33, 0x03, 0x20, 0x02, 0x00,
    0x00, 0x43, 0x00, 0x23, 0x73, 0x02, 0x22, 0x22, 0x33, 0x55, 0x46, 0x35, 0x04, 0x00, 0x02, 0x00,
    0x00, 0x00, 0x20, 0x22, 0x78, 0x11, 0x20, 0x24, 0x00, 0x22, 0x27, 0x22, 0x33, 0x00, 0x00, 0x00,
    0x00, 0x00, 0x20, 0x52, 0x27, 0x22, 0x23, 0x24, 0x00, 0x75, 0x24, 0x23, 0x05, 0x00, 0x00, 0x00,
    0x00, 0x03, 0x40, 0x54, 0x47, 0x32, 0x23, 0x34, 0x00, 0x62, 0x52, 0x23, 0x56, 0x03, 0x00, 0x00,
    0x30, 0x04, 0x30, 0x75, 0x44, 0x33, 0x23, 0x24, 0x00, 0x33, 0x54, 0x72, 0x65, 0x03, 0x00, 0x00,
    0x00, 0x00, 0x30, 0x86, 0x22, 0x00, 0x46, 0x24, 0x42, 0x25, 0x24, 0x87, 0x26, 0x05, 0x00, 0x00,
    0x00, 0x00, 0x34, 0x25, 0x22, 0x00, 0x86, 0x44, 0x53, 0x45, 0x22, 0x75, 0x22, 0x34, 0x50, 0x00,
    0x00, 0x30, 0x43, 0x26, 0x52, 0x20, 0x54, 0x42, 0x25, 0x22, 0x42, 0x24, 0x22, 0x34, 0x50, 0x00,
    0x00, 0x33, 0x53, 0x14, 0x21, 0x37, 0x55, 0x53, 0x25, 0x22, 0x53, 0x23, 0x56, 0x34, 0x00, 0x00,
    0x00, 0x33, 0x53, 0x22, 0x34, 0x24, 0x73, 0x42, 0x11, 0x24, 0x24, 0x43, 0x53, 0x43, 0x03, 0x00,
    0x00, 0x30, 0x75, 0x22, 0x24, 0x25, 0x34, 0x14, 0x21, 0x53, 0x42, 0x22, 0x22, 0x43, 0x03, 0x04,
    0x00, 0x30, 0x75, 0x22, 0x32, 0x34, 0x65, 0x22, 0x42, 0x22, 0x53, 0x44, 0x22, 0x43, 0x03, 0x00,
    0x00, 0x30, 0x75, 0x70, 0x23, 0x33, 0x32, 0x53, 0x42, 0x31, 0x23, 0x24, 0x23, 0x55, 0x03, 0x00,
    0x00, 0x33, 0x57, 0x40, 0x33, 0x33, 0x32, 0x36, 0x23, 0x33, 0x24, 0x33, 0x32, 0x52, 0x44, 0x00,
    0x00, 0x40, 0x57, 0x00, 0x50, 0x44, 0x33, 0x53, 0x45, 0x33, 0x42, 0x22, 0x02, 0x52, 0x34, 0x00,
    0x00, 0x43, 0x57, 0x04, 0x00, 0x42, 0x62, 0x23, 0x26, 0x24, 0x34, 0x24, 0x02, 0x67, 0x34, 0x00,
    0x04, 0x53, 0x57, 0x00, 0x35, 0x22, 0x22, 0x32, 0x23, 0x44, 0x44, 0x34, 0x32, 0x57, 0x04, 0x00,
    0x00, 0x43, 0x57, 0x00, 0x37, 0x32, 0x23, 0x22, 0x42, 0x44, 0x44, 0x22, 0x22, 0x56, 0x34, 0x00,
    0x00, 0x43, 0x76, 0x33, 0x32, 0x53, 0x33, 0x23, 0x44, 0x42, 0x32, 0x22, 0x22, 0x58, 0x00, 0x00,
    0x00, 0x33, 0x76, 0x33, 0x23, 0x50, 0x33, 0x23, 0x44, 0x22, 0x23, 0x33, 0x42, 0x57, 0x33, 0x00,
    0x00, 0x33, 0x64, 0x25, 0x03, 0x70, 0x32, 0x44, 0x44, 0x43, 0x44, 0x22, 0x33, 0x49, 0x33, 0x00,
    0x00, 0x30, 0x43, 0x27, 0x00, 0x24, 0x32, 0x43, 0x44, 0x44, 0x44, 0x24, 0x22, 0x46, 0x03, 0x00,
    0x00, 0x00, 0x33, 0x67, 0x32, 0x32, 0x22, 0x43, 0x44, 0x43, 0x44, 0x44, 0x22, 0x45, 0x00, 0x00,
    0x00, 0x04, 0x30, 0x77, 0x26, 0x32, 0x32, 0x22, 0x44, 0x45, 0x34, 0x24, 0x32, 0x44, 0x03, 0x00,
    0x00, 0x00, 0x30, 0x73, 0x43, 0x42, 0x34, 0x32, 0x24, 0x44, 0x44, 0x23, 0x23, 0x34, 0x03, 0x00,
    0x00, 0x00, 0x00, 0x04, 0x20, 0x43, 0x44, 0x33, 0x42, 0x34, 0x32, 0x43, 0x32, 0x04, 0x00, 0x00,
    0x00, 0x00, 0x00, 0x54, 0x25, 0x43, 0x24, 0x34, 0x44, 0x24, 0x33, 0x52, 0x33, 0x03, 0x00, 0x00,
    0x00, 0x00, 0x00, 0x54, 0x42, 0x23, 0x44, 0x43, 0x33, 0x32, 0x34, 0x24, 0x53, 0x33, 0x00, 0x00,
    0x00, 0x50, 0x04, 0x60, 0x42, 0x23, 0x24, 0x44, 0x42, 0x32, 0x23, 0x25, 0x43, 0x33, 0x06, 0x00,
    0x00, 0x00, 0x00, 0x73, 0x27, 0x23, 0x44, 0x23, 0x44, 0x44, 0x54, 0x23, 0x45, 0x33, 0x93, 0x00,
    0x00, 0x00, 0x00, 0x73, 0x25, 0x22, 0x44, 0x43, 0x44, 0x42, 0x24, 0x63, 0x44, 0x33, 0xa3, 0x00,
    0x00, 0x00, 0x00, 0x43, 0x27, 0x33, 0x42, 0x32, 0x94, 0x23, 0x22, 0x22, 0x33, 0x33, 0x72, 0x07,
    0x00, 0x00, 0x00, 0x43, 0x64, 0x32, 0x62, 0x32, 0x52, 0x28, 0x22, 0x32, 0x44, 0x33, 0x72, 0x06,
    0x00, 0x00, 0x00, 0x30, 0x54, 0x24, 0x22, 0x52, 0x33, 0x62, 0x26, 0x24, 0x34, 0x70, 0x77, 0x75,
    0x00, 0x00, 0x00, 0x30, 0x43, 0x45, 0x22, 0x32, 0x42, 0x54, 0x45, 0x34, 0x34, 0x77, 0x77, 0x75,
    0x00, 0x00, 0x00, 0x00, 0x43, 0x35, 0x34, 0x35, 0x32, 0x44, 0x34, 0x34, 0x33, 0x67, 0x75, 0x65,
    0x00, 0x00, 0x00, 0x00, 0x30, 0x44, 0x64, 0x25, 0x44, 0x33, 0x34, 0x33, 0x33, 0x77, 0x55, 0x65,
    0x00, 0x00, 0x00, 0x00, 0x00, 0x43, 0x44, 0x55, 0x56, 0x56, 0x55, 0x34, 0x43, 0x54, 0x56, 0x00,
    0x00, 0x00, 0x00, 0x00, 0x00, 0x32, 0x53, 0x44, 0x34, 0x33, 0x43, 0x33, 0x34, 0x44, 0x34, 0x00,
    0x00, 0x00, 0x00, 0x00, 0x00, 0x22, 0x43, 0x44, 0x33, 0x33, 0x43, 0x34, 0x33, 0x43, 0x53, 0x00,
    0x00, 0x00, 0x00, 0x00, 0x00, 0x21, 0x22, 0x54, 0x55, 0x33, 0x34, 0x44, 0x34, 0x12, 0x03, 0x00,
    0x00, 0x00, 0x00, 0x00, 0x00, 0x00, 0x13, 0x12, 0x11, 0x11, 0x11, 0x11, 0x11, 0x02, 0x00, 0x00,
    0x00, 0x00, 0x00, 0x00, 0x00, 0x00, 0x00, 0x11, 0x11, 0x11, 0x11, 0x11, 0x11, 0x00, 0x00, 0x00,
};

static const uint8_t game_sprite_sargk0[624] = {
    0x00, 0x00, 0x00, 0x00, 0x00, 0x40, 0x04, 0x00, 0x00, 0x00, 0x00, 0x00, 0x00, 0x00, 0x00, 0x00,
    0x00, 0x00, 0x00, 0x00, 0x00, 0x00, 0x00, 0x34, 0x44, 0x00, 0x30, 0x54, 0x00, 0x00, 0x00, 0x00,
    0x00, 0x00, 0x00, 0x00, 0x00, 0x00, 0x00, 0x55, 0x45, 0x00, 0x40, 0x45, 0x50, 0x00, 0x00, 0x00,
    0x00, 0x00, 0x00, 0x00, 0x55, 0x00, 0x00, 0x00, 0x33, 0x00, 0x00, 0x03, 0x30, 0x55, 0x00, 0x00,
    0x00, 0x00, 0x40, 0x63, 0x45, 0x30, 0x00, 0x00, 0x32, 0x00, 0x00, 0x00, 0x00, 0x33, 0x00, 0x00,
    0x30, 0x00, 0x44, 0x56, 0x03, 0x00, 0x00, 0x33, 0x30, 0x03, 0x00, 0x00, 0x00, 0x00, 0x00, 0x00,
    0x00, 0x00, 0x65, 0x35, 0x03, 0x00, 0x50, 0x75, 0x00, 0x03, 0x40, 0x45, 0x04, 0x00, 0x00, 0x00,
    0x00, 0x40, 0x45, 0x05, 0x60, 0x05, 0x53, 0x67, 0x00, 0x02, 0x45, 0x55, 0x25, 0x03, 0x00, 0x00,
    0x00, 0x20, 0x43, 0x04, 0x75, 0x06, 0x55, 0x36, 0x32, 0x02, 0x65, 0x45, 0x44, 0x42, 0x00, 0x00,
    0x00, 0x23, 0x65, 0x04, 0x53, 0x27, 0x22, 0x32, 0x32, 0x00, 0x46, 0x57, 0x24, 0x44, 0x00, 0x00,
    0x30, 0x34, 0x66, 0x06, 0x54, 0x22, 0x22, 0x22, 0x03, 0x00, 0x00, 0x02, 0x45, 0x22, 0x04, 0x00,
    0x30, 0x34, 0x76, 0x00, 0x00, 0x00, 0x22, 0x22, 0x32, 0x00, 0x00, 0x00, 0x52, 0x45, 0x04, 0x00,
    0x30, 0x55, 0x55, 0x00, 0x22, 0x00, 0x20, 0x22, 0x23, 0x02, 0x00, 0x20, 0x22, 0x34, 0x03, 0x00,
    0x00, 0x00, 0x00, 0x20, 0x20, 0x30, 0x12, 0x53, 0x52, 0x32, 0x35, 0x24, 0x24, 0x00, 0x33, 0x00,
    0x40, 0x00, 0x22, 0x20, 0x32, 0x80, 0x62, 0x53, 0x32, 0x22, 0x45, 0x22, 0x02, 0x00, 0x00, 0x00,
    0x00, 0x30, 0x32, 0x33, 0x33, 0x22, 0x22, 0x45, 0x41, 0x44, 0x44, 0x33, 0x02, 0x00, 0x03, 0x00,
    0x00, 0x40, 0x00, 0x23, 0x22, 0x22, 0x33, 0x53, 0x42, 0x44, 0x44, 0x41, 0x02, 0x00, 0x03, 0x00,
    0x00, 0x00, 0x00, 0x30, 0x44, 0x20, 0x42, 0x53, 0x32, 0x24, 0x44, 0x24, 0x04, 0x00, 0x00, 0x00,
    0x00, 0x65, 0x66, 0x20, 0x52, 0x34, 0x32, 0x34, 0x34, 0x35, 0x33, 0x43, 0x02, 0x22, 0x00, 0x00,
    0x30, 0x76, 0x77, 0x02, 0x70, 0x22, 0x32, 0x44, 0x14, 0x34, 0x43, 0x22, 0x04, 0x32, 0x56, 0x00,
    0x60, 0x67, 0x66, 0x02, 0x40, 0x43, 0x42, 0x44, 0x22, 0x52, 0x43, 0x25, 0x02, 0x40, 0x66, 0x04,
    0x60, 0x67, 0x24, 0x62, 0x25, 0x44, 0x55, 0x34, 0x43, 0x44, 0x43, 0x42, 0x40, 0x50, 0x56, 0x05,
    0x60, 0x67, 0x24, 0x42, 0x06, 0x52, 0x44, 0x44, 0x33, 0x44, 0x24, 0x62, 0x43, 0x24, 0x57, 0x06,
    0x55, 0x76, 0x02, 0x70, 0x26, 0x23, 0x42, 0x44, 0x34, 0x44, 0x44, 0x32, 0x43, 0x44, 0x56, 0x05,
    0x45, 0x53, 0x34, 0x00, 0x54, 0x35, 0x42, 0x42, 0x44, 0x22, 0x32, 0x24, 0x03, 0x34, 0x35, 0x04,
    0x45, 0x53, 0x44, 0x06, 0x50, 0x44, 0x33, 0x32, 0x44, 0x22, 0x44, 0x54, 0x42, 0x55, 0x36, 0x03,
    0x45, 0x24, 0x56, 0x43, 0x44, 0x44, 0x36, 0x24, 0x55, 0x22, 0x44, 0x32, 0x53, 0x44, 0x33, 0x53,
    0x43, 0x24, 0x34, 0x22, 0x63, 0x55, 0x31, 0x24, 0x55, 0x56, 0x22, 0x22, 0x53, 0x54, 0x33, 0x53,
    0x40, 0x34, 0x33, 0x63, 0x45, 0x54, 0x44, 0x43, 0x55, 0x45, 0x22, 0x33, 0x32, 0x54, 0x33, 0x53,
    0x20, 0x42, 0x43, 0x34, 0x53, 0x45, 0x44, 0x33, 0x23, 0x44, 0x42, 0x55, 0x22, 0x22, 0x32, 0x33,
    0x00, 0x32, 0x42, 0x33, 0x44, 0x44, 0x44, 0x53, 0x44, 0x44, 0x44, 0x53, 0x24, 0x22, 0x32, 0x03,
    0x00, 0x22, 0x23, 0x32, 0x33, 0x44, 0x44, 0x54, 0x54, 0x36, 0x45, 0x44, 0x45, 0x22, 0x42, 0x03,
    0x00, 0x00, 0x22, 0x33, 0x43, 0x34, 0x44, 0x43, 0x33, 0x43, 0x43, 0x44, 0x33, 0x22, 0x22, 0x04,
    0x00, 0x00, 0x22, 0x32, 0x23, 0x66, 0x45, 0x24, 0x23, 0x32, 0x43, 0x33, 0x33, 0x33, 0x33, 0x03,
    0x00, 0x00, 0x20, 0x22, 0x32, 0x54, 0x55, 0x35, 0x12, 0x11, 0x42, 0x53, 0x24, 0x33, 0x33, 0x03,
    0x00, 0x00, 0x00, 0x22, 0x22, 0x22, 0x22, 0x22, 0x22, 0x22, 0x22, 0x22, 0x33, 0x33, 0x04, 0x00,
    0x00, 0x00, 0x00, 0x20, 0x22, 0x22, 0x22, 0x22, 0x32, 0x23, 0x22, 0x32, 0x23, 0x23, 0x00, 0x00,
    0x00, 0x00, 0x00, 0x00, 0x12, 0x22, 0x22, 0x22, 0x22, 0x22, 0x22, 0x32, 0x23, 0x12, 0x00, 0x00,
    0x00, 0x00, 0x00, 0x00, 0x00, 0x00, 0x10, 0x11, 0x11, 0x11, 0x11, 0x11, 0x00, 0x00, 0x00, 0x00,
};

static const uint8_t game_sprite_sargl0[464] = {
    0x00, 0x00, 0x00, 0x00, 0x00, 0x30, 0x00, 0x00, 0x00, 0x00, 0x00, 0x00, 0x00, 0x00, 0x00, 0x00,
    0x00, 0x00, 0x00, 0x00, 0x00, 0x00, 0x00, 0x00, 0x00, 0x00, 0x00, 0x00, 0x00, 0x00, 0x00, 0x00,
    0x00, 0x00, 0x00, 0x00, 0x00, 0x00, 0x00, 0x30, 0x00, 0x00, 0x00, 0x00, 0x00, 0x00, 0x00, 0x00,
    0x00, 0x00, 0x00, 0x00, 0x00, 0x00, 0x00, 0x00, 0x00, 0x00, 0x00, 0x00, 0x00, 0x00, 0x00, 0x00,
    0x00, 0x00, 0x00, 0x34, 0x00, 0x00, 0x00, 0x00, 0x00, 0x40, 0x45, 0x00, 0x00, 0x00, 0x00, 0x00,
    0x00, 0x00, 0x40, 0x43, 0x00, 0x00, 0x00, 0x00, 0x00, 0x30, 0x03, 0x55, 0x00, 0x00, 0x00, 0x00,
    0x00, 0x00, 0x40, 0x46, 0x00, 0x00, 0x30, 0x03, 0x33, 0x00, 0x43, 0x66, 0x05, 0x00, 0x00, 0x00,
    0x00, 0x00, 0x64, 0x35, 0x50, 0x33, 0x24, 0x02, 0x33, 0x02, 0x22, 0x54, 0x66, 0x03, 0x00, 0x00,
    0x00, 0x40, 0x66, 0x35, 0x00, 0x23, 0x22, 0x02, 0x30, 0x02, 0x20, 0x43, 0x55, 0x34, 0x00, 0x00,
    0x00, 0x44, 0x54, 0x04, 0x00, 0x22, 0x24, 0x50, 0x40, 0x03, 0x00, 0x24, 0x42, 0x44, 0x00, 0x00,
    0x00, 0x43, 0x24, 0x22, 0x44, 0x42, 0x34, 0x03, 0x40, 0x24, 0x20, 0x32, 0x42, 0x04, 0x00, 0x00,
    0x00, 0x53, 0x23, 0x02, 0x45, 0x44, 0x32, 0x43, 0x30, 0x24, 0x22, 0x23, 0x32, 0x03, 0x00, 0x00,
    0x00, 0x54, 0x33, 0x23, 0x20, 0x32, 0x22, 0x32, 0x42, 0x34, 0x22, 0x44, 0x04, 0x00, 0x00, 0x00,
    0x00, 0x54, 0x33, 0x23, 0x40, 0x23, 0x22, 0x22, 0x23, 0x25, 0x52, 0x25, 0x46, 0x44, 0x00, 0x00,
    0x00, 0x40, 0x04, 0x26, 0x32, 0x44, 0x34, 0x33, 0x54, 0x33, 0x54, 0x22, 0x54, 0x45, 0x00, 0x00,
    0x00, 0x30, 0x65, 0x26, 0x22, 0x54, 0x44, 0x23, 0x32, 0x35, 0x44, 0x44, 0x44, 0x55, 0x00, 0x00,
    0x00, 0x30, 0x65, 0x24, 0x42, 0x22, 0x42, 0x42, 0x24, 0x34, 0x44, 0x45, 0x32, 0x55, 0x03, 0x00,
    0x00, 0x00, 0x35, 0x53, 0x25, 0x43, 0x42, 0x44, 0x43, 0x44, 0x64, 0x43, 0x53, 0x33, 0x04, 0x00,
    0x00, 0x30, 0x32, 0x55, 0x42, 0x23, 0x33, 0x42, 0x24, 0x24, 0x43, 0x42, 0x46, 0x33, 0x05, 0x00,
    0x00, 0x30, 0x55, 0x54, 0x44, 0x34, 0x34, 0x42, 0x44, 0x44, 0x44, 0x42, 0x43, 0x33, 0x35, 0x00,
    0x20, 0x22, 0x45, 0x46, 0x34, 0x44, 0x44, 0x34, 0x42, 0x45, 0x22, 0x52, 0x22, 0x33, 0x34, 0x00,
    0x20, 0x22, 0x42, 0x32, 0x23, 0x44, 0x54, 0x44, 0x34, 0x42, 0x24, 0x34, 0x22, 0x32, 0x24, 0x02,
    0x22, 0x32, 0x32, 0x33, 0x22, 0x34, 0x43, 0x53, 0x23, 0x23, 0x32, 0x44, 0x22, 0x22, 0x22, 0x22,
    0x22, 0x22, 0x23, 0x23, 0x42, 0x24, 0x22, 0x33, 0x33, 0x23, 0x42, 0x34, 0x45, 0x11, 0x11, 0x01,
    0x20, 0x22, 0x33, 0x43, 0x43, 0x34, 0x32, 0x33, 0x33, 0x34, 0x24, 0x44, 0x44, 0x23, 0x02, 0x00,
    0x10, 0x11, 0x11, 0x45, 0x44, 0x44, 0x25, 0x22, 0x11, 0x11, 0x41, 0x42, 0x24, 0x22, 0x22, 0x02,
    0x00, 0x20, 0x22, 0x30, 0x44, 0x33, 0x13, 0x11, 0x21, 0x32, 0x34, 0x54, 0x25, 0x22, 0x00, 0x00,
    0x00, 0x00, 0x00, 0x20, 0x33, 0x44, 0x44, 0x11, 0x11, 0x21, 0x55, 0x55, 0x02, 0x00, 0x00, 0x00,
    0x00, 0x00, 0x00, 0x00, 0x00, 0x22, 0x22, 0x22, 0x00, 0x20, 0x22, 0x00, 0x00, 0x00, 0x00, 0x00,
};

static const uint8_t game_sprite_sargm0[320] = {
    0x00, 0x00, 0x00, 0x00, 0x54, 0x00, 0x00, 0x00, 0x00, 0x00, 0x00, 0x00, 0x00, 0x00, 0x00, 0x00,
    0x00, 0x00, 0x00, 0x00, 0x64, 0x00, 0x05, 0x00, 0x40, 0x53, 0x45, 0x04, 0x00, 0x00, 0x00, 0x00,
    0x00, 0x00, 0x00, 0x00, 0x63, 0x06, 0x00, 0x50, 0x04, 0x73, 0x57, 0x04, 0x00, 0x00, 0x00, 0x00,
    0x00, 0x00, 0x00, 0x00, 0x43, 0x04, 0x50, 0x64, 0x06, 0x35, 0x43, 0x33, 0x40, 0x04, 0x00, 0x00,
    0x00, 0x00, 0x00, 0x40, 0x23, 0x63, 0x50, 0x44, 0x24, 0x46, 0x53, 0x44, 0x53, 0x04, 0x00, 0x00,
    0x00, 0x00, 0x53, 0x30, 0x34, 0x34, 0x43, 0x42, 0x63, 0x32, 0x42, 0x43, 0x04, 0x00, 0x05, 0x00,
    0x00, 0x00, 0x43, 0x42, 0x34, 0x45, 0x24, 0x46, 0x34, 0x44, 0x45, 0x52, 0x64, 0x50, 0x03, 0x00,
    0x00, 0x00, 0x24, 0x44, 0x34, 0x53, 0x35, 0x43, 0x42, 0x52, 0x52, 0x44, 0x33, 0x30, 0x03, 0x00,
    0x00, 0x00, 0x42, 0x54, 0x25, 0x42, 0x44, 0x33, 0x45, 0x35, 0x35, 0x43, 0x23, 0x32, 0x03, 0x00,
    0x00, 0x30, 0x52, 0x44, 0x33, 0x26, 0x44, 0x23, 0x52, 0x35, 0x22, 0x42, 0x24, 0x24, 0x06, 0x00,
    0x00, 0x20, 0x42, 0x23, 0x43, 0x45, 0x34, 0x44, 0x44, 0x34, 0x33, 0x42, 0x45, 0x34, 0x23, 0x00,
    0x00, 0x20, 0x32, 0x22, 0x33, 0x44, 0x44, 0x32, 0x32, 0x43, 0x43, 0x24, 0x35, 0x33, 0x24, 0x02,
    0x00, 0x23, 0x22, 0x42, 0x23, 0x43, 0x42, 0x34, 0x33, 0x32, 0x42, 0x24, 0x22, 0x42, 0x24, 0x03,
    0x53, 0x25, 0x22, 0x22, 0x22, 0x33, 0x43, 0x24, 0x22, 0x22, 0x42, 0x22, 0x22, 0x22, 0x32, 0x00,
    0x23, 0x23, 0x24, 0x22, 0x22, 0x42, 0x44, 0x23, 0x22, 0x32, 0x43, 0x34, 0x23, 0x22, 0x51, 0x02,
    0x20, 0x05, 0x30, 0x33, 0x23, 0x22, 0x44, 0x23, 0x22, 0x23, 0x22, 0x22, 0x22, 0x23, 0x33, 0x32,
    0x20, 0x02, 0x32, 0x33, 0x32, 0x32, 0x42, 0x22, 0x32, 0x23, 0x22, 0x44, 0x24, 0x22, 0x05, 0x00,
    0x00, 0x20, 0x32, 0x52, 0x45, 0x24, 0x42, 0x44, 0x24, 0x22, 0x42, 0x44, 0x44, 0x25, 0x02, 0x00,
    0x00, 0x20, 0x22, 0x31, 0x33, 0x44, 0x44, 0x24, 0x24, 0x22, 0x33, 0x55, 0x25, 0x02, 0x00, 0x00,
    0x00, 0x00, 0x00, 0x00, 0x00, 0x55, 0x33, 0x33, 0x03, 0x00, 0x02, 0x00, 0x00, 0x00, 0x00, 0x00,
};

static const uint8_t game_sprite_sargn0[288] = {
    0x00, 0x00, 0x00, 0x00, 0x40, 0x05, 0x00, 0x00, 0x00, 0x00, 0x04, 0x00, 0x00, 0x00, 0x00, 0x00,
    0x00, 0x00, 0x00, 0x00, 0x40, 0x06, 0x00, 0x50, 0x04, 0x23, 0x06, 0x00, 0x00, 0x00, 0x00, 0x00,
    0x00, 0x00, 0x00, 0x00, 0x30, 0x56, 0x00, 0x64, 0x46, 0x25, 0x37, 0x00, 0x00, 0x00, 0x00, 0x00,
    0x00, 0x00, 0x00, 0x00, 0x43, 0x46, 0x50, 0x44, 0x54, 0x25, 0x74, 0x03, 0x00, 0x00, 0x00, 0x00,
    0x00, 0x00, 0x53, 0x60, 0x44, 0x24, 0x33, 0x32, 0x33, 0x45, 0x44, 0x42, 0x00, 0x00, 0x00, 0x00,
    0x00, 0x00, 0x43, 0x60, 0x44, 0x45, 0x24, 0x36, 0x34, 0x32, 0x44, 0x44, 0x03, 0x50, 0x05, 0x00,
    0x00, 0x00, 0x20, 0x42, 0x54, 0x53, 0x44, 0x42, 0x32, 0x54, 0x33, 0x44, 0x44, 0x30, 0x03, 0x00,
    0x00, 0x60, 0x33, 0x55, 0x22, 0x42, 0x45, 0x33, 0x52, 0x54, 0x23, 0x35, 0x44, 0x64, 0x05, 0x00,
    0x00, 0x60, 0x33, 0x45, 0x23, 0x64, 0x54, 0x44, 0x32, 0x35, 0x22, 0x22, 0x23, 0x24, 0x06, 0x00,
    0x00, 0x20, 0x32, 0x23, 0x44, 0x44, 0x35, 0x45, 0x33, 0x44, 0x23, 0x33, 0x34, 0x22, 0x22, 0x02,
    0x00, 0x20, 0x22, 0x23, 0x43, 0x34, 0x44, 0x44, 0x52, 0x43, 0x43, 0x34, 0x35, 0x33, 0x24, 0x02,
    0x00, 0x23, 0x22, 0x22, 0x22, 0x42, 0x44, 0x34, 0x34, 0x32, 0x23, 0x22, 0x22, 0x42, 0x23, 0x00,
    0x53, 0x25, 0x22, 0x22, 0x22, 0x33, 0x42, 0x23, 0x22, 0x22, 0x33, 0x34, 0x23, 0x22, 0x32, 0x00,
    0x23, 0x23, 0x24, 0x52, 0x22, 0x22, 0x42, 0x22, 0x22, 0x22, 0x32, 0x34, 0x22, 0x22, 0x51, 0x02,
    0x20, 0x05, 0x30, 0x33, 0x22, 0x22, 0x42, 0x23, 0x22, 0x23, 0x32, 0x44, 0x24, 0x23, 0x33, 0x32,
    0x20, 0x02, 0x32, 0x33, 0x52, 0x35, 0x44, 0x22, 0x22, 0x22, 0x22, 0x24, 0x42, 0x22, 0x05, 0x00,
    0x00, 0x20, 0x32, 0x32, 0x33, 0x44, 0x44, 0x44, 0x44, 0x22, 0x23, 0x55, 0x25, 0x25, 0x02, 0x00,
    0x00, 0x00, 0x00, 0x00, 0x00, 0x55, 0x33, 0x33, 0x53, 0x00, 0x02, 0x20, 0x00, 0x00, 0x00, 0x00,
};

static const uint8_t game_sprite_bkeya0[147] = {
    0x00, 0x00, 0x70, 0xba, 0xac, 0x57, 0x03, 0x00, 0x70, 0x24, 0x54, 0x57, 0x34, 0x22, 0x00, 0x24,
    0x22, 0x22, 0x22, 0xc3, 0x29, 0x20, 0x22, 0x22, 0x32, 0x22, 0x22, 0x22, 0x20, 0x12, 0x57, 0x53,
    0x27, 0x22, 0x12, 0x22, 0x21, 0x95, 0x96, 0x35, 0x21, 0x22, 0x22, 0x21, 0x63, 0x6a, 0x23, 0x21,
    0x22, 0x11, 0x31, 0x95, 0x96, 0x25, 0x21, 0x12, 0x10, 0x12, 0x57, 0x53, 0x17, 0x22, 0x11, 0x10,
    0x22, 0x32, 0x22, 0x21, 0x12, 0x11, 0x00, 0x21, 0x12, 0x12, 0x22, 0x11, 0x11, 0x00, 0x10, 0x22,
    0x22, 0x12, 0x11, 0x11, 0x00, 0x00, 0x11, 0x12, 0x11, 0x12, 0x12, 0x00, 0x00, 0x11, 0x11, 0x12,
    0x21, 0x11, 0x00, 0x00, 0x11, 0x21, 0x11, 0x12, 0x11, 0x00, 0x00, 0x11, 0x12, 0x21, 0x11, 0x22,
    0x00, 0x00, 0x22, 0x11, 0x12, 0x21, 0x21, 0x00, 0x00, 0x22, 0x21, 0x12, 0x12, 0x21, 0x00, 0x00,
    0x20, 0x12, 0x11, 0x11, 0x21, 0x00, 0x00, 0x00, 0x22, 0x22, 0x22, 0x22, 0x00, 0x00, 0x00, 0x20,
    0x20, 0x20, 0x00,
};

static const uint8_t game_sprite_ykeya0[147] = {
    0x00, 0x00, 0xc0, 0xec, 0xef, 0xbc, 0x0e, 0x00, 0xe0, 0xbe, 0xcb, 0xec, 0xbe, 0x69, 0x00, 0xbe,
    0x59, 0x56, 0x97, 0x5b, 0x73, 0xe0, 0x7b, 0x35, 0x45, 0x75, 0xb9, 0x69, 0xb0, 0x46, 0x43, 0x47,
    0x42, 0x87, 0x46, 0x89, 0x34, 0x53, 0x59, 0x22, 0x94, 0x78, 0x78, 0x24, 0x53, 0x59, 0x23, 0x94,
    0x78, 0x57, 0x26, 0x52, 0x59, 0x33, 0x86, 0x57, 0x50, 0x47, 0x42, 0x47, 0x44, 0x57, 0x34, 0x40,
    0x75, 0x34, 0x35, 0x74, 0x25, 0x47, 0x00, 0x54, 0x66, 0x66, 0x56, 0x44, 0x48, 0x00, 0x40, 0x65,
    0x67, 0x45, 0x32, 0x47, 0x00, 0x00, 0x43, 0x45, 0x43, 0x37, 0x58, 0x00, 0x00, 0x24, 0x24, 0x34,
    0x48, 0x79, 0x00, 0x00, 0x34, 0x34, 0x37, 0x38, 0x7b, 0x00, 0x00, 0x38, 0x47, 0x48, 0x39, 0x87,
    0x00, 0x00, 0x49, 0x39, 0x39, 0x74, 0x84, 0x00, 0x00, 0x7c, 0x43, 0x47, 0x47, 0x93, 0x00, 0x00,
    0x90, 0x74, 0x74, 0x74, 0xb4, 0x00, 0x00, 0x00, 0x98, 0x97, 0x97, 0xc7, 0x00, 0x00, 0x00, 0xc0,
    0xc0, 0xc0, 0x00,
};

static const uint8_t game_sprite_rkeya0[147] = {
    0x00, 0x00, 0x80, 0xa9, 0x9b, 0x68, 0x05, 0x00, 0x80, 0x55, 0x55, 0x56, 0x55, 0x44, 0x00, 0x45,
    0x44, 0x44, 0x44, 0x75, 0x42, 0x50, 0x44, 0x34, 0x22, 0x44, 0x54, 0x44, 0x40, 0x34, 0x32, 0x22,
    0x32, 0x44, 0x33, 0x44, 0x43, 0x55, 0x55, 0x45, 0x43, 0x34, 0x44, 0x53, 0x97, 0x9a, 0x57, 0x43,
    0x34, 0x33, 0x33, 0x54, 0x55, 0x34, 0x43, 0x33, 0x30, 0x34, 0x22, 0x43, 0x34, 0x34, 0x23, 0x30,
    0x43, 0x23, 0x32, 0x43, 0x23, 0x33, 0x00, 0x33, 0x34, 0x34, 0x34, 0x33, 0x33, 0x00, 0x30, 0x43,
    0x44, 0x33, 0x22, 0x33, 0x00, 0x00, 0x33, 0x33, 0x33, 0x42, 0x34, 0x00, 0x00, 0x23, 0x22, 0x22,
    0x32, 0x32, 0x00, 0x00, 0x23, 0x34, 0x34, 0x23, 0x33, 0x00, 0x00, 0x23, 0x23, 0x23, 0x32, 0x42,
    0x00, 0x00, 0x34, 0x42, 0x43, 0x33, 0x43, 0x00, 0x00, 0x45, 0x23, 0x23, 0x23, 0x43, 0x00, 0x00,
    0x40, 0x34, 0x32, 0x32, 0x42, 0x00, 0x00, 0x00, 0x44, 0x44, 0x44, 0x54, 0x00, 0x00, 0x00, 0x50,
    0x50, 0x50, 0x00,
};

static const uint8_t game_sprite_clipa0[42] = {
    0x45, 0x34, 0x03, 0x40, 0x33, 0xb9, 0x89, 0x34, 0x74, 0x88, 0x56, 0x44, 0xc9, 0x8a, 0x44, 0x75,
    0x88, 0x75, 0x44, 0xb9, 0x69, 0x34, 0x74, 0x68, 0x55, 0x43, 0xb9, 0x68, 0x44, 0x73, 0x68, 0x35,
    0x33, 0x98, 0x68, 0x44, 0x34, 0x67, 0x35, 0x33, 0x33, 0x03,
};

static const uint8_t game_sprite_ammoa0[136] = {
    0x00, 0x55, 0x65, 0x56, 0x55, 0x66, 0x55, 0x03, 0x00, 0x65, 0x66, 0x77, 0x66, 0x66, 0x66, 0x56,
    0x04, 0x65, 0x76, 0x77, 0x77, 0x77, 0x77, 0x77, 0x56, 0x65, 0x77, 0x87, 0x77, 0x88, 0x87, 0x88,
    0x78, 0x67, 0x65, 0x66, 0x66, 0xc6, 0x6b, 0x66, 0x66, 0x66, 0x54, 0x45, 0x44, 0x44, 0x58, 0x44,
    0x44, 0x44, 0x45, 0x67, 0x56, 0x56, 0x55, 0x55, 0x65, 0x66, 0x66, 0x85, 0x67, 0x46, 0x8c, 0xec,
    0xd9, 0x65, 0x66, 0x45, 0x67, 0x66, 0x85, 0x85, 0x68, 0x58, 0x66, 0x56, 0x74, 0x66, 0x55, 0x55,
    0x55, 0x55, 0x55, 0x66, 0x45, 0x66, 0x7d, 0xd5, 0xd8, 0xd5, 0xd8, 0x75, 0x7d, 0x64, 0xb8, 0x5a,
    0xba, 0x5a, 0xba, 0x5a, 0x5b, 0x3b, 0x96, 0x95, 0x95, 0x96, 0x95, 0x96, 0x75, 0x7a, 0x63, 0x55,
    0x55, 0x55, 0x55, 0x55, 0x55, 0x55, 0x35, 0x56, 0x55, 0x56, 0x55, 0x55, 0x55, 0x55, 0x54, 0x54,
    0x44, 0x44, 0x43, 0x43, 0x44, 0x43, 0x33, 0x24,
};

static const uint8_t game_sprite_shela0[70] = {
    0xc7, 0x59, 0x70, 0x9c, 0x05, 0xc7, 0x59, 0x74, 0x45, 0x40, 0x57, 0x04, 0x74, 0x45, 0x95, 0x57,
    0x50, 0x79, 0x05, 0x95, 0x57, 0x75, 0x35, 0x50, 0x57, 0x03, 0x75, 0x35, 0x86, 0x46, 0x60, 0x68,
    0x04, 0x86, 0x46, 0x86, 0x46, 0x60, 0x68, 0x04, 0x86, 0x46, 0x86, 0x56, 0x77, 0x77, 0x95, 0x95,
    0x46, 0x76, 0x66, 0x88, 0x88, 0xc7, 0xc7, 0x34, 0x45, 0x54, 0x66, 0x66, 0x85, 0x75, 0x24, 0x00,
    0x30, 0x44, 0x44, 0x53, 0x54, 0x00,
};

static const uint8_t game_sprite_sboxa0[192] = {
    0x00, 0x00, 0x75, 0x05, 0x45, 0xa0, 0x33, 0x33, 0x33, 0x33, 0x33, 0x33, 0x33, 0x33, 0x0a, 0x00,
    0x00, 0x55, 0x89, 0x94, 0x57, 0x3b, 0x33, 0x33, 0x33, 0x33, 0x33, 0x33, 0x33, 0x33, 0xb3, 0x00,
    0x40, 0x78, 0x25, 0x57, 0xd4, 0x33, 0x33, 0x33, 0x33, 0x33, 0x33, 0x33, 0x33, 0x33, 0x33, 0x0d,
    0x75, 0x87, 0x82, 0x75, 0x3d, 0x33, 0x33, 0x33, 0x33, 0x33, 0x33, 0x33, 0x33, 0x33, 0x33, 0xb3,
    0xc7, 0x59, 0x72, 0x9c, 0x3b, 0x33, 0x33, 0x33, 0x33, 0x33, 0x33, 0x23, 0x22, 0x22, 0x33, 0xb3,
    0x74, 0x45, 0x43, 0x57, 0x3b, 0x33, 0x33, 0x33, 0x33, 0x23, 0x22, 0x22, 0x22, 0x22, 0x32, 0xb3,
    0x75, 0x45, 0x52, 0x57, 0x3c, 0x9b, 0x33, 0x3b, 0x3b, 0x8b, 0x23, 0x29, 0x29, 0x92, 0x38, 0xb3,
    0x86, 0x46, 0x62, 0x68, 0x3b, 0x73, 0x39, 0x89, 0x39, 0x39, 0x22, 0x29, 0x28, 0x22, 0x85, 0xb3,
    0xab, 0xac, 0xcb, 0x9b, 0x3c, 0x98, 0x38, 0x38, 0x38, 0x98, 0x28, 0x88, 0x88, 0x95, 0x58, 0xb3,
    0x54, 0x55, 0x45, 0x44, 0x3c, 0x33, 0x33, 0x33, 0x33, 0x33, 0x22, 0x22, 0x22, 0x22, 0x33, 0xb3,
    0x44, 0x44, 0x44, 0x34, 0x7b, 0x98, 0xbb, 0xbb, 0x99, 0x89, 0x88, 0x78, 0x87, 0x88, 0x98, 0xb8,
    0x43, 0x44, 0x44, 0x33, 0x3a, 0x33, 0x33, 0x22, 0x22, 0x22, 0x22, 0x22, 0x22, 0x22, 0x22, 0x82,
};

static const uint8_t game_sprite_stima0[95] = {
    0x00, 0x76, 0x77, 0x78, 0x87, 0x88, 0x87, 0x68, 0x04, 0x00, 0xa7, 0x9a, 0xaa, 0xaa, 0xbb, 0xa9,
    0xab, 0x56, 0x04, 0x90, 0x9b, 0xba, 0xff, 0xbc, 0xb9, 0xab, 0x56, 0x55, 0x70, 0xba, 0xa8, 0xea,
    0xbe, 0x9a, 0xcb, 0x69, 0x54, 0x45, 0xa8, 0x7b, 0xed, 0xee, 0xee, 0xb8, 0x8b, 0x26, 0x52, 0x75,
    0xba, 0xc7, 0xdd, 0xdd, 0x7d, 0xbb, 0x68, 0x22, 0x46, 0x86, 0x58, 0x77, 0xdc, 0x77, 0x96, 0x78,
    0x36, 0x55, 0x04, 0x54, 0x43, 0x84, 0x59, 0x55, 0x65, 0x67, 0x56, 0x05, 0x30, 0x44, 0x33, 0x33,
    0x33, 0x33, 0x54, 0x66, 0x55, 0x00, 0x30, 0x33, 0x22, 0x22, 0x22, 0x22, 0x43, 0x44, 0x00,
};

static const uint8_t game_sprite_media0[290] = {
    0x00, 0x00, 0x00, 0xb0, 0x07, 0x00, 0x00, 0x00, 0x00, 0x00, 0x7b, 0x00, 0x00, 0x00, 0x00, 0x00,
    0x00, 0x90, 0xaa, 0x09, 0x00, 0x00, 0x00, 0x00, 0xa9, 0x9a, 0x00, 0x00, 0x00, 0x00, 0x50, 0xa6,
    0xcc, 0x6b, 0x58, 0x65, 0x66, 0x55, 0x68, 0xcb, 0xac, 0x56, 0x00, 0x00, 0x70, 0x98, 0x99, 0x99,
    0x68, 0x77, 0x99, 0x79, 0x67, 0x98, 0x99, 0x99, 0x78, 0x00, 0x60, 0xaa, 0xdb, 0xdd, 0x9c, 0x97,
    0xcb, 0xcc, 0x9b, 0x97, 0xdc, 0xdd, 0xab, 0x6a, 0x50, 0x89, 0x88, 0xa9, 0x99, 0x78, 0x88, 0x88,
    0x88, 0x78, 0x98, 0xa9, 0x89, 0x88, 0x59, 0x85, 0x97, 0xdb, 0xdd, 0x8a, 0x87, 0x77, 0x77, 0x87,
    0x87, 0xda, 0xdd, 0x9b, 0x87, 0x65, 0x89, 0x9a, 0xaa, 0xba, 0x78, 0x78, 0x77, 0x77, 0x78, 0xb8,
    0xaa, 0x9a, 0x8a, 0x69, 0x96, 0xa8, 0xa9, 0xba, 0x9b, 0x87, 0xe7, 0xee, 0x87, 0x97, 0xbb, 0xaa,
    0xa9, 0x98, 0x66, 0x88, 0x9a, 0xaa, 0xcb, 0x79, 0x77, 0xee, 0x7e, 0x77, 0xc9, 0xab, 0x9a, 0x8a,
    0x68, 0x96, 0x97, 0xa9, 0xba, 0x9c, 0xf7, 0xef, 0xee, 0xff, 0x97, 0xbc, 0xaa, 0x99, 0x97, 0x66,
    0x88, 0x99, 0xa9, 0xba, 0x78, 0xee, 0xee, 0xee, 0x7e, 0xb8, 0xaa, 0x99, 0x89, 0x68, 0x86, 0x97,
    0x99, 0xaa, 0x8b, 0x87, 0xe8, 0xee, 0x88, 0x87, 0xab, 0x9a, 0x99, 0x87, 0x66, 0x78, 0x99, 0xaa,
    0xba, 0x78, 0x78, 0xee, 0x7e, 0x78, 0xb8, 0xaa, 0x9a, 0x79, 0x68, 0x96, 0x97, 0xa9, 0xaa, 0x8b,
    0x86, 0x87, 0x88, 0x87, 0x86, 0xab, 0xaa, 0x99, 0x97, 0x56, 0x68, 0x99, 0xaa, 0xaa, 0x68, 0x78,
    0x77, 0x77, 0x68, 0xa8, 0xaa, 0x9a, 0x69, 0x58, 0x75, 0x86, 0xa9, 0xaa, 0x79, 0x74, 0x66, 0x66,
    0x76, 0x74, 0xa9, 0xaa, 0x89, 0x76, 0x45, 0x56, 0x66, 0x77, 0x67, 0x46, 0x76, 0x77, 0x77, 0x46,
    0x76, 0x76, 0x67, 0x56, 0x46, 0x50, 0x98, 0xaa, 0xaa, 0x9a, 0x44, 0x44, 0x44, 0x44, 0x94, 0xaa,
    0xaa, 0x9a, 0x58, 0x00, 0x30, 0x44, 0x55, 0x55, 0x24, 0x33, 0x44, 0x34, 0x23, 0x54, 0x55, 0x45,
    0x34, 0x00,
};

static const uint8_t game_sprite_bon1a0[83] = {
    0x00, 0x90, 0xbc, 0x9a, 0x00, 0x00, 0x00, 0x64, 0x76, 0x04, 0x00, 0x00, 0x00, 0x34, 0x02, 0x00,
    0x00, 0x00, 0xda, 0x8b, 0x06, 0x00, 0x00, 0x73, 0x68, 0x46, 0x03, 0x00, 0x60, 0x88, 0x88, 0x57,
    0x00, 0x80, 0xda, 0xab, 0x89, 0x57, 0x50, 0xda, 0x9a, 0x9a, 0x59, 0x33, 0x96, 0x8a, 0xca, 0x8a,
    0x46, 0x75, 0x88, 0x98, 0x8a, 0x57, 0x42, 0x76, 0x88, 0x88, 0x57, 0x46, 0x53, 0x75, 0x88, 0x57,
    0x34, 0x22, 0x34, 0x44, 0x34, 0x23, 0x22, 0x02, 0x64, 0x67, 0x66, 0x34, 0x03, 0x00, 0x53, 0x44,
    0x34, 0x03, 0x00,
};

static const uint8_t game_sprite_bon2a0[124] = {
    0x22, 0x00, 0x00, 0x00, 0x00, 0x20, 0x32, 0x36, 0x44, 0x00, 0x40, 0x22, 0x24, 0x54, 0x86, 0x46,
    0x43, 0x44, 0x43, 0x52, 0x25, 0x43, 0x54, 0x44, 0x23, 0x23, 0x25, 0x33, 0x54, 0x55, 0x34, 0x23,
    0x52, 0x33, 0x43, 0x55, 0x45, 0x34, 0x23, 0x36, 0x43, 0x54, 0x55, 0x45, 0x34, 0x72, 0x33, 0x44,
    0x55, 0xbd, 0x7a, 0x23, 0x38, 0x43, 0x54, 0xb8, 0x4c, 0x57, 0x82, 0x33, 0x44, 0x95, 0x5a, 0x3a,
    0x25, 0x38, 0x43, 0x55, 0xdc, 0x45, 0x53, 0x72, 0x33, 0x54, 0xe5, 0x6e, 0x39, 0x24, 0x36, 0x64,
    0xb8, 0xcc, 0x89, 0x55, 0x52, 0x84, 0xfe, 0xff, 0xee, 0x77, 0x23, 0x75, 0x64, 0x98, 0x8a, 0x66,
    0x33, 0x02, 0x97, 0x33, 0x44, 0x34, 0x43, 0x02, 0x00, 0xe9, 0x33, 0x34, 0x53, 0x03, 0x00, 0x00,
    0xfb, 0x23, 0x43, 0x03, 0x00, 0x00, 0x00, 0x9d, 0x45, 0x04, 0x00, 0x00,
};

static const uint8_t game_sprite_arm1a0[384] = {
    0x00, 0x00, 0x00, 0x00, 0x40, 0x00, 0x00, 0x00, 0x00, 0x00, 0x00, 0x00, 0x00, 0x00, 0x00, 0x00,
    0x00, 0x00, 0x00, 0x00, 0x50, 0x00, 0x00, 0x00, 0x00, 0x00, 0x00, 0x00, 0x00, 0x00, 0x00, 0x00,
    0x00, 0x00, 0x00, 0x00, 0x70, 0x00, 0x00, 0x00, 0x00, 0x00, 0x00, 0x00, 0x00, 0x00, 0x00, 0x00,
    0x00, 0x00, 0x00, 0x00, 0x50, 0x00, 0x00, 0x00, 0x00, 0x00, 0x00, 0x05, 0x00, 0x00, 0x00, 0x00,
    0x00, 0x00, 0x54, 0x45, 0x54, 0x00, 0x00, 0x00, 0x00, 0x00, 0x00, 0x45, 0x54, 0x45, 0x00, 0x00,
    0x00, 0x50, 0xc7, 0x7a, 0x64, 0x00, 0x00, 0x00, 0x00, 0x00, 0x00, 0x46, 0xa7, 0x7c, 0x05, 0x00,
    0x00, 0x74, 0xcc, 0x57, 0x74, 0x02, 0x00, 0x00, 0x00, 0x00, 0x20, 0x47, 0x75, 0xcc, 0x47, 0x00,
    0x00, 0xc5, 0x7a, 0x45, 0x74, 0x32, 0x02, 0x00, 0x00, 0x20, 0x23, 0x47, 0x54, 0xa7, 0x5c, 0x00,
    0x40, 0x77, 0x45, 0x44, 0x84, 0x22, 0x23, 0x42, 0x23, 0x32, 0x22, 0x48, 0x44, 0x54, 0x77, 0x04,
    0x50, 0x27, 0x42, 0x24, 0xa4, 0x54, 0x25, 0x42, 0x23, 0x42, 0x44, 0x4a, 0x42, 0x24, 0x72, 0x05,
    0x40, 0x25, 0x44, 0x42, 0xc7, 0x75, 0x88, 0x55, 0x45, 0x55, 0x34, 0x7c, 0x24, 0x44, 0x52, 0x04,
    0x20, 0x41, 0x24, 0x74, 0x7c, 0x86, 0x78, 0x45, 0x54, 0x65, 0x45, 0xc7, 0x47, 0x42, 0x14, 0x02,
    0x65, 0x87, 0xaa, 0xcc, 0x27, 0x87, 0x88, 0x9a, 0xa4, 0x66, 0x56, 0x72, 0xcc, 0xaa, 0x78, 0x56,
    0x21, 0x44, 0x55, 0x45, 0x32, 0x87, 0x88, 0xbc, 0xc4, 0x66, 0x56, 0x24, 0x54, 0x55, 0x44, 0x12,
    0x00, 0x00, 0x00, 0x20, 0x83, 0x87, 0x88, 0x44, 0x44, 0x66, 0x56, 0x46, 0x02, 0x00, 0x00, 0x00,
    0x00, 0x00, 0x00, 0x20, 0x33, 0xab, 0x88, 0x54, 0x45, 0x66, 0x77, 0x32, 0x02, 0x00, 0x00, 0x00,
    0x00, 0x00, 0x00, 0x20, 0x32, 0xb6, 0xac, 0x48, 0x64, 0x87, 0x37, 0x22, 0x02, 0x00, 0x00, 0x00,
    0x00, 0x00, 0x00, 0x00, 0x32, 0x44, 0xb8, 0x6a, 0x74, 0x68, 0x22, 0x22, 0x00, 0x00, 0x00, 0x00,
    0x00, 0x00, 0x00, 0x00, 0x22, 0x44, 0x64, 0x97, 0x68, 0x24, 0x32, 0x22, 0x00, 0x00, 0x00, 0x00,
    0x00, 0x00, 0x00, 0x00, 0x20, 0x43, 0x44, 0x22, 0x22, 0x33, 0x33, 0x02, 0x00, 0x00, 0x00, 0x00,
    0x00, 0x00, 0x00, 0x00, 0x20, 0x33, 0x22, 0x22, 0x22, 0x22, 0x22, 0x02, 0x00, 0x00, 0x00, 0x00,
    0x00, 0x00, 0x00, 0x00, 0x00, 0x32, 0x43, 0x42, 0x24, 0x34, 0x23, 0x00, 0x00, 0x00, 0x00, 0x00,
    0x00, 0x00, 0x00, 0x00, 0x00, 0x22, 0x33, 0x32, 0x23, 0x33, 0x22, 0x00, 0x00, 0x00, 0x00, 0x00,
    0x00, 0x00, 0x00, 0x00, 0x00, 0x20, 0x22, 0x00, 0x00, 0x22, 0x02, 0x00, 0x00, 0x00, 0x00, 0x00,
};

static const uint8_t game_sprite_soula0[313] = {
    0x00, 0x00, 0x00, 0x00, 0x20, 0x22, 0x22, 0x22, 0x00, 0x00, 0x00, 0x00, 0x00, 0x00, 0x00, 0x00,
    0x22, 0x32, 0x44, 0x33, 0x22, 0x02, 0x00, 0x00, 0x00, 0x00, 0x00, 0x20, 0x32, 0x74, 0x88, 0x88,
    0x78, 0x35, 0x22, 0x00, 0x00, 0x00, 0x00, 0x20, 0x42, 0x87, 0xb9, 0xbb, 0xbb, 0x99, 0x47, 0x23,
    0x00, 0x00, 0x00, 0x20, 0x53, 0x98, 0xb9, 0xcb, 0xcc, 0xbc, 0x9b, 0x58, 0x23, 0x00, 0x00, 0x20,
    0x53, 0xb8, 0xbb, 0xcc, 0xcc, 0xcc, 0xbc, 0x9b, 0x59, 0x23, 0x00, 0x00, 0x52, 0x97, 0xfe, 0xcd,
    0xcc, 0xcc, 0xcc, 0xbb, 0x9b, 0x59, 0x03, 0x00, 0x32, 0x87, 0xeb, 0xef, 0xcc, 0xcc, 0xcc, 0xcc,
    0xbc, 0x9b, 0x36, 0x02, 0x20, 0x84, 0xb9, 0xec, 0xcc, 0xcc, 0xcb, 0xcc, 0xcc, 0xbb, 0x69, 0x24,
    0x20, 0x52, 0xb8, 0x79, 0x95, 0xcc, 0xbc, 0xcc, 0x7b, 0x65, 0x99, 0x48, 0x23, 0x32, 0x85, 0x69,
    0x23, 0x53, 0xb9, 0xbb, 0x49, 0x23, 0x82, 0x88, 0x36, 0x22, 0x73, 0x99, 0x37, 0x22, 0x95, 0x9b,
    0x9b, 0x23, 0x52, 0xbb, 0x89, 0x23, 0x42, 0xb8, 0xbb, 0x79, 0x97, 0x7b, 0x93, 0x9b, 0x98, 0xcb,
    0xbb, 0x37, 0x22, 0x73, 0x99, 0xbb, 0xbb, 0xbb, 0x25, 0xb7, 0xbb, 0x9b, 0x99, 0x68, 0x23, 0x32,
    0x86, 0x67, 0x98, 0xbb, 0xbb, 0xb8, 0xbc, 0x79, 0x45, 0x86, 0x25, 0x22, 0x32, 0x35, 0x43, 0x96,
    0xbb, 0xbb, 0xbb, 0x9b, 0x35, 0x33, 0x35, 0x22, 0x20, 0x32, 0x63, 0x55, 0x99, 0x76, 0x95, 0x96,
    0x49, 0x75, 0x46, 0x22, 0x00, 0x22, 0x53, 0x67, 0x65, 0x35, 0x23, 0x23, 0x63, 0x53, 0x98, 0x24,
    0x02, 0x00, 0x22, 0x85, 0x47, 0x23, 0x22, 0x22, 0x22, 0x43, 0xa7, 0x4a, 0x02, 0x00, 0x20, 0x42,
    0x97, 0x47, 0x32, 0x22, 0x22, 0x32, 0xa6, 0x6a, 0x23, 0x00, 0x00, 0x20, 0x53, 0xb9, 0x69, 0x43,
    0x53, 0x54, 0x97, 0xaa, 0x24, 0x00, 0x00, 0x00, 0x20, 0x64, 0xb9, 0x7b, 0x57, 0x69, 0xbb, 0xab,
    0x36, 0x00, 0x00, 0x00, 0x00, 0x20, 0x64, 0xb9, 0xbb, 0xcb, 0xcc, 0xab, 0x35, 0x00, 0x00, 0x00,
    0x00, 0x00, 0x00, 0x43, 0x97, 0xbb, 0x9b, 0x78, 0x04, 0x00, 0x00, 0x00, 0x00, 0x00, 0x00, 0x00,
    0x20, 0x22, 0x32, 0x22, 0x00, 0x00, 0x00, 0x00, 0x00,
};

static const uint8_t game_sprite_arm2a0[336] = {
    0x00, 0x00, 0x00, 0x50, 0x04, 0x00, 0x00, 0x00, 0x00, 0x00, 0x00, 0x40, 0x05, 0x00, 0x00, 0x00,
    0x00, 0x00, 0x33, 0x54, 0x04, 0x00, 0x00, 0x00, 0x00, 0x00, 0x00, 0x40, 0x45, 0x33, 0x00, 0x00,
    0x00, 0x30, 0x33, 0x73, 0x34, 0x03, 0x30, 0x54, 0x45, 0x03, 0x30, 0x43, 0x37, 0x33, 0x03, 0x00,
    0x00, 0x33, 0x93, 0x33, 0x57, 0x39, 0x23, 0x31, 0x13, 0x32, 0x93, 0x75, 0x33, 0x39, 0x33, 0x00,
    0x30, 0x33, 0x49, 0x33, 0xa3, 0x34, 0x43, 0x13, 0x31, 0x34, 0x43, 0x3a, 0x33, 0x94, 0x33, 0x03,
    0x30, 0x43, 0x33, 0x33, 0xc7, 0x43, 0x33, 0x44, 0x44, 0x33, 0x34, 0x7c, 0x33, 0x33, 0x34, 0x03,
    0x30, 0x33, 0x33, 0x73, 0x2c, 0x33, 0x33, 0x43, 0x34, 0x33, 0x33, 0xc2, 0x37, 0x33, 0x33, 0x03,
    0x55, 0x77, 0xaa, 0xcc, 0xa7, 0x43, 0x33, 0x33, 0x33, 0x33, 0x34, 0x7a, 0xcc, 0xaa, 0x77, 0x55,
    0x00, 0x44, 0x72, 0xca, 0x27, 0x44, 0x44, 0xc9, 0x4c, 0x34, 0x33, 0x72, 0xac, 0x27, 0x44, 0x00,
    0x00, 0x52, 0xaa, 0x45, 0x42, 0x44, 0x44, 0x54, 0x45, 0x33, 0x33, 0x23, 0x54, 0xaa, 0x25, 0x00,
    0x00, 0x75, 0x54, 0x00, 0x33, 0x44, 0x44, 0x95, 0x54, 0x34, 0x33, 0x33, 0x00, 0x45, 0x57, 0x00,
    0x50, 0x47, 0x00, 0x00, 0x33, 0x44, 0x74, 0xe9, 0x44, 0x37, 0x34, 0x33, 0x00, 0x00, 0x74, 0x05,
    0x10, 0x02, 0x00, 0x00, 0x30, 0x43, 0xc9, 0xcb, 0x48, 0x4c, 0x33, 0x03, 0x00, 0x00, 0x20, 0x01,
    0x00, 0x00, 0x00, 0x00, 0x10, 0x33, 0x13, 0x44, 0x49, 0x31, 0x33, 0x01, 0x00, 0x00, 0x00, 0x00,
    0x00, 0x00, 0x00, 0x00, 0x20, 0x33, 0x33, 0x21, 0x12, 0x33, 0x33, 0x02, 0x00, 0x00, 0x00, 0x00,
    0x00, 0x00, 0x00, 0x00, 0x20, 0x14, 0x33, 0x33, 0x33, 0x33, 0x21, 0x02, 0x00, 0x00, 0x00, 0x00,
    0x00, 0x00, 0x00, 0x00, 0x10, 0x46, 0x31, 0x33, 0x33, 0x13, 0x42, 0x01, 0x00, 0x00, 0x00, 0x00,
    0x00, 0x00, 0x00, 0x00, 0x00, 0x62, 0x24, 0x33, 0x33, 0x22, 0x24, 0x00, 0x00, 0x00, 0x00, 0x00,
    0x00, 0x00, 0x00, 0x00, 0x00, 0x21, 0x22, 0x25, 0x22, 0x22, 0x12, 0x00, 0x00, 0x00, 0x00, 0x00,
    0x00, 0x00, 0x00, 0x00, 0x00, 0x10, 0x12, 0x24, 0x22, 0x21, 0x01, 0x00, 0x00, 0x00, 0x00, 0x00,
    0x00, 0x00, 0x00, 0x00, 0x00, 0x00, 0x00, 0x21, 0x12, 0x00, 0x00, 0x00, 0x00, 0x00, 0x00, 0x00,
};

static const uint8_t game_sprite_bpaka0[390] = {
    0x00, 0x00, 0x00, 0x46, 0x00, 0x00, 0x00, 0x00, 0x00, 0x46, 0x00, 0x00, 0x00, 0x00, 0x00, 0x60,
    0x77, 0x04, 0x00, 0x00, 0x00, 0x60, 0x77, 0x04, 0x00, 0x00, 0x00, 0x00, 0x40, 0x9a, 0x04, 0x00,
    0x00, 0x00, 0x40, 0x9a, 0x04, 0x00, 0x00, 0x00, 0x40, 0x44, 0x66, 0x43, 0x54, 0x55, 0x45, 0x34,
    0x66, 0x34, 0x04, 0x00, 0x00, 0x64, 0x64, 0x77, 0x74, 0x77, 0x77, 0x77, 0x47, 0x77, 0x34, 0x44,
    0x00, 0x00, 0x64, 0x64, 0x99, 0x66, 0x66, 0x66, 0x66, 0x66, 0x99, 0x34, 0x34, 0x00, 0x00, 0x64,
    0x44, 0x55, 0x64, 0x66, 0x66, 0x66, 0x46, 0x55, 0x34, 0x34, 0x00, 0x00, 0x64, 0x74, 0xaa, 0x77,
    0x77, 0x77, 0x77, 0x77, 0xaa, 0x37, 0x34, 0x00, 0x00, 0x44, 0x54, 0x44, 0x95, 0xaa, 0xaa, 0xaa,
    0x59, 0x44, 0x35, 0x34, 0x00, 0x00, 0x43, 0x14, 0x44, 0x61, 0x66, 0x66, 0x66, 0x16, 0x44, 0x31,
    0x13, 0x00, 0x00, 0x30, 0x44, 0x66, 0x43, 0x44, 0x44, 0x44, 0x34, 0x66, 0x34, 0x01, 0x00, 0x00,
    0x40, 0x33, 0x77, 0x31, 0x43, 0x44, 0x34, 0x33, 0x77, 0x11, 0x03, 0x00, 0x00, 0x40, 0x44, 0x99,
    0x43, 0x66, 0x66, 0x46, 0x44, 0x99, 0x43, 0x03, 0x00, 0x00, 0x40, 0x46, 0x9a, 0x74, 0x99, 0x99,
    0x67, 0x46, 0x9a, 0x44, 0x03, 0x00, 0x00, 0x40, 0x44, 0x9a, 0x43, 0x66, 0x66, 0x46, 0x44, 0x9a,
    0x43, 0x01, 0x00, 0x40, 0x67, 0x34, 0xaa, 0x41, 0x76, 0x77, 0x67, 0x34, 0xaa, 0x31, 0x44, 0x03,
    0x60, 0xa9, 0x46, 0x66, 0x96, 0xaa, 0xaa, 0xaa, 0x69, 0x66, 0x64, 0x99, 0x06, 0x40, 0x66, 0x67,
    0x44, 0x67, 0x66, 0x44, 0x66, 0x76, 0x44, 0x76, 0x66, 0x04, 0x74, 0x65, 0x67, 0x44, 0x67, 0x56,
    0x77, 0x65, 0x76, 0x44, 0x76, 0x56, 0x47, 0x33, 0x7a, 0x46, 0x33, 0x76, 0xa7, 0x33, 0x7a, 0x67,
    0x33, 0x64, 0xa7, 0x13, 0xc7, 0x65, 0x44, 0x33, 0x44, 0x56, 0xcc, 0x65, 0x44, 0x33, 0x43, 0x54,
    0x7a, 0x54, 0x74, 0x44, 0x33, 0x74, 0x47, 0x55, 0x74, 0x47, 0x33, 0x44, 0x46, 0x45, 0x44, 0x76,
    0x44, 0x33, 0x74, 0x67, 0x44, 0x76, 0x47, 0x33, 0x44, 0x46, 0x33, 0x44, 0x76, 0x44, 0x33, 0x74,
    0x67, 0x44, 0x76, 0x47, 0x33, 0x44, 0x46, 0x33, 0x44, 0x76, 0x44, 0x33, 0x74, 0x67, 0x44, 0x76,
    0x47, 0x33, 0x44, 0x46, 0x33, 0x43, 0x76, 0x44, 0x33, 0x64, 0x77, 0x44, 0x77, 0x46, 0x33, 0x44,
    0x46, 0x13, 0x30, 0x44, 0x44, 0x33, 0x44, 0x66, 0x33, 0x66, 0x44, 0x33, 0x43, 0x44, 0x03, 0x10,
    0x43, 0x34, 0x11, 0x31, 0x43, 0x33, 0x34, 0x13, 0x11, 0x43, 0x34, 0x01, 0x00, 0x31, 0x13, 0x11,
    0x43, 0x44, 0x44, 0x44, 0x34, 0x11, 0x31, 0x13, 0x00, 0x00, 0x00, 0x00, 0x11, 0x31, 0x43, 0x44,
    0x34, 0x13, 0x11, 0x00, 0x00, 0x00,
};

static const uint8_t game_sprite_pinva0[313] = {
    0x00, 0x00, 0x00, 0x00, 0x30, 0x33, 0x33, 0x22, 0x00, 0x00, 0x00, 0x00, 0x00, 0x00, 0x00, 0x00,
    0x33, 0x44, 0x55, 0x45, 0x34, 0x03, 0x00, 0x00, 0x00, 0x00, 0x00, 0x30, 0x64, 0x76, 0x66, 0x65,
    0x56, 0x44, 0x34, 0x00, 0x00, 0x00, 0x00, 0x40, 0x75, 0x88, 0x77, 0x24, 0x65, 0x66, 0x45, 0x44,
    0x00, 0x00, 0x00, 0x40, 0x75, 0xb8, 0x78, 0x37, 0x42, 0x77, 0x67, 0x45, 0x44, 0x00, 0x00, 0x40,
    0x65, 0xb8, 0x8b, 0x67, 0x42, 0x73, 0x77, 0x67, 0x45, 0x44, 0x00, 0x00, 0x54, 0xa7, 0xab, 0x77,
    0x35, 0x47, 0x74, 0x77, 0x76, 0x56, 0x04, 0x00, 0x54, 0x76, 0xca, 0x79, 0x47, 0x74, 0x34, 0x56,
    0x44, 0x74, 0x56, 0x04, 0x40, 0x65, 0x87, 0x58, 0x44, 0x32, 0x44, 0x42, 0x46, 0x42, 0x67, 0x45,
    0x40, 0x55, 0x46, 0x43, 0x44, 0x24, 0x66, 0x57, 0x64, 0x54, 0x88, 0x67, 0x25, 0x54, 0x76, 0x46,
    0x43, 0x47, 0x74, 0x77, 0x36, 0x43, 0xaa, 0x79, 0x56, 0x44, 0x65, 0x77, 0x77, 0x23, 0x52, 0x77,
    0x67, 0x32, 0x98, 0xab, 0x78, 0x45, 0x54, 0x76, 0x77, 0x77, 0x13, 0x74, 0x67, 0x23, 0x84, 0xb9,
    0x8a, 0x67, 0x44, 0x75, 0x67, 0x77, 0x47, 0x23, 0x53, 0x43, 0x46, 0x97, 0xaa, 0x78, 0x46, 0x54,
    0x76, 0x67, 0x76, 0x54, 0x26, 0x21, 0x76, 0x56, 0xa8, 0x99, 0x57, 0x44, 0x64, 0x77, 0x66, 0x34,
    0x66, 0x33, 0x43, 0x76, 0x74, 0xa9, 0x78, 0x44, 0x40, 0x76, 0x77, 0x46, 0x44, 0x33, 0x67, 0x34,
    0x56, 0x85, 0x8a, 0x46, 0x00, 0x54, 0x77, 0x77, 0x34, 0x43, 0x87, 0x78, 0x46, 0x34, 0x98, 0x57,
    0x04, 0x00, 0x64, 0x77, 0x36, 0x42, 0x98, 0x89, 0x89, 0x47, 0x42, 0x67, 0x04, 0x00, 0x40, 0x64,
    0x57, 0x42, 0x98, 0x89, 0x99, 0x99, 0x58, 0x64, 0x44, 0x00, 0x00, 0x40, 0x65, 0x44, 0x98, 0x98,
    0xa9, 0x99, 0x89, 0x78, 0x45, 0x00, 0x00, 0x00, 0x40, 0x64, 0x87, 0x98, 0x88, 0x89, 0x88, 0x67,
    0x45, 0x00, 0x00, 0x00, 0x00, 0x30, 0x54, 0x65, 0x87, 0x88, 0x77, 0x46, 0x44, 0x00, 0x00, 0x00,
    0x00, 0x00, 0x00, 0x33, 0x44, 0x54, 0x55, 0x44, 0x04, 0x00, 0x00, 0x00, 0x00, 0x00, 0x00, 0x00,
    0x30, 0x33, 0x33, 0x23, 0x00, 0x00, 0x00, 0x00, 0x00,
};

static const uint8_t game_sprite_pstra0[304] = {
    0x00, 0x00, 0x30, 0x54, 0x56, 0x00, 0x00, 0x00, 0x00, 0x80, 0x54, 0x57, 0x06, 0x00, 0x00, 0x00,
    0x00, 0x30, 0x74, 0x65, 0x25, 0x33, 0x33, 0x34, 0x23, 0x54, 0x67, 0x65, 0x98, 0x09, 0x00, 0x00,
    0x00, 0x43, 0x55, 0x55, 0x44, 0x44, 0x44, 0x44, 0x33, 0x73, 0x25, 0x53, 0x86, 0xda, 0x00, 0x00,
    0x30, 0x54, 0x65, 0x47, 0x43, 0x33, 0x34, 0x54, 0x4b, 0x85, 0x35, 0x75, 0x68, 0xa8, 0x0b, 0x00,
    0x40, 0x48, 0x87, 0x45, 0x64, 0x49, 0x46, 0x53, 0x54, 0x67, 0x34, 0x85, 0x8a, 0x64, 0x68, 0x00,
    0x54, 0x55, 0x58, 0x33, 0x44, 0x34, 0x34, 0x54, 0x65, 0x58, 0x43, 0x85, 0xaa, 0x68, 0x67, 0x04,
    0x54, 0x75, 0x8b, 0x35, 0x6a, 0x56, 0x4a, 0x54, 0xa5, 0x48, 0x53, 0x86, 0x99, 0x74, 0x67, 0x05,
    0x65, 0xc5, 0x58, 0x44, 0x55, 0x55, 0x44, 0x55, 0xc6, 0x36, 0x44, 0x66, 0x78, 0x64, 0x46, 0x45,
    0x54, 0xa5, 0x46, 0x34, 0x44, 0x44, 0x43, 0x54, 0xa5, 0x34, 0x44, 0x65, 0xa9, 0x36, 0x54, 0x67,
    0xa4, 0x84, 0x35, 0x43, 0x45, 0x46, 0x49, 0xd4, 0x85, 0x32, 0x44, 0x45, 0x43, 0x79, 0x68, 0x43,
    0x42, 0x73, 0x26, 0x33, 0x44, 0x34, 0x44, 0x43, 0x73, 0x24, 0x54, 0x37, 0x39, 0x54, 0x37, 0x74,
    0x32, 0x54, 0x58, 0x34, 0x47, 0x34, 0x37, 0x32, 0x54, 0x24, 0x43, 0x86, 0x39, 0x64, 0x58, 0x04,
    0x21, 0x42, 0x46, 0x32, 0x33, 0x33, 0x33, 0x21, 0x42, 0x36, 0x32, 0x44, 0x75, 0x78, 0x88, 0x07,
    0x21, 0x22, 0x45, 0x43, 0x49, 0x46, 0x44, 0x22, 0x32, 0x45, 0x22, 0x43, 0x43, 0x55, 0x87, 0x06,
    0x20, 0x22, 0x54, 0x34, 0x34, 0x34, 0x33, 0x22, 0x23, 0x54, 0x32, 0x32, 0x54, 0x44, 0x43, 0x03,
    0x10, 0x14, 0x52, 0x32, 0x23, 0x33, 0x23, 0x13, 0x25, 0x53, 0x23, 0x43, 0x54, 0x87, 0x34, 0x05,
    0x00, 0x11, 0x41, 0x24, 0x22, 0x22, 0x22, 0x12, 0x11, 0x42, 0x24, 0x32, 0x44, 0x75, 0x45, 0x04,
    0x00, 0x10, 0x11, 0x42, 0x22, 0x32, 0x42, 0x23, 0x12, 0x11, 0x42, 0x24, 0x23, 0x55, 0x47, 0x00,
    0x00, 0x00, 0x30, 0x22, 0x24, 0x00, 0x00, 0x00, 0x00, 0x43, 0x22, 0x42, 0x04, 0x00, 0x00, 0x00,
};

static const uint8_t game_sprite_suita0[504] = {
    0x00, 0x00, 0x00, 0xa0, 0x79, 0x76, 0xa8, 0x00, 0x00, 0x00, 0x00, 0x00, 0x00, 0x65, 0x45, 0x34,
    0x44, 0x65, 0x05, 0x00, 0x00, 0x00, 0x00, 0x4d, 0x23, 0x24, 0x23, 0x23, 0x43, 0x0d, 0x00, 0x00,
    0x00, 0x90, 0x2e, 0x22, 0x22, 0x22, 0x22, 0x9e, 0x00, 0x00, 0x00, 0x00, 0xd6, 0x2e, 0x22, 0x12,
    0x22, 0xbe, 0x07, 0x00, 0x00, 0x00, 0x00, 0xb9, 0xde, 0x22, 0xe2, 0xad, 0x09, 0x00, 0x00, 0x00,
    0x90, 0x6b, 0x58, 0x96, 0x9c, 0x46, 0x68, 0x6b, 0x00, 0x00, 0x90, 0x8d, 0x68, 0x75, 0xda, 0x8a,
    0x44, 0x6a, 0x9d, 0x00, 0x00, 0xba, 0xae, 0x64, 0xb8, 0xce, 0x57, 0x94, 0xbe, 0x0a, 0x00, 0x6b,
    0xa9, 0x36, 0x42, 0xdb, 0x8b, 0x45, 0xa6, 0x59, 0x0b, 0xb0, 0x6d, 0xc6, 0x64, 0xa7, 0xac, 0x52,
    0x93, 0x56, 0xbc, 0x50, 0xca, 0x4d, 0x3a, 0x42, 0xb9, 0x79, 0x44, 0x47, 0xba, 0x58, 0x86, 0xa8,
    0x68, 0x54, 0x86, 0x8a, 0x45, 0x53, 0xa8, 0xa8, 0x76, 0xcb, 0x58, 0x25, 0x32, 0x54, 0x34, 0x22,
    0x64, 0xc8, 0x6a, 0x75, 0x98, 0x27, 0x54, 0xb8, 0x9d, 0x45, 0x22, 0x98, 0x78, 0x75, 0xba, 0x45,
    0x22, 0x22, 0x43, 0x23, 0x22, 0x52, 0xb6, 0x69, 0x65, 0x76, 0x45, 0x43, 0xa7, 0x9d, 0x35, 0x42,
    0x75, 0x66, 0x65, 0xa9, 0x35, 0x24, 0x32, 0x53, 0x33, 0x22, 0x34, 0x95, 0x68, 0x52, 0x36, 0x52,
    0x53, 0xa8, 0x9c, 0x45, 0x52, 0x32, 0x46, 0x22, 0x74, 0x46, 0x26, 0x43, 0x54, 0x34, 0x22, 0x46,
    0x76, 0x24, 0x42, 0x46, 0x52, 0x22, 0x32, 0x34, 0x22, 0x52, 0x42, 0x45, 0x32, 0x34, 0x12, 0x34,
    0x64, 0xba, 0x59, 0x23, 0x14, 0x53, 0x13, 0x21, 0x45, 0x52, 0x32, 0x54, 0x56, 0x23, 0x52, 0x22,
    0x23, 0x42, 0xa7, 0x48, 0x88, 0x22, 0x44, 0x23, 0x52, 0x48, 0xa8, 0x47, 0x53, 0x46, 0xb3, 0x89,
    0x22, 0x22, 0x52, 0x98, 0x43, 0x56, 0x23, 0x32, 0x45, 0xa8, 0x58, 0x22, 0x42, 0x98, 0x47, 0x35,
    0x22, 0x54, 0x27, 0xb4, 0x69, 0x35, 0x42, 0x68, 0x65, 0x24, 0x57, 0x14, 0x97, 0x52, 0xa9, 0x68,
    0x24, 0x86, 0xa9, 0x49, 0x92, 0x17, 0x22, 0x43, 0xc7, 0x79, 0x55, 0x62, 0xa9, 0x78, 0x45, 0x23,
    0x02, 0x22, 0x65, 0x9a, 0x79, 0x25, 0x85, 0xba, 0x6a, 0x25, 0x02, 0x00, 0x00, 0x32, 0x32, 0x22,
    0x20, 0x32, 0x32, 0x02, 0x00, 0x00, 0x00, 0x20, 0x75, 0x56, 0x02, 0x52, 0x76, 0x25, 0x00, 0x00,
    0x00, 0x00, 0x42, 0x44, 0x22, 0x20, 0x42, 0x43, 0x02, 0x00, 0x00, 0x00, 0x10, 0x75, 0x46, 0x02,
    0x42, 0x75, 0x15, 0x00, 0x00, 0x00, 0x00, 0x22, 0x22, 0x22, 0x20, 0x22, 0x22, 0x01, 0x00, 0x00,
    0x00, 0x20, 0x85, 0x5a, 0x02, 0x42, 0x36, 0x22, 0x00, 0x00, 0x00, 0x00, 0x42, 0x42, 0x23, 0x20,
    0x33, 0x42, 0x02, 0x00, 0x00, 0x00, 0x20, 0x56, 0x24, 0x02, 0x25, 0x24, 0x24, 0x00, 0x00, 0x00,
    0x00, 0x61, 0x98, 0x24, 0x50, 0x64, 0x44, 0x01, 0x00, 0x00, 0x00, 0x20, 0x69, 0x25, 0x02, 0x25,
    0x26, 0xcb, 0xbc, 0x00, 0x00, 0x00, 0x62, 0x69, 0x24, 0x60, 0x24, 0xc9, 0xcd, 0x9a, 0x00, 0x00,
    0x20, 0x15, 0x21, 0x04, 0x22, 0x88, 0xba, 0xab, 0x88, 0x00, 0x00, 0x10, 0x55, 0x02, 0x40, 0x45,
    0x24, 0x22, 0x42, 0x04, 0x00, 0x00, 0x65, 0x12, 0x00, 0x24, 0x22, 0x88, 0x27, 0x22, 0x00, 0x00,
    0x93, 0x26, 0x02, 0x40, 0x51, 0x72, 0x57, 0x22, 0x04, 0x00, 0x54, 0x44, 0x22, 0x00, 0x23, 0x22,
    0x42, 0x22, 0x22, 0x00, 0x50, 0x5b, 0x24, 0x02, 0x30, 0x42, 0x26, 0x22, 0x52, 0x02, 0x00, 0x00,
    0x00, 0x00, 0x00, 0x00, 0x50, 0xd9, 0x8a, 0x04,
};

static const GameSpriteAsset game_sprites[GAME_SPRITE_COUNT] = {
    {32u, 44u, 41u, 57u, 22, 53, game_sprite_possa1},
    {32u, 44u, 41u, 57u, 21, 53, game_sprite_possb1},
    {32u, 43u, 42u, 57u, 21, 53, game_sprite_possc1},
    {32u, 43u, 42u, 57u, 21, 53, game_sprite_possd1},
    {22u, 48u, 26u, 56u, 17, 52, game_sprite_posse1},
    {23u, 48u, 27u, 56u, 18, 52, game_sprite_possf1},
    {32u, 45u, 39u, 55u, 19, 51, game_sprite_possg1},
    {32u, 37u, 47u, 55u, 26, 51, game_sprite_possh0},
    {32u, 35u, 38u, 42u, 19, 38, game_sprite_possi0},
    {32u, 24u, 44u, 34u, 22, 30, game_sprite_possj0},
    {32u, 18u, 48u, 27u, 24, 23, game_sprite_possk0},
    {32u, 12u, 50u, 19u, 25, 15, game_sprite_possl0},
    {30u, 48u, 35u, 55u, 17, 50, game_sprite_sposa1},
    {30u, 48u, 35u, 55u, 17, 50, game_sprite_sposb1},
    {27u, 48u, 32u, 56u, 16, 51, game_sprite_sposc1},
    {29u, 48u, 34u, 56u, 17, 51, game_sprite_sposd1},
    {20u, 48u, 24u, 56u, 9, 51, game_sprite_spose1},
    {22u, 48u, 26u, 56u, 11, 51, game_sprite_sposf1},
    {27u, 48u, 32u, 55u, 16, 50, game_sprite_sposg1},
    {26u, 48u, 33u, 60u, 16, 55, game_sprite_sposh0},
    {31u, 48u, 35u, 53u, 17, 48, game_sprite_sposi0},
    {32u, 29u, 42u, 39u, 21, 34, game_sprite_sposj0},
    {32u, 24u, 45u, 34u, 22, 29, game_sprite_sposk0},
    {32u, 12u, 52u, 20u, 26, 20, game_sprite_sposl0},
    {32u, 40u, 48u, 60u, 23, 56, game_sprite_trooa1},
    {32u, 39u, 50u, 62u, 24, 58, game_sprite_troob1},
    {32u, 40u, 48u, 60u, 25, 56, game_sprite_trooc1},
    {32u, 39u, 50u, 62u, 25, 58, game_sprite_trood1},
    {22u, 48u, 29u, 62u, 14, 58, game_sprite_trooe1},
    {32u, 36u, 54u, 61u, 27, 57, game_sprite_troof1},
    {32u, 28u, 71u, 64u, 37, 60, game_sprite_troog1},
    {32u, 41u, 49u, 63u, 26, 59, game_sprite_trooh1},
    {32u, 41u, 49u, 63u, 26, 59, game_sprite_trooi0},
    {32u, 36u, 54u, 62u, 23, 58, game_sprite_trooj0},
    {32u, 38u, 45u, 54u, 23, 50, game_sprite_trook0},
    {32u, 32u, 42u, 43u, 21, 39, game_sprite_trool0},
    {32u, 14u, 57u, 26u, 29, 22, game_sprite_troom0},
    {30u, 48u, 38u, 59u, 17, 55, game_sprite_sarga1},
    {27u, 48u, 34u, 59u, 17, 56, game_sprite_sargb1},
    {30u, 48u, 38u, 59u, 18, 55, game_sprite_sargc1},
    {30u, 48u, 38u, 59u, 17, 55, game_sprite_sargd1},
    {30u, 48u, 38u, 60u, 20, 54, game_sprite_sarge1},
    {30u, 48u, 38u, 60u, 18, 55, game_sprite_sargf1},
    {27u, 48u, 34u, 60u, 15, 57, game_sprite_sargg1},
    {31u, 48u, 33u, 50u, 15, 47, game_sprite_sargh1},
    {30u, 48u, 38u, 59u, 17, 55, game_sprite_sargi0},
    {32u, 48u, 40u, 60u, 19, 56, game_sprite_sargj0},
    {32u, 39u, 43u, 53u, 20, 50, game_sprite_sargk0},
    {32u, 29u, 43u, 40u, 20, 35, game_sprite_sargl0},
    {32u, 20u, 48u, 30u, 22, 26, game_sprite_sargm0},
    {32u, 18u, 49u, 29u, 22, 24, game_sprite_sargn0},
    {14u, 21u, 14u, 21u, 7, 19, game_sprite_bkeya0},
    {14u, 21u, 14u, 21u, 8, 19, game_sprite_ykeya0},
    {14u, 21u, 14u, 21u, 8, 19, game_sprite_rkeya0},
    {7u, 12u, 7u, 12u, 4, 12, game_sprite_clipa0},
    {17u, 16u, 17u, 16u, 8, 16, game_sprite_ammoa0},
    {14u, 10u, 14u, 10u, 7, 9, game_sprite_shela0},
    {32u, 12u, 34u, 13u, 17, 12, game_sprite_sboxa0},
    {19u, 10u, 19u, 10u, 10, 10, game_sprite_stima0},
    {29u, 20u, 29u, 20u, 14, 20, game_sprite_media0},
    {11u, 15u, 11u, 15u, 5, 15, game_sprite_bon1a0},
    {13u, 19u, 13u, 19u, 6, 19, game_sprite_bon2a0},
    {32u, 24u, 37u, 28u, 18, 28, game_sprite_arm1a0},
    {25u, 25u, 25u, 25u, 12, 39, game_sprite_soula0},
    {32u, 21u, 37u, 25u, 18, 24, game_sprite_arm2a0},
    {26u, 30u, 26u, 30u, 13, 30, game_sprite_bpaka0},
    {25u, 25u, 25u, 25u, 12, 25, game_sprite_pinva0},
    {32u, 19u, 32u, 19u, 16, 18, game_sprite_pstra0},
    {21u, 48u, 23u, 52u, 11, 52, game_sprite_suita0},
};

static const GameSpriteSequence game_sprite_sequences[4] = {
    {3004u, {4u, 3u, 1u, 5u}, {{0u, 1u, 2u, 3u}, {4u, 5u, 4u}, {6u}, {7u, 8u, 9u, 10u, 11u}}},
    {9u, {4u, 3u, 1u, 5u}, {{12u, 13u, 14u, 15u}, {16u, 17u, 16u}, {18u}, {19u, 20u, 21u, 22u, 23u}}},
    {3001u, {4u, 3u, 1u, 5u}, {{24u, 25u, 26u, 27u}, {28u, 29u, 30u}, {31u}, {32u, 33u, 34u, 35u, 36u}}},
    {3002u, {4u, 3u, 1u, 6u}, {{37u, 38u, 39u, 40u}, {41u, 42u, 43u}, {44u}, {45u, 46u, 47u, 48u, 49u, 50u}}},
};

static const uint16_t game_key_types[3] = {5u, 6u, 13u};
static const uint8_t game_key_sprites[3] = {51u, 52u, 53u};

typedef struct { uint16_t thing_type; uint8_t sprite; } GameStaticSprite;
#define GAME_STATIC_SPRITE_COUNT 18u
static const GameStaticSprite game_static_sprites[GAME_STATIC_SPRITE_COUNT] = {
    {5u, 51u},
    {6u, 52u},
    {8u, 65u},
    {13u, 53u},
    {2007u, 54u},
    {2008u, 56u},
    {2011u, 58u},
    {2012u, 59u},
    {2013u, 63u},
    {2014u, 60u},
    {2015u, 61u},
    {2018u, 62u},
    {2019u, 64u},
    {2022u, 66u},
    {2023u, 67u},
    {2025u, 68u},
    {2048u, 55u},
    {2049u, 57u},
};
